Id,MSSubClass,LotFrontage,LotArea,OverallQual,OverallCond,YearBuilt,YearRemodAdd,MasVnrArea,BsmtFinSF1,BsmtFinSF2,BsmtUnfSF,TotalBsmtSF,1stFlrSF,2ndFlrSF,LowQualFinSF,GrLivArea,BsmtFullBath,BsmtHalfBath,FullBath,HalfBath,BedroomAbvGr,KitchenAbvGr,TotRmsAbvGrd,Fireplaces,GarageYrBlt,GarageCars,GarageArea,WoodDeckSF,OpenPorchSF,EnclosedPorch,3SsnPorch,ScreenPorch,PoolArea,MiscVal,MoSold,YrSold,SalePrice,MSZoning_FV,MSZoning_RH,MSZoning_RL,MSZoning_RM,Street_Pave,Alley_None,Alley_Pave,LotShape_IR2,LotShape_IR3,LotShape_Reg,LandContour_HLS,LandContour_Low,LandContour_Lvl,Utilities_NoSeWa,LotConfig_CulDSac,LotConfig_FR2,LotConfig_FR3,LotConfig_Inside,LandSlope_Mod,LandSlope_Sev,Neighborhood_Blueste,Neighborhood_BrDale,Neighborhood_BrkSide,Neighborhood_ClearCr,Neighborhood_CollgCr,Neighborhood_Crawfor,Neighborhood_Edwards,Neighborhood_Gilbert,Neighborhood_IDOTRR,Neighborhood_MeadowV,Neighborhood_Mitchel,Neighborhood_NAmes,Neighborhood_NPkVill,Neighborhood_NWAmes,Neighborhood_NoRidge,Neighborhood_NridgHt,Neighborhood_OldTown,Neighborhood_SWISU,Neighborhood_Sawyer,Neighborhood_SawyerW,Neighborhood_Somerst,Neighborhood_StoneBr,Neighborhood_Timber,Neighborhood_Veenker,Condition1_Feedr,Condition1_Norm,Condition1_PosA,Condition1_PosN,Condition1_RRAe,Condition1_RRAn,Condition1_RRNe,Condition1_RRNn,Condition2_Feedr,Condition2_Norm,Condition2_PosA,Condition2_PosN,Condition2_RRAe,Condition2_RRAn,Condition2_RRNn,BldgType_2fmCon,BldgType_Duplex,BldgType_Twnhs,BldgType_TwnhsE,HouseStyle_1.5Unf,HouseStyle_1Story,HouseStyle_2.5Fin,HouseStyle_2.5Unf,HouseStyle_2Story,HouseStyle_SFoyer,HouseStyle_SLvl,RoofStyle_Gable,RoofStyle_Gambrel,RoofStyle_Hip,RoofStyle_Mansard,RoofStyle_Shed,RoofMatl_CompShg,RoofMatl_Membran,RoofMatl_Metal,RoofMatl_Roll,RoofMatl_Tar&Grv,RoofMatl_WdShake,RoofMatl_WdShngl,Exterior1st_AsphShn,Exterior1st_BrkComm,Exterior1st_BrkFace,Exterior1st_CBlock,Exterior1st_CemntBd,Exterior1st_HdBoard,Exterior1st_ImStucc,Exterior1st_MetalSd,Exterior1st_Plywood,Exterior1st_Stone,Exterior1st_Stucco,Exterior1st_VinylSd,Exterior1st_Wd Sdng,Exterior1st_WdShing,Exterior2nd_AsphShn,Exterior2nd_Brk Cmn,Exterior2nd_BrkFace,Exterior2nd_CBlock,Exterior2nd_CmentBd,Exterior2nd_HdBoard,Exterior2nd_ImStucc,Exterior2nd_MetalSd,Exterior2nd_Other,Exterior2nd_Plywood,Exterior2nd_Stone,Exterior2nd_Stucco,Exterior2nd_VinylSd,Exterior2nd_Wd Sdng,Exterior2nd_Wd Shng,MasVnrType_BrkFace,MasVnrType_None,MasVnrType_Stone,ExterQual_Fa,ExterQual_Gd,ExterQual_TA,ExterCond_Fa,ExterCond_Gd,ExterCond_Po,ExterCond_TA,Foundation_CBlock,Foundation_PConc,Foundation_Slab,Foundation_Stone,Foundation_Wood,BsmtQual_Fa,BsmtQual_Gd,BsmtQual_None,BsmtQual_TA,BsmtCond_Gd,BsmtCond_None,BsmtCond_Po,BsmtCond_TA,BsmtExposure_Gd,BsmtExposure_Mn,BsmtExposure_No,BsmtExposure_None,BsmtFinType1_BLQ,BsmtFinType1_GLQ,BsmtFinType1_LwQ,BsmtFinType1_None,BsmtFinType1_Rec,BsmtFinType1_Unf,BsmtFinType2_BLQ,BsmtFinType2_GLQ,BsmtFinType2_LwQ,BsmtFinType2_None,BsmtFinType2_Rec,BsmtFinType2_Unf,Heating_GasA,Heating_GasW,Heating_Grav,Heating_OthW,Heating_Wall,HeatingQC_Fa,HeatingQC_Gd,HeatingQC_Po,HeatingQC_TA,CentralAir_Y,Electrical_FuseF,Electrical_FuseP,Electrical_Mix,Electrical_None,Electrical_SBrkr,KitchenQual_Fa,KitchenQual_Gd,KitchenQual_TA,Functional_Maj2,Functional_Min1,Functional_Min2,Functional_Mod,Functional_Sev,Functional_Typ,FireplaceQu_Fa,FireplaceQu_Gd,FireplaceQu_None,FireplaceQu_Po,FireplaceQu_TA,GarageType_Attchd,GarageType_Basment,GarageType_BuiltIn,GarageType_CarPort,GarageType_Detchd,GarageType_None,GarageFinish_None,GarageFinish_RFn,GarageFinish_Unf,GarageQual_Fa,GarageQual_Gd,GarageQual_None,GarageQual_Po,GarageQual_TA,GarageCond_Fa,GarageCond_Gd,GarageCond_None,GarageCond_Po,GarageCond_TA,PavedDrive_P,PavedDrive_Y,PoolQC_Fa,PoolQC_Gd,PoolQC_None,Fence_GdWo,Fence_MnPrv,Fence_MnWw,Fence_None,MiscFeature_None,MiscFeature_Othr,MiscFeature_Shed,MiscFeature_TenC,SaleType_CWD,SaleType_Con,SaleType_ConLD,SaleType_ConLI,SaleType_ConLw,SaleType_New,SaleType_Oth,SaleType_WD,SaleCondition_AdjLand,SaleCondition_Alloca,SaleCondition_Family,SaleCondition_Normal,SaleCondition_Partial,LivArea_Qual,TotalArea,House_Age,Garage_Efficiency,Quality_Index,HouseAge,Age_Bin_Recent,Age_Bin_MidAge,Age_Bin_Old,Age_Bin_VeryOld,LivArea_Bin_Medium,LivArea_Bin_High,LivArea_Bin_VeryHigh,LotArea_Bin_Medium,LotArea_Bin_Large,LotArea_Bin_VeryLarge
0.0,0.39999999999999997,0.3723404255319148,0.40979284369114877,0.625,0.33333333333333326,0.9393939393939412,0.8833333333333329,0.46335697399527187,0.436071649166152,0.0,0.08777062609713283,0.3309941520467837,0.26760563380281693,0.6330615270570793,0.0,0.5955056179775281,0.5,0.0,0.5,1.0,0.6666666666666667,0.0,0.7142857142857142,0.0,0.9270833333333321,0.5,0.5159574468085106,0.0,0.3765432098765432,0.0,0.0,0.0,0.0,0.0,0.09090909090909091,0.5,0.5120689655172413,False,False,True,False,True,True,False,False,False,True,False,False,True,False,False,False,False,True,False,False,False,False,False,False,True,False,False,False,False,False,False,False,False,False,False,False,False,False,False,False,False,False,False,False,False,True,False,False,False,False,False,False,False,True,False,False,False,False,False,False,False,False,False,False,False,False,False,True,False,False,True,False,False,False,False,True,False,False,False,False,False,False,False,False,False,False,False,False,False,False,False,False,False,True,False,False,False,False,False,False,False,False,False,False,False,False,False,False,True,False,False,True,False,False,False,True,False,False,False,False,True,False,True,False,False,False,False,True,False,False,False,False,False,True,False,False,True,False,False,True,False,False,False,False,False,False,False,False,False,True,True,False,False,False,False,False,False,False,False,True,False,False,False,False,True,False,True,False,False,False,False,False,False,True,False,False,True,False,False,True,False,False,False,False,False,False,True,False,False,False,False,False,True,False,False,False,False,True,False,True,False,False,True,False,False,False,True,True,False,False,False,False,False,False,False,False,False,False,True,False,False,False,True,False,0.37219101123595505,0.5985997858496006,-0.056060606060608364,0.2579787234042553,0.2083333333333333,2025.060606060606,False,False,False,False,False,False,True,True,False,False
0.001374570446735395,0.39999999999999997,0.4042553191489361,0.6207156308851224,0.625,0.33333333333333326,0.9191919191919204,0.8666666666666671,0.3829787234042553,0.30018529956763434,0.0,0.253949678174371,0.3684210526315789,0.30857874519846346,0.6419570051890289,0.0,0.6310861423220974,0.5,0.0,0.5,1.0,0.6666666666666667,0.0,0.42857142857142855,0.5,0.90625,0.5,0.5957446808510638,0.0,0.25925925925925924,0.0,0.0,0.0,0.0,0.0,0.7272727272727273,0.5,0.5637931034482758,False,False,True,False,True,True,False,False,False,False,False,False,True,False,False,False,False,True,False,False,False,False,False,False,True,False,False,False,False,False,False,False,False,False,False,False,False,False,False,False,False,False,False,False,False,True,False,False,False,False,False,False,False,True,False,False,False,False,False,False,False,False,False,False,False,False,False,True,False,False,True,False,False,False,False,True,False,False,False,False,False,False,False,False,False,False,False,False,False,False,False,False,False,True,False,False,False,False,False,False,False,False,False,False,False,False,False,False,True,False,False,True,False,False,False,True,False,False,False,False,True,False,True,False,False,False,False,True,False,False,False,False,False,True,False,True,False,False,False,True,False,False,False,False,False,False,False,False,False,True,True,False,False,False,False,False,False,False,False,True,False,False,False,False,True,False,True,False,False,False,False,False,False,True,False,False,False,False,True,True,False,False,False,False,False,False,True,False,False,False,False,False,True,False,False,False,False,True,False,True,False,False,True,False,False,False,True,True,False,False,False,False,False,False,False,False,False,False,True,False,False,False,True,False,0.39442883895131087,0.6769997978300424,-0.05252525252525331,0.2978723404255319,0.2083333333333333,2025.080808080808,False,False,False,False,False,False,True,False,False,True
0.0027491408934707906,0.39999999999999997,0.5744680851063829,0.8474576271186441,0.75,0.33333333333333326,0.9090909090909101,0.8333333333333357,0.8274231678486997,0.4045707226683138,0.0,0.28671737858396723,0.5,0.4526248399487836,0.7805782060785766,0.0,0.8239700374531834,0.5,0.0,0.5,1.0,1.0,0.0,0.857142857142857,0.5,0.8958333333333321,1.0,0.898936170212766,0.4752475247524752,0.5185185185185185,0.0,0.0,0.0,0.0,0.0,0.9999999999999999,0.5,0.6551724137931034,False,False,True,False,True,True,False,False,False,False,False,False,True,False,False,True,False,False,False,False,False,False,False,False,False,False,False,False,False,False,False,False,False,False,True,False,False,False,False,False,False,False,False,False,False,True,False,False,False,False,False,False,False,True,False,False,False,False,False,False,False,False,False,False,False,False,False,True,False,False,True,False,False,False,False,True,False,False,False,False,False,False,False,False,False,False,False,False,False,False,False,False,False,True,False,False,False,False,False,False,False,False,False,False,False,False,False,False,True,False,False,True,False,False,False,True,False,False,False,False,True,False,True,False,False,False,False,True,False,False,False,False,False,True,False,False,False,False,False,True,False,False,False,False,False,False,False,False,False,True,True,False,False,False,False,False,False,False,False,True,False,False,False,False,True,False,True,False,False,False,False,False,False,True,False,False,False,False,True,True,False,False,False,False,False,False,True,False,False,False,False,False,True,False,False,False,False,True,False,True,False,False,True,False,False,False,True,True,False,False,False,False,False,False,False,False,False,False,True,False,False,False,True,False,0.6179775280898876,0.9526248399487836,-0.07575757575757436,0.898936170212766,0.24999999999999994,2025.090909090909,False,False,False,False,False,False,True,False,False,True
0.004123711340206186,0.0,0.4787234042553191,0.5328813559322034,0.75,0.33333333333333326,0.9494949494949516,0.9166666666666643,0.43971631205673756,0.8455836936380482,0.0,0.18548858981860739,0.816374269005848,0.8040973111395646,0.0,0.0,0.5880149812734082,0.5,0.0,0.5,0.0,0.6666666666666667,0.0,0.5714285714285714,0.5,0.9375,0.5,0.6329787234042553,0.6311881188118812,0.35185185185185186,0.0,0.0,0.0,0.0,0.0,0.6363636363636364,0.25,0.8517241379310345,False,False,True,False,True,True,False,False,False,True,False,False,True,False,False,False,False,True,False,False,False,False,False,False,False,False,False,False,False,False,False,False,False,False,False,False,False,False,False,False,True,False,False,False,False,True,False,False,False,False,False,False,False,True,False,False,False,False,False,False,False,False,False,False,True,False,False,False,False,False,True,False,False,False,False,True,False,False,False,False,False,False,False,False,False,False,False,False,False,False,False,False,False,True,False,False,False,False,False,False,False,False,False,False,False,False,False,False,True,False,False,False,False,True,False,True,False,False,False,False,True,False,True,False,False,False,False,False,False,False,False,False,False,True,False,False,False,False,False,True,False,False,False,False,False,False,False,False,False,True,True,False,False,False,False,False,False,False,False,True,False,False,False,False,True,False,True,False,False,False,False,False,False,True,False,True,False,False,False,True,False,False,False,False,False,False,True,False,False,False,False,False,True,False,False,False,False,True,False,True,False,False,True,False,False,False,True,True,False,False,False,False,False,False,False,False,False,False,True,False,False,False,True,False,0.4410112359550562,1.6204715801454126,-0.032828282828287314,0.31648936170212766,0.24999999999999994,2025.050505050505,False,False,False,False,False,False,True,False,True,False
0.006872852233676977,0.0,0.42553191489361697,0.6169491525423729,0.375,0.33333333333333326,0.5555555555555571,0.25,0.0,0.5596046942557135,0.0,0.07840842598010532,0.43859649122807015,0.3854033290653009,0.0,0.0,0.2818352059925094,0.5,0.0,0.0,0.0,0.6666666666666667,0.0,0.28571428571428564,0.0,0.53125,0.0,0.2978723404255319,0.0,0.0,0.0,0.0,0.0,0.0,0.0,0.09090909090909091,0.5,0.2396551724137931,False,False,True,False,True,True,False,False,False,True,False,False,True,False,False,False,False,True,False,False,False,False,False,False,False,False,False,False,False,False,False,False,False,False,False,False,False,False,True,False,False,False,False,False,False,True,False,False,False,False,False,False,False,True,False,False,False,False,False,False,False,False,False,False,True,False,False,False,False,False,False,False,True,False,False,True,False,False,False,False,False,False,False,False,False,False,False,True,False,False,False,False,False,False,False,False,False,False,False,False,False,True,False,False,False,False,False,False,False,False,False,False,True,False,False,False,True,False,False,False,True,True,False,False,False,False,False,False,False,True,False,False,False,True,False,False,True,False,False,False,False,False,True,False,False,False,False,False,False,True,True,False,False,False,False,False,False,False,False,True,False,False,False,False,True,False,False,True,False,False,False,False,False,True,False,False,True,False,False,False,False,False,False,True,False,False,False,True,False,False,False,False,True,False,False,False,False,True,False,True,False,False,True,False,False,False,True,True,False,False,False,False,False,False,False,False,False,False,True,False,False,False,True,False,0.10568820224719103,0.823999820293371,-0.30555555555555713,0.0,0.12499999999999997,2025.4444444444443,False,False,False,False,False,False,False,False,False,True
0.00893470790378007,0.0,0.648936170212766,0.575668549905838,0.625,0.33333333333333326,0.9696969696969688,0.9500000000000028,0.7234042553191489,0.0,0.0,0.874195435927443,0.7040935672514621,0.676056338028169,0.0,0.0,0.4943820224719101,0.0,0.0,0.5,0.0,0.6666666666666667,0.0,0.5714285714285714,0.5,0.9583333333333321,1.0,0.9042553191489361,0.39603960396039606,0.2037037037037037,0.0,0.0,0.0,0.0,0.0,0.6363636363636364,0.25,0.756896551724138,False,False,True,False,True,True,False,False,False,False,False,False,True,False,False,False,False,True,False,False,False,False,False,False,True,False,False,False,False,False,False,False,False,False,False,False,False,False,False,False,False,False,False,False,False,True,False,False,False,False,False,False,False,True,False,False,False,False,False,False,False,False,False,False,True,False,False,False,False,False,True,False,False,False,False,True,False,False,False,False,False,False,False,False,False,False,False,False,False,False,False,False,False,True,False,False,False,False,False,False,False,False,False,False,False,False,False,False,True,False,False,False,False,True,False,True,False,False,False,False,True,False,True,False,False,False,False,True,False,False,False,False,False,True,False,False,False,False,False,False,False,False,False,True,False,False,False,False,False,True,True,False,False,False,False,False,False,False,False,True,False,False,False,False,True,False,True,False,False,False,False,False,False,True,False,True,False,False,False,True,False,False,False,False,False,False,True,False,False,False,False,False,True,False,False,False,False,True,False,True,False,False,True,False,False,False,True,True,False,False,False,False,False,False,False,False,True,False,False,False,False,False,False,True,0.3089887640449438,1.380149905279631,-0.019696969696965994,0.9042553191489361,0.2083333333333333,2025.030303030303,False,False,False,False,False,True,False,False,True,False
0.012371134020618558,0.0,0.3829787234042553,0.8048964218455744,0.375,0.33333333333333326,0.9494949494949516,0.8999999999999986,0.0,0.39901173563928355,0.0,0.2738443534230544,0.48187134502923984,0.43277848911651723,0.0,0.0,0.31647940074906367,0.5,0.0,0.0,1.0,0.6666666666666667,0.0,0.42857142857142855,0.0,0.9375,0.5,0.5531914893617021,0.0,0.6296296296296295,0.0,0.0,0.0,0.0,0.0,0.4545454545454545,0.5,0.3413793103448276,False,False,True,False,True,True,False,False,False,True,False,False,True,False,False,False,False,True,False,False,False,False,False,False,False,False,False,False,False,False,False,False,False,False,False,False,False,False,False,True,False,False,False,False,False,False,False,False,True,False,False,False,False,True,False,False,False,False,False,False,False,False,False,False,True,False,False,False,False,False,True,False,False,False,False,True,False,False,False,False,False,False,False,False,False,False,False,False,False,False,False,False,False,True,False,False,False,False,False,False,False,False,False,False,False,False,False,False,True,False,False,False,True,False,False,False,True,False,False,False,True,False,True,False,False,False,False,False,False,True,False,False,False,True,False,False,True,False,False,True,False,False,False,False,False,False,False,False,False,True,True,False,False,False,False,False,False,False,False,True,False,False,False,False,True,False,True,False,False,False,False,False,False,True,False,False,True,False,False,False,False,False,False,True,False,False,False,True,False,False,False,False,True,False,False,False,False,True,False,True,False,False,True,False,False,False,True,True,False,False,False,False,False,False,False,False,False,False,True,False,False,False,True,False,0.11867977528089887,0.9146498341457571,-0.04949494949495303,0.2765957446808511,0.12499999999999997,2025.050505050505,False,False,False,False,False,False,False,False,False,True
0.013058419243986256,0.0,0.42553191489361697,0.3427495291902072,0.375,0.6666666666666667,0.4848484848484844,0.25,0.0,0.3113032736256949,0.0,0.30719719133996487,0.43216374269005847,0.5768245838668373,0.0,0.0,0.42181647940074907,0.0,0.0,0.0,0.0,0.6666666666666667,0.0,0.42857142857142855,0.0,0.45833333333333215,0.0,0.17819148936170212,0.0,0.0,0.0,0.0,0.0,0.0,0.0,0.36363636363636365,0.75,0.27241379310344827,False,False,True,False,True,True,False,False,False,True,False,False,True,False,False,False,False,True,False,False,False,False,False,False,False,False,False,False,False,False,False,True,False,False,False,False,False,False,False,False,False,False,False,False,False,True,False,False,False,False,False,False,False,True,False,False,False,False,False,False,False,False,False,False,True,False,False,False,False,False,False,False,True,False,False,True,False,False,False,False,False,False,False,False,True,False,False,False,False,False,False,False,False,False,False,False,False,False,False,False,False,False,False,False,False,True,False,False,False,False,False,False,True,False,False,False,True,False,False,False,True,True,False,False,False,False,False,False,False,True,False,False,False,True,False,False,True,False,False,False,True,False,False,False,False,False,False,False,False,True,True,False,False,False,False,False,False,False,True,True,False,False,False,False,True,False,False,True,False,True,False,False,False,False,False,False,True,False,False,True,False,False,False,False,False,False,False,True,False,False,False,False,True,False,False,False,False,True,False,True,False,False,True,False,True,False,False,True,False,False,False,False,False,False,False,False,False,False,False,False,False,False,False,False,0.1581811797752809,1.0089883265568957,-0.23484848484848442,0.0,0.25,2025.5151515151515,False,False,False,False,True,False,False,False,False,False
0.013745704467353953,0.39999999999999997,0.7553191489361702,0.8440677966101694,0.75,0.33333333333333326,0.9595959595959584,0.93333333333333,0.8983451536643026,0.0,0.0,0.6775892334698654,0.5076023391812865,0.46094750320102434,0.9028910303928835,0.0,0.9073033707865169,0.0,0.0,1.0,1.0,1.0,0.0,0.857142857142857,0.5,0.9479166666666643,1.0,0.9215425531914893,0.594059405940594,0.9506172839506173,0.0,0.0,0.0,0.0,0.0,0.9090909090909091,0.0,0.9148275862068966,False,False,True,False,True,True,False,False,False,False,False,False,True,False,False,False,False,False,False,False,False,False,False,False,False,False,False,False,False,False,False,False,False,False,False,True,False,False,False,False,False,False,False,False,False,True,False,False,False,False,False,False,False,True,False,False,False,False,False,False,False,False,False,False,False,False,False,True,False,False,True,False,False,False,False,True,False,False,False,False,False,False,False,False,False,False,False,False,False,False,False,False,False,True,False,False,False,False,False,False,False,False,False,False,False,False,False,False,True,False,False,True,False,False,False,True,False,False,False,False,True,False,True,False,False,False,False,False,False,False,False,False,False,True,False,False,False,False,False,False,False,False,False,True,False,False,False,False,False,True,True,False,False,False,False,False,False,False,False,True,False,False,False,False,True,False,True,False,False,False,False,False,False,True,False,True,False,False,False,False,False,True,False,False,False,False,True,False,False,False,False,False,True,False,False,False,False,True,False,True,False,False,True,False,False,False,True,True,False,False,False,False,False,False,False,False,True,False,False,False,False,False,False,True,0.6804775280898877,0.9685498423823109,-0.02626262626262843,0.9215425531914893,0.24999999999999994,2025.0404040404042,False,False,False,False,False,False,True,False,False,True
0.015807560137457044,1.0,0.14893617021276595,0.0914500941619586,0.375,0.9999999999999998,0.6666666666666679,0.43333333333333,0.0,0.5188387893761581,0.0,0.11702750146284377,0.43859649122807015,0.3982074263764404,0.0,0.0,0.29119850187265917,0.5,0.0,0.0,0.0,0.6666666666666667,0.0,0.42857142857142855,0.5,0.6458333333333321,0.5,0.5478723404255319,0.24752475247524752,0.6790123456790123,0.0,0.0,0.0,0.0,0.0,0.4545454545454545,0.25,0.2410344827586207,False,False,False,True,True,True,False,False,False,True,False,False,True,False,False,False,False,True,False,False,False,False,False,False,False,False,False,False,False,True,False,False,False,False,False,False,False,False,False,False,False,False,False,False,False,True,False,False,False,False,False,False,False,True,False,False,False,False,False,False,False,False,True,False,True,False,False,False,False,False,True,False,False,False,False,True,False,False,False,False,False,False,False,False,False,False,True,False,False,False,False,False,False,False,False,False,False,False,False,False,True,False,False,False,False,False,False,False,False,False,False,False,True,False,False,False,True,False,False,False,True,False,True,False,False,False,False,True,False,False,False,False,False,True,False,False,True,False,False,True,False,False,False,False,False,False,False,False,False,True,True,False,False,False,False,False,False,False,True,True,False,False,False,False,True,False,False,True,False,False,False,False,False,True,False,False,False,False,True,True,False,False,False,False,False,False,False,True,False,False,False,False,True,False,False,False,False,True,False,True,False,False,True,False,False,False,True,True,False,False,False,False,False,False,False,False,False,False,True,False,False,False,True,False,0.10919943820224719,0.8368039176045106,-0.23333333333333783,0.27393617021276595,0.3749999999999999,2025.3333333333333,False,False,False,False,False,False,False,False,False,False
0.018556701030927835,0.0,0.723404255319149,0.6378907721280602,0.75,0.33333333333333326,0.9797979797979792,0.9666666666666686,0.4728132387706856,0.7523162445954293,0.0,0.28437682855471036,0.8269005847953217,0.8104993597951344,0.0,0.0,0.5926966292134832,0.5,0.0,0.5,0.0,0.6666666666666667,0.0,0.5714285714285714,0.5,0.9791666666666643,1.0,0.8138297872340426,0.0,0.30864197530864196,0.0,0.0,0.0,0.0,0.0,0.36363636363636365,1.0,0.8482758620689654,False,False,True,False,True,True,False,False,False,True,False,False,True,False,False,False,False,True,False,False,False,False,False,False,False,False,False,False,False,False,False,False,False,False,False,True,False,False,False,False,False,False,False,False,False,True,False,False,False,False,False,False,False,True,False,False,False,False,False,False,False,False,False,False,True,False,False,False,False,False,True,False,False,False,False,True,False,False,False,False,False,False,False,False,False,False,False,False,False,False,False,False,False,True,False,False,False,False,False,False,False,False,False,False,False,False,False,False,True,False,False,False,False,True,False,True,False,False,False,False,True,False,True,False,False,False,False,False,False,False,False,False,False,True,False,False,True,False,False,True,False,False,False,False,False,False,False,False,False,True,True,False,False,False,False,False,False,False,False,True,False,False,False,False,True,False,True,False,False,False,False,False,False,True,False,True,False,False,False,True,False,False,False,False,False,False,True,False,False,False,False,False,True,False,False,False,False,True,False,True,False,False,True,False,False,False,True,True,False,False,False,False,False,False,False,False,False,False,True,False,False,False,True,False,0.4445224719101124,1.6373999445904561,-0.013131313131310662,0.8138297872340426,0.24999999999999994,2025.020202020202,False,False,False,False,False,False,True,False,False,True
0.021993127147766325,0.0,0.5851063829787234,0.6055743879472693,0.75,0.33333333333333326,0.9797979797979792,0.9500000000000028,0.0,0.0,0.0,0.722059684025746,0.552046783625731,0.5096030729833547,0.0,0.0,0.37265917602996257,0.0,0.0,0.5,0.0,0.6666666666666667,0.0,0.5714285714285714,0.0,0.96875,0.5,0.4308510638297872,0.0,0.18518518518518517,0.0,0.0,0.0,0.0,0.0,0.0,0.5,0.413448275862069,False,False,True,False,True,True,False,False,False,True,False,False,True,False,False,False,False,False,False,False,False,False,False,False,True,False,False,False,False,False,False,False,False,False,False,False,False,False,False,False,False,False,False,False,False,True,False,False,False,False,False,False,False,True,False,False,False,False,False,False,False,False,False,False,True,False,False,False,False,False,True,False,False,False,False,True,False,False,False,False,False,False,False,False,False,False,False,False,False,False,False,False,False,True,False,False,False,False,False,False,False,False,False,False,False,False,False,False,True,False,False,False,True,False,False,True,False,False,False,False,True,False,True,False,False,False,False,False,False,False,False,False,False,True,False,False,False,False,False,False,False,False,False,True,False,False,False,False,False,True,True,False,False,False,False,False,False,False,False,True,False,False,False,False,True,False,True,False,False,False,False,False,False,True,False,False,True,False,False,True,False,False,False,False,False,False,True,False,False,False,False,False,True,False,False,False,False,True,False,True,False,False,True,False,False,False,True,True,False,False,False,False,False,False,False,False,False,False,True,False,False,False,True,False,0.2794943820224719,1.0616498566090857,-0.02979797979797638,0.2154255319148936,0.24999999999999994,2025.020202020202,False,False,False,False,True,False,False,False,False,True
0.02336769759450172,1.0,0.3191489361702128,0.32414312617702445,0.875,0.33333333333333326,0.9595959595959584,0.9166666666666643,0.5815602836879432,0.7121680049413218,0.0,0.23873610298420128,0.7432748538011695,0.7189500640204864,0.0,0.0,0.525749063670412,0.5,0.0,0.5,0.0,0.3333333333333333,0.0,0.42857142857142855,0.5,0.9479166666666643,0.5,0.526595744680851,0.5024752475247525,0.2901234567901234,0.0,0.0,0.0,0.0,0.0,0.6363636363636364,0.25,0.75,False,False,True,False,True,True,False,False,False,True,False,False,True,False,False,False,False,True,False,False,False,False,False,False,False,False,False,False,False,False,False,False,False,False,False,True,False,False,False,False,False,False,False,False,False,True,False,False,False,False,False,False,False,True,False,False,False,False,False,False,False,False,True,False,True,False,False,False,False,False,False,False,True,False,False,True,False,False,False,False,False,False,False,False,False,False,False,False,False,True,False,False,False,False,False,False,False,False,False,False,False,False,False,True,False,False,False,False,False,False,False,True,False,False,False,False,False,False,False,False,True,False,True,False,False,False,False,False,False,False,False,False,False,True,False,False,True,False,False,True,False,False,False,False,False,False,False,False,False,True,True,False,False,False,False,False,False,False,False,True,False,False,False,False,True,False,False,False,False,False,False,False,False,True,False,True,False,False,False,True,False,False,False,False,False,False,False,False,False,False,False,False,True,False,False,False,False,True,False,True,False,False,True,False,False,False,True,True,False,False,False,False,False,False,False,False,False,False,True,False,False,False,True,False,0.4600304307116105,1.462224917821656,-0.04292929292929415,0.2632978723404255,0.29166666666666663,2025.0404040404042,False,False,False,False,False,True,False,False,False,False
0.024054982817869417,0.39999999999999997,0.8297872340425531,0.7840301318267421,0.75,0.33333333333333326,0.9494949494949516,0.9166666666666643,0.3120567375886525,0.0,0.0,0.6535985956699825,0.483625730994152,0.44430217669654287,0.9785025945144551,0.0,0.9428838951310862,0.0,0.0,1.0,1.0,1.0,0.0,0.857142857142857,0.5,0.9375,1.0,0.7061170212765957,0.27970297029702973,0.19753086419753085,0.0,0.0,0.0,0.0,0.0,0.7272727272727273,0.0,0.8586206896551725,False,False,True,False,True,True,False,False,False,True,False,False,True,False,False,False,False,True,False,False,False,False,False,False,False,False,False,False,False,False,False,False,False,False,False,True,False,False,False,False,False,False,False,False,False,True,False,False,False,False,False,False,False,True,False,False,False,False,False,False,False,False,False,False,False,False,False,True,False,False,True,False,False,False,False,True,False,False,False,False,False,False,False,False,False,False,False,False,False,False,False,False,False,True,False,False,False,False,False,False,False,False,False,False,False,False,False,False,True,False,False,False,False,True,False,True,False,False,False,False,True,False,True,False,False,False,False,False,False,False,False,False,False,True,False,False,False,False,False,False,False,False,False,True,False,False,False,False,False,True,True,False,False,False,False,False,False,False,False,True,False,False,False,False,True,False,True,False,False,False,False,False,False,True,False,True,False,False,False,False,False,True,False,False,False,False,False,False,False,False,False,False,True,False,False,False,False,True,False,True,False,False,True,False,False,False,True,True,False,False,False,False,False,False,False,False,False,False,True,False,False,False,True,False,0.7071629213483146,0.9279279076906949,-0.032828282828287314,0.7061170212765957,0.24999999999999994,2025.050505050505,False,False,False,False,False,False,True,False,False,True
0.024742268041237116,0.0,0.8723404255319148,0.5912617702448211,0.375,0.33333333333333326,0.8484848484848477,0.75,0.0,0.0,0.0,0.641895845523698,0.4719298245614035,0.42189500640204863,0.0,0.0,0.30852059925093633,0.0,0.0,0.0,1.0,0.6666666666666667,0.0,0.42857142857142855,0.0,0.84375,0.5,0.6808510638297872,0.9702970297029703,0.3950617283950617,0.0,0.0,0.0,0.0,0.0,0.4545454545454545,0.75,0.2931034482758621,False,False,True,False,True,True,False,False,False,True,False,False,True,False,False,False,False,False,False,False,False,False,False,False,True,False,False,False,False,False,False,False,False,False,False,False,False,False,False,False,False,False,False,False,False,True,False,False,False,False,False,False,False,True,False,False,False,False,False,False,False,False,False,False,True,False,False,False,False,False,True,False,False,False,False,True,False,False,False,False,False,False,False,False,False,False,False,False,False,False,False,False,False,True,False,False,False,False,False,False,False,False,False,False,False,False,False,False,True,False,False,False,True,False,False,False,True,False,False,False,True,False,True,False,False,False,False,True,False,False,False,False,False,True,False,False,True,False,False,False,False,False,False,True,False,False,False,False,False,True,True,False,False,False,False,False,False,False,False,True,False,False,False,False,True,False,False,True,False,False,False,False,False,True,False,False,True,False,False,True,False,False,False,False,False,False,False,True,False,False,False,False,True,False,False,False,False,True,False,True,False,False,True,False,False,False,True,True,False,False,False,False,False,False,False,False,False,False,True,False,False,False,True,False,0.11569522471910113,0.8938248309634521,-0.09848484848484773,0.3404255319148936,0.12499999999999997,2025.1515151515152,False,False,False,False,False,False,False,False,False,True
0.02611683848797251,0.0,0.4042553191489361,0.37001883239171374,0.375,0.9999999999999998,0.43434343434343603,0.9500000000000028,0.0,0.4515132798023472,0.0,0.19075482738443533,0.4485380116959064,0.3962868117797695,0.0,0.0,0.2897940074906367,0.5,0.0,0.0,0.0,0.6666666666666667,0.0,0.28571428571428564,0.0,0.40625,0.0,0.11436170212765959,0.0,0.32098765432098764,0.0,0.0,0.0,0.0,0.0,0.0,1.0,0.1689655172413793,False,False,True,False,True,True,False,False,False,True,False,False,True,False,False,False,False,True,False,False,False,False,False,False,False,False,False,False,False,False,False,True,False,False,False,False,False,False,False,False,False,False,False,False,False,True,False,False,False,False,False,False,False,True,False,False,False,False,False,False,False,False,False,False,True,False,False,False,False,False,True,False,False,False,False,True,False,False,False,False,False,False,False,False,False,False,False,False,False,False,False,False,False,True,False,False,False,False,False,False,False,False,False,False,False,False,False,False,True,False,False,False,True,False,False,False,True,False,True,False,False,True,False,False,False,False,False,False,False,True,False,False,False,True,False,False,True,False,False,True,False,False,False,False,False,False,False,False,False,True,True,False,False,False,False,False,False,False,True,True,False,False,False,False,True,False,True,False,False,False,False,False,False,True,False,False,True,False,False,False,False,False,False,True,False,False,False,True,False,False,False,False,True,False,False,False,False,True,False,True,False,False,True,False,False,False,True,True,False,False,False,False,False,False,False,False,False,False,True,False,False,False,False,False,0.10867275280898878,0.8448248234756759,0.5156565656565668,0.0,0.3749999999999999,2025.5656565656566,False,False,False,False,False,False,False,True,False,False
0.027491408934707903,0.0,0.5744680851063829,0.42546139359698687,0.5,0.33333333333333326,0.5555555555555571,0.25,0.2387706855791962,0.3971587399629401,0.0,0.2603861907548274,0.46666666666666673,0.5672215108834826,0.0,0.0,0.41479400749063666,0.0,0.0,0.5,0.0,0.6666666666666667,0.0,0.42857142857142855,0.5,0.53125,0.5,0.37234042553191493,0.0,0.8518518518518519,0.0,0.0,0.0,0.0,0.0,0.9999999999999999,0.0,0.3448275862068966,False,False,True,False,True,True,False,False,False,True,False,False,True,False,False,False,False,True,False,False,False,False,False,False,False,False,False,False,False,False,False,True,False,False,False,False,False,False,False,False,False,False,False,False,False,True,False,False,False,False,False,False,False,True,False,False,False,False,False,False,False,False,False,False,True,False,False,False,False,False,True,False,False,False,False,True,False,False,False,False,False,False,False,False,False,False,False,False,False,False,False,False,False,False,True,False,False,False,False,False,False,False,False,False,False,False,False,False,False,True,False,True,False,False,False,False,True,False,False,False,True,True,False,False,False,False,False,False,False,True,False,False,False,True,False,False,True,False,False,False,False,False,True,False,False,False,False,False,False,True,True,False,False,False,False,False,False,False,False,True,False,False,False,False,True,False,False,True,False,False,False,False,False,True,False,False,False,False,True,True,False,False,False,False,False,False,True,False,False,False,False,False,True,False,False,False,False,True,False,True,False,False,True,True,False,False,False,True,False,False,False,False,False,False,False,False,False,False,True,False,False,False,False,False,0.20739700374531833,1.0338881775501494,-0.30555555555555713,0.18617021276595747,0.16666666666666663,2025.4444444444443,False,False,False,False,True,False,False,True,False,False
0.030927835051546396,1.0,0.32978723404255317,0.3501318267419963,0.875,0.33333333333333326,0.9595959595959584,0.9166666666666643,0.9739952718676123,0.2816553428042001,0.0,0.7583382094792276,0.8549707602339183,0.8412291933418694,0.0,0.0,0.6151685393258427,0.5,0.0,0.5,0.0,0.3333333333333333,0.0,0.42857142857142855,0.5,0.9479166666666643,0.5,0.5531914893617021,0.48514851485148514,0.5061728395061729,0.0,0.0,0.0,0.0,0.0,0.09090909090909091,1.0,0.896206896551724,False,False,True,False,True,True,False,False,False,True,False,False,True,False,False,False,False,True,False,False,False,False,False,False,False,False,False,False,False,False,False,False,False,False,False,True,False,False,False,False,False,False,False,False,False,True,False,False,False,False,False,False,False,True,False,False,False,False,False,False,False,False,True,False,True,False,False,False,False,False,False,False,True,False,False,True,False,False,False,False,False,False,False,False,False,False,False,False,False,True,False,False,False,False,False,False,False,False,False,False,False,False,False,True,False,False,False,False,False,False,False,True,False,False,False,False,False,False,False,False,True,False,True,False,False,False,False,False,False,False,False,False,False,True,False,False,True,False,False,True,False,False,False,False,False,False,False,False,False,True,True,False,False,False,False,False,False,False,False,True,False,False,False,False,True,False,False,False,False,False,False,False,False,True,False,True,False,False,False,True,False,False,False,False,False,False,True,False,False,False,False,False,True,False,False,False,False,True,False,True,False,False,True,False,False,False,True,True,False,False,False,False,False,False,False,False,False,False,True,False,False,False,True,False,0.5382724719101124,1.6961999535757877,-0.04292929292929415,0.2765957446808511,0.29166666666666663,2025.0404040404042,False,False,False,False,False,False,True,False,False,False
0.03230240549828179,0.0,0.5744680851063829,0.6091148775894538,0.75,0.33333333333333326,0.9696969696969688,0.93333333333333,0.0,0.014823965410747375,0.0,0.9549444119368051,0.7988304093567251,0.7797695262483995,0.0,0.0,0.5702247191011236,0.0,0.0,0.5,0.0,0.6666666666666667,0.0,0.5714285714285714,0.0,0.9583333333333321,1.0,0.8856382978723404,0.0,0.9012345679012346,0.0,0.0,0.0,0.0,0.0,0.5454545454545454,0.25,0.6541379310344828,True,False,False,False,True,True,False,False,False,True,False,False,True,False,False,False,False,True,False,False,False,False,False,False,False,False,False,False,False,False,False,False,False,False,False,False,False,False,False,False,True,False,False,False,False,True,False,False,False,False,False,False,False,True,False,False,False,False,False,False,False,False,False,False,True,False,False,False,False,False,True,False,False,False,False,True,False,False,False,False,False,False,False,False,False,False,False,False,False,False,False,False,False,True,False,False,False,False,False,False,False,False,False,False,False,False,False,False,True,False,False,False,True,False,False,True,False,False,False,False,True,False,True,False,False,False,False,True,False,False,False,False,False,True,False,False,False,False,False,True,False,False,False,False,False,False,False,False,False,True,True,False,False,False,False,False,False,False,False,True,False,False,False,False,True,False,True,False,False,False,False,False,False,True,False,False,True,False,False,True,False,False,False,False,False,False,True,False,False,False,False,False,True,False,False,False,False,True,False,True,False,False,True,False,False,False,True,True,False,False,False,False,False,False,False,False,False,False,True,False,False,False,True,False,0.4276685393258427,1.5785999356051246,-0.03636363636363882,0.8856382978723404,0.24999999999999994,2025.030303030303,False,False,False,False,False,True,False,False,False,True
0.03367697594501719,0.0,0.3829787234042553,0.3564595103578154,0.375,0.9999999999999998,0.5656565656565675,0.2666666666666657,0.0,0.471278567016677,0.0,0.11234640140433003,0.3888888888888889,0.3309859154929577,0.0,0.0,0.24204119850187267,0.5,0.0,0.0,0.0,0.6666666666666667,0.0,0.42857142857142855,0.0,0.5416666666666643,0.0,0.3005319148936171,0.0,0.0,0.0,0.0,0.0,0.0,0.0,0.0,0.25,0.23103448275862068,False,False,True,False,True,True,False,False,False,True,False,False,True,False,False,False,False,True,False,False,False,False,False,False,False,False,False,False,False,False,False,False,False,False,False,False,False,False,True,False,False,False,False,False,False,True,False,False,False,False,False,False,False,True,False,False,False,False,False,False,False,False,False,False,True,False,False,False,False,False,True,False,False,False,False,True,False,False,False,False,False,False,False,False,False,False,False,True,False,False,False,False,False,False,False,False,False,False,False,False,False,True,False,False,False,False,False,False,False,False,False,False,True,False,False,False,True,False,False,False,True,True,False,False,False,False,False,False,False,True,False,False,False,True,False,False,True,False,True,False,False,False,False,False,False,False,False,False,False,True,True,False,False,False,False,False,False,False,False,True,False,False,False,False,True,False,False,True,False,False,False,False,False,True,False,False,True,False,False,True,False,False,False,False,False,False,False,True,False,False,False,False,True,False,False,False,False,True,False,True,False,False,True,False,True,False,False,True,False,False,False,False,False,False,False,False,False,False,True,False,False,False,True,False,0.09076544943820225,0.7198748043818466,-0.2989898989899018,0.0,0.3749999999999999,2025.4343434343434,False,False,False,False,False,False,False,False,False,False
0.03711340206185568,0.6000000000000001,0.3191489361702128,0.3106591337099812,0.375,0.33333333333333326,0.45454545454545325,0.0833333333333357,0.0,0.237183446571958,0.0,0.0,0.05497076023391814,0.5902688860435339,0.0,0.0,0.43164794007490637,0.0,0.0,0.0,0.0,0.6666666666666667,0.0,0.42857142857142855,0.5,0.5,0.5,0.5478723404255319,0.0,0.30864197530864196,0.0,0.0,0.0,0.0,0.0,0.09090909090909091,0.25,0.2413793103448276,False,False,True,False,True,True,False,False,False,True,False,False,False,False,False,False,False,True,True,False,False,False,False,False,False,False,False,False,False,False,False,True,False,False,False,False,False,False,False,False,False,False,False,False,False,True,False,False,False,False,False,False,False,True,False,False,False,False,False,False,False,False,False,False,False,False,False,False,False,True,True,False,False,False,False,True,False,False,False,False,False,False,False,False,False,False,False,False,False,True,False,False,False,False,False,False,False,False,False,False,False,False,False,True,False,False,False,False,False,False,False,False,True,False,False,False,True,False,False,False,True,True,False,False,False,False,False,False,False,True,False,False,False,True,False,False,True,False,False,False,False,False,False,False,False,False,False,False,False,True,True,False,False,False,False,False,False,False,True,True,False,False,False,False,True,False,False,True,False,True,False,False,False,False,False,False,False,False,True,False,False,False,False,True,False,False,False,True,False,False,False,False,True,False,False,False,False,True,False,True,False,False,True,False,True,False,False,True,False,False,False,False,False,False,False,False,False,False,True,False,False,False,True,False,0.1618679775280899,0.645239646277452,-0.37121212121211755,0.27393617021276595,0.12499999999999997,2025.5454545454545,False,False,False,False,True,False,False,False,False,False
0.03917525773195877,0.39999999999999997,0.6276595744680851,0.6504708097928437,0.625,0.33333333333333326,0.9494949494949516,0.8999999999999986,0.0,0.0,0.0,0.5032182562902282,0.3333333333333333,0.2701664532650448,0.6375092661230541,0.0,0.600187265917603,0.0,0.0,0.5,1.0,0.6666666666666667,0.0,0.5714285714285714,0.0,0.9375,0.5,0.538563829787234,0.0,0.43209876543209874,0.0,0.0,0.0,0.0,0.0,0.6363636363636364,0.0,0.4706896551724138,False,False,True,False,True,True,False,False,False,False,False,False,True,False,False,False,False,False,False,False,False,False,False,False,True,False,False,False,False,False,False,False,False,False,False,False,False,False,False,False,False,False,False,False,False,True,False,False,False,False,False,False,False,True,False,False,False,False,False,False,False,False,False,False,False,False,False,True,False,False,True,False,False,False,False,True,False,False,False,False,False,False,False,False,False,False,False,False,False,False,False,False,False,True,False,False,False,False,False,False,False,False,False,False,False,False,False,False,True,False,False,False,True,False,False,True,False,False,False,False,True,False,True,False,False,False,False,True,False,False,False,False,False,True,False,False,True,False,False,False,False,False,False,True,False,False,False,False,False,True,True,False,False,False,False,False,False,False,False,True,False,False,False,False,True,False,True,False,False,False,False,False,False,True,False,False,True,False,False,True,False,False,False,False,False,False,True,False,False,False,False,False,True,False,False,False,False,True,False,True,False,False,True,False,False,False,True,True,False,False,False,False,False,False,False,False,False,False,True,False,False,False,True,False,0.37511704119850187,0.6034997865983781,-0.04949494949495303,0.269281914893617,0.2083333333333333,2025.050505050505,False,False,False,False,False,False,True,False,False,True
0.04054982817869417,0.0,0.3191489361702128,0.31563088512241055,0.375,0.9999999999999998,0.6262626262626263,0.36666666666666714,0.0,0.39036442248301423,0.0,0.08660035108250438,0.2865497076023392,0.21895006402048656,0.0,0.0,0.1601123595505618,0.0,0.0,0.0,0.0,0.3333333333333333,0.0,0.14285714285714285,0.0,0.6145833333333321,0.0,0.25531914893617025,0.48514851485148514,0.0,0.0,0.0,0.0,0.0,0.0,0.0,0.5,0.22379310344827583,False,False,True,False,True,True,False,False,False,True,False,False,False,False,False,False,False,True,False,False,False,False,False,False,True,False,False,False,False,False,False,False,False,False,False,False,False,False,False,False,False,False,False,False,False,True,False,False,False,False,False,False,False,True,False,False,False,False,False,False,False,False,False,False,True,False,False,False,False,False,True,False,False,False,False,True,False,False,False,False,False,False,False,False,False,False,False,True,False,False,False,False,False,False,False,False,False,False,False,False,False,True,False,False,False,False,False,False,False,False,False,False,True,False,False,False,True,False,False,False,True,True,False,False,False,False,False,False,False,True,False,False,False,True,False,False,False,False,False,False,False,False,False,False,False,False,False,False,False,True,True,False,False,False,False,False,False,False,False,True,False,False,False,False,True,False,False,True,False,False,False,False,False,True,False,False,True,False,False,False,False,False,False,True,False,False,False,True,False,False,False,False,True,False,False,False,False,True,False,True,False,False,True,False,True,False,False,True,False,False,False,False,False,False,False,False,False,False,True,False,False,False,True,False,0.060042134831460675,0.5054997716228258,-0.25959595959595916,0.0,0.3749999999999999,2025.3737373737374,False,False,False,False,False,False,False,False,False,False
0.04123711340206186,0.0,0.35106382978723405,0.7579661016949153,0.5,0.33333333333333326,0.9494949494949516,0.8999999999999986,0.0,0.5812229771463867,0.0,0.1269748390871855,0.5076023391812865,0.46094750320102434,0.0,0.0,0.3370786516853933,0.5,0.0,0.0,1.0,0.6666666666666667,0.0,0.28571428571428564,0.0,0.9583333333333321,0.5,0.5531914893617021,0.0,0.30864197530864196,0.0,0.0,0.0,0.0,0.0,0.36363636363636365,0.0,0.33793103448275863,False,False,True,False,True,True,False,False,False,True,False,False,True,False,False,False,False,True,False,False,False,False,False,False,False,False,False,False,False,False,False,False,False,False,False,False,False,False,False,True,False,False,False,False,False,False,False,False,True,False,False,False,False,True,False,False,False,False,False,False,False,False,False,False,True,False,False,False,False,False,True,False,False,False,False,True,False,False,False,False,False,False,False,False,False,False,False,False,False,False,False,False,False,True,False,False,False,False,False,False,False,False,False,False,False,False,False,False,True,False,False,False,True,False,False,False,True,False,False,False,True,False,True,False,False,False,False,True,False,False,False,False,False,True,False,False,True,False,False,False,False,False,False,False,False,False,False,False,False,True,True,False,False,False,False,False,False,False,False,True,False,False,False,False,True,False,True,False,False,False,False,False,False,True,False,False,True,False,False,False,False,False,False,True,False,False,False,True,False,False,False,False,True,False,False,False,False,True,False,True,False,False,True,False,False,False,True,True,False,False,False,False,False,False,False,False,True,False,False,False,False,False,False,True,0.16853932584269665,0.9685498423823109,-0.04949494949495303,0.2765957446808511,0.16666666666666663,2025.050505050505,False,False,False,False,True,False,False,False,False,True
0.04261168384879726,1.0,0.14893617021276595,0.2585310734463277,0.75,0.33333333333333326,0.9696969696969688,0.93333333333333,0.42080378250591016,0.014823965410747375,0.0,0.7875950848449386,0.631578947368421,0.5966709346991037,0.0,0.0,0.43632958801498123,0.0,0.0,0.5,0.0,0.3333333333333333,0.0,0.42857142857142855,0.5,0.9583333333333321,0.5,0.4308510638297872,0.297029702970297,0.30246913580246915,0.0,0.0,0.0,0.0,0.0,0.8181818181818182,0.25,0.4913793103448276,False,False,True,False,True,True,False,False,False,False,False,False,True,False,False,False,False,True,False,False,False,False,False,False,False,False,False,False,False,False,False,False,False,False,False,True,False,False,False,False,False,False,False,False,False,True,False,False,False,False,False,False,False,True,False,False,False,False,False,False,False,False,True,False,True,False,False,False,False,False,True,False,False,False,False,True,False,False,False,False,False,False,False,False,False,False,False,False,False,False,False,False,False,True,False,False,False,False,False,False,False,False,False,False,False,False,False,False,True,False,False,False,False,True,False,True,False,False,False,False,True,False,True,False,False,False,False,True,False,False,True,False,False,False,False,True,False,False,False,True,False,False,False,False,False,False,False,False,False,True,True,False,False,False,False,False,False,False,False,True,False,False,False,False,True,False,True,False,False,False,False,False,False,True,False,True,False,False,False,True,False,False,False,False,False,False,True,False,False,False,False,False,True,False,False,False,False,True,False,True,False,False,True,False,False,False,True,True,False,False,False,False,False,False,False,False,False,False,True,False,False,False,True,False,0.3272471910112359,1.2282498820675247,-0.03636363636363882,0.2154255319148936,0.24999999999999994,2025.030303030303,False,False,False,False,True,False,False,False,False,False
0.04467353951890035,0.39999999999999997,0.4893617021276595,0.49574387947269305,0.75,0.33333333333333326,0.9494949494949516,0.9166666666666643,0.8132387706855791,0.0,0.0,0.6688121708601521,0.4988304093567251,0.4513444302176696,0.9859154929577464,0.0,0.9527153558052434,0.0,0.0,0.5,1.0,1.0,0.0,0.857142857142857,0.5,0.9375,1.0,0.9202127659574467,0.4752475247524752,0.9320987654320987,0.0,0.0,0.0,0.0,0.0,0.8181818181818182,0.25,0.8862068965517242,False,False,True,False,True,True,False,False,False,True,False,False,True,False,False,False,False,True,False,False,False,False,False,False,False,False,False,False,False,False,False,False,False,False,False,True,False,False,False,False,False,False,False,False,False,True,False,False,False,False,False,False,False,True,False,False,False,False,False,False,False,False,False,False,False,False,False,True,False,False,True,False,False,False,False,True,False,False,False,False,False,False,False,False,False,False,False,False,False,False,False,False,False,True,False,False,False,False,False,False,False,False,False,False,False,False,False,False,True,False,False,True,False,False,False,True,False,False,False,False,True,False,True,False,False,False,False,False,False,False,False,False,False,True,False,False,False,False,False,False,False,False,False,True,False,False,False,False,False,True,True,False,False,False,False,False,False,False,False,True,False,False,False,False,True,False,True,False,False,False,False,False,False,True,False,True,False,False,False,False,False,True,False,False,False,False,True,False,False,False,False,False,True,False,False,False,False,True,False,True,False,False,True,False,False,False,True,True,False,False,False,False,False,False,False,False,False,False,True,False,False,False,True,False,0.7145365168539325,0.9501748395743947,-0.032828282828287314,0.9202127659574467,0.24999999999999994,2025.050505050505,False,False,False,False,False,False,True,False,True,False
0.04604810996563574,0.0,0.44680851063829785,0.5766478342749529,0.625,0.33333333333333326,0.9393939393939412,0.8833333333333329,0.3947990543735225,0.6256948733786288,0.0,0.2574605032182563,0.6801169590643275,0.6664532650448143,0.0,0.0,0.4873595505617978,0.5,0.0,0.5,0.0,0.6666666666666667,0.0,0.5714285714285714,0.0,0.9270833333333321,0.5,0.5292553191489362,0.3564356435643564,0.17901234567901234,0.0,0.0,0.0,0.0,0.0,0.4545454545454545,0.25,0.5724137931034483,False,False,True,False,True,True,False,False,False,False,False,False,True,False,False,False,False,True,False,False,False,False,False,False,True,False,False,False,False,False,False,False,False,False,False,False,False,False,False,False,False,False,False,False,False,True,False,False,False,False,False,False,False,True,False,False,False,False,False,False,False,False,False,False,True,False,False,False,False,False,True,False,False,False,False,True,False,False,False,False,False,False,False,False,False,False,False,False,False,False,False,False,False,True,False,False,False,False,False,False,False,False,False,False,False,False,False,False,True,False,False,True,False,False,False,True,False,False,False,False,True,False,True,False,False,False,False,True,False,False,False,False,False,True,False,False,False,False,False,True,False,False,False,False,False,False,False,False,False,True,True,False,False,False,False,False,False,False,False,True,False,False,False,False,True,False,True,False,False,False,False,False,False,True,False,False,True,False,False,True,False,False,False,False,False,False,True,False,False,False,False,False,True,False,False,False,False,True,False,True,False,False,True,False,False,False,True,True,False,False,False,False,False,False,False,False,False,False,True,False,False,False,True,False,0.3045997191011236,1.3465702241091417,-0.056060606060608364,0.2646276595744681,0.2083333333333333,2025.060606060606,False,False,False,False,False,True,False,False,False,True
0.046735395189003444,0.09999999999999998,0.18085106382978722,0.12037664783427493,0.25,0.6666666666666667,0.3535353535353529,0.0,0.0,0.0,0.0,0.4370977179637215,0.26725146198830413,0.19782330345710625,0.0,0.0,0.1446629213483146,0.0,0.0,0.0,0.0,0.3333333333333333,0.0,0.14285714285714285,0.0,0.3229166666666643,0.0,0.0797872340425532,0.0,0.0,0.0,0.0,0.0,0.0,0.0,0.4545454545454545,1.0,0.06896551724137931,False,False,False,True,True,True,False,False,False,True,False,False,True,False,False,False,False,False,False,False,False,False,False,False,False,False,False,False,False,False,False,False,False,False,False,False,True,False,False,False,False,False,False,False,False,False,False,False,False,False,False,False,False,True,False,False,False,False,False,False,False,False,False,False,True,False,False,False,False,False,True,False,False,False,False,True,False,False,False,False,False,False,False,False,False,False,False,False,False,True,False,False,False,False,False,False,False,False,False,False,False,False,False,True,False,False,False,False,False,False,False,False,True,False,False,False,True,False,True,False,False,True,False,False,False,False,False,False,False,True,False,False,False,True,False,False,True,False,False,False,False,False,False,True,False,False,False,False,False,True,True,False,False,False,False,False,False,False,True,True,False,False,False,False,True,False,False,True,False,False,False,False,False,True,False,False,True,False,False,True,False,False,False,False,False,False,False,True,False,False,False,False,True,False,False,False,False,True,False,True,False,False,True,False,False,False,True,True,False,False,False,False,False,False,False,False,False,False,True,False,False,False,True,False,0.03616573033707865,0.4650747654454104,-0.3535353535353529,0.0,0.16666666666666669,2025.6464646464647,False,False,False,False,False,False,False,False,False,False
0.048797250859106536,0.0,0.4148936170212766,0.3456873822975518,0.25,0.6666666666666667,0.7272727272727266,0.93333333333333,0.0,0.34898085237801113,0.0,0.16383850204798128,0.32456140350877194,0.2605633802816902,0.0,0.0,0.19054307116104868,0.5,0.0,0.0,0.0,0.3333333333333333,0.0,0.14285714285714285,0.0,0.7604166666666643,0.5,0.26595744680851063,0.0,0.0,0.0,0.0,0.0,0.0,0.0,0.4545454545454545,0.25,0.2396551724137931,False,False,True,False,True,True,False,False,False,True,False,False,True,False,False,False,False,False,False,False,False,False,False,False,False,False,False,False,False,False,True,False,False,False,False,False,False,False,False,False,False,False,False,False,False,True,False,False,False,False,False,False,False,True,False,False,False,False,False,False,False,False,False,False,True,False,False,False,False,False,True,False,False,False,False,True,False,False,False,False,False,False,False,False,False,False,False,True,False,False,False,False,False,False,False,False,False,False,False,False,False,False,False,False,False,True,False,False,False,False,False,False,True,False,False,False,True,False,False,False,True,True,False,False,False,False,False,False,False,True,False,False,False,True,False,False,True,False,False,False,False,False,False,False,False,False,False,False,False,True,True,False,False,False,False,False,False,False,True,True,False,False,False,False,True,False,False,True,False,False,False,False,False,True,False,False,True,False,False,False,False,False,False,True,False,False,False,True,False,False,False,False,True,False,False,False,False,True,False,True,False,False,True,False,False,False,True,True,False,False,False,False,False,False,False,False,False,False,True,False,False,False,True,False,0.04763576779026217,0.5851247837904621,0.2060606060606034,0.13297872340425532,0.16666666666666669,2025.2727272727273,False,False,False,False,False,False,False,False,False,False
0.057044673539518906,0.0,0.5319148936170213,0.4430885122410546,0.375,0.33333333333333326,0.5050505050505052,0.1666666666666643,0.15602836879432624,0.0,0.0,0.6231714452896431,0.4532163742690059,0.4014084507042253,0.0,0.0,0.29353932584269665,0.0,0.0,0.0,1.0,0.6666666666666667,0.0,0.42857142857142855,0.0,0.625,0.5,0.4002659574468085,0.18316831683168316,0.0,0.0,0.0,0.0,0.0,0.0,0.5454545454545454,0.25,0.2293103448275862,False,False,True,False,True,True,False,False,False,False,False,False,True,False,False,False,False,True,False,False,False,False,False,False,False,False,False,False,False,False,False,True,False,False,False,False,False,False,False,False,False,False,False,False,False,True,False,False,False,False,False,False,False,True,False,False,False,False,False,False,False,False,False,False,True,False,False,False,False,False,True,False,False,False,False,True,False,False,False,False,False,False,False,False,False,False,False,False,False,True,False,False,False,False,False,False,False,False,False,False,False,False,False,True,False,False,False,False,False,False,False,False,False,False,False,False,True,False,False,False,True,True,False,False,False,False,False,False,False,True,False,False,False,True,False,False,True,False,False,False,False,False,False,True,False,False,False,False,False,True,True,False,False,False,False,False,True,False,False,True,False,False,False,False,True,False,False,True,False,False,False,False,False,True,False,False,True,False,False,False,False,False,False,True,False,False,False,True,False,False,False,False,True,False,False,False,False,True,False,True,False,False,True,False,False,False,True,True,False,False,False,False,False,False,False,False,False,False,False,False,False,False,True,False,0.11007724719101125,0.8546248249732312,-0.3383838383838409,0.20013297872340424,0.12499999999999997,2025.4949494949494,False,False,False,False,False,False,False,True,False,False
0.0584192439862543,0.39999999999999997,0.9680851063829786,0.9829755178907721,0.75,0.33333333333333326,0.8181818181818201,0.7000000000000028,0.6713947990543735,0.0,0.0,0.7536571094207138,0.5836257309941522,0.5524967989756722,0.8272794662713121,0.0,0.926498127340824,0.0,0.0,0.5,1.0,1.0,0.0,0.857142857142857,0.5,0.8020833333333321,0.5,0.40159574468085113,0.31435643564356436,0.5061728395061729,0.0,0.0,0.0,0.0,0.0,0.2727272727272727,0.0,0.6896551724137931,False,False,True,False,True,True,False,False,False,True,False,False,True,False,False,False,False,False,False,False,False,False,False,False,False,False,False,False,False,False,False,False,False,False,True,False,False,False,False,False,False,False,False,False,False,True,False,False,False,False,False,False,False,True,False,False,False,False,False,False,False,False,False,False,False,False,False,True,False,False,False,False,True,False,False,True,False,False,False,False,False,False,False,False,False,False,False,True,False,False,False,False,False,False,False,False,False,False,False,False,False,True,False,False,False,False,False,False,False,False,False,True,False,False,False,True,False,False,False,False,True,True,False,False,False,False,False,True,False,False,False,False,False,True,False,False,True,False,False,False,False,False,False,True,False,False,False,False,False,True,True,False,False,False,False,False,False,False,False,True,False,False,False,False,True,False,True,False,False,False,False,False,False,True,False,False,False,False,True,True,False,False,False,False,False,False,False,True,False,False,False,False,True,False,False,False,False,True,False,True,False,False,True,False,False,False,True,True,False,False,False,False,False,False,False,False,False,False,True,False,False,False,True,False,0.694873595505618,1.1361225299698243,-0.11818181818181728,0.20079787234042556,0.24999999999999994,2025.1818181818182,False,False,False,False,False,False,True,False,False,True
0.059106529209622,0.39999999999999997,0.9787234042553191,0.6705084745762712,0.5,0.33333333333333326,0.9595959595959584,0.9166666666666643,0.0,0.0,0.0,0.4002340550029257,0.23040935672514623,0.15749039692701666,0.6493699036323202,0.0,0.5252808988764045,0.0,0.0,0.5,1.0,0.6666666666666667,0.0,0.42857142857142855,0.5,0.9479166666666643,0.5,0.3191489361702128,0.24752475247524752,0.2345679012345679,0.0,0.0,0.0,0.0,0.0,0.1818181818181818,0.75,0.3931034482758621,False,False,True,False,True,True,False,True,False,False,False,False,True,False,False,False,False,True,False,False,False,False,False,False,False,False,False,True,False,False,False,False,False,False,False,False,False,False,False,False,False,False,False,False,False,True,False,False,False,False,False,False,False,True,False,False,False,False,False,False,False,False,False,False,False,False,False,True,False,False,True,False,False,False,False,True,False,False,False,False,False,False,False,False,False,False,False,False,False,False,False,False,False,True,False,False,False,False,False,False,False,False,False,False,False,False,False,False,True,False,False,False,True,False,False,True,False,False,False,False,True,False,True,False,False,False,False,True,False,False,False,False,False,True,False,False,False,False,False,False,False,False,False,True,False,False,False,False,False,True,True,False,False,False,False,False,False,False,False,True,False,False,False,False,True,False,True,False,False,False,False,False,False,True,False,True,False,False,False,False,False,True,False,False,False,False,False,False,False,False,False,False,True,False,False,False,False,True,False,True,False,False,True,False,False,False,True,True,False,False,False,False,False,False,False,False,False,False,True,False,False,False,True,False,0.26264044943820225,0.3878997536521629,-0.04292929292929415,0.1595744680851064,0.16666666666666663,2025.0404040404042,False,False,False,False,False,True,False,False,False,True
0.06460481099656358,0.39999999999999997,0.4148936170212766,0.47661016949152546,0.5,0.33333333333333326,0.8787878787878789,0.7833333333333314,0.0,0.4002470660901791,0.0,0.10298420128730251,0.312280701754386,0.29897567221510885,0.6530763528539659,0.0,0.6310861423220974,0.5,0.0,0.5,1.0,0.6666666666666667,0.0,0.5714285714285714,0.0,0.8645833333333321,0.5,0.6968085106382979,0.0,1.0,0.0,0.0,0.0,0.0,0.0,0.36363636363636365,0.25,0.4991379310344828,False,False,True,False,True,True,False,False,False,False,False,False,True,False,False,False,False,True,False,False,False,False,False,False,True,False,False,False,False,False,False,False,False,False,False,False,False,False,False,False,False,False,False,False,False,True,False,False,False,False,False,False,False,True,False,False,False,False,False,False,False,False,False,False,False,False,False,True,False,False,True,False,False,False,False,True,False,False,False,False,False,False,False,False,False,False,False,False,False,False,False,False,False,True,False,False,False,False,False,False,False,False,False,False,False,False,False,False,True,False,False,False,True,False,False,False,True,False,True,False,False,False,True,False,False,False,False,True,False,False,False,False,False,True,False,False,True,False,False,True,False,False,False,False,False,False,False,False,False,True,True,False,False,False,False,False,False,False,False,True,False,False,False,False,True,False,True,False,False,False,False,False,False,True,False,False,True,False,False,True,False,False,False,False,False,False,True,False,False,False,False,False,True,False,False,False,False,True,False,True,False,False,True,False,False,False,True,True,False,False,False,False,False,False,False,False,False,False,True,False,False,False,True,False,0.3155430711610487,0.6112563739694948,-0.09545454545454746,0.3484042553191489,0.16666666666666663,2025.121212121212,False,False,False,False,False,False,True,False,True,False
0.06597938144329897,0.0,0.5106382978723404,0.5464406779661017,0.625,0.33333333333333326,0.8989898989898997,0.8166666666666629,0.4326241134751773,0.7177269919703522,0.0,0.24926857811585723,0.7590643274853801,0.7362355953905251,0.0,0.0,0.5383895131086143,0.0,0.0,0.5,0.0,0.6666666666666667,0.0,0.42857142857142855,0.0,0.8854166666666643,0.5,0.4148936170212766,0.3910891089108911,0.17901234567901234,0.0,0.0,0.0,0.0,0.0,0.6363636363636364,0.0,0.5310344827586208,False,False,True,False,True,True,False,False,False,False,False,False,True,False,False,False,False,True,False,False,False,False,False,False,True,False,False,False,False,False,False,False,False,False,False,False,False,False,False,False,False,False,False,False,False,True,False,False,False,False,False,False,False,True,False,False,False,False,False,False,False,False,False,False,True,False,False,False,False,False,True,False,False,False,False,True,False,False,False,False,False,False,False,False,False,False,False,False,False,False,False,False,False,True,False,False,False,False,False,False,False,False,False,False,False,False,False,False,True,False,False,True,False,False,False,True,False,False,False,False,True,False,True,False,False,False,False,True,False,False,False,False,False,True,False,False,False,False,False,False,False,False,False,False,False,False,False,False,False,True,True,False,False,False,False,False,False,False,False,True,False,False,False,False,True,False,True,False,False,False,False,False,False,True,False,False,True,False,False,True,False,False,False,False,False,False,True,False,False,False,False,False,True,False,False,False,False,True,False,True,False,False,True,False,False,False,True,True,False,False,False,False,False,False,False,False,False,False,True,False,False,False,True,False,0.3364934456928839,1.4952999228759052,-0.0823232323232368,0.2074468085106383,0.2083333333333333,2025.1010101010102,False,False,False,False,False,True,False,False,True,False
0.06666666666666668,0.0,0.45744680851063824,0.5959322033898306,0.25,0.33333333333333326,0.5555555555555571,0.25,0.11347517730496454,0.32118591723285983,0.0,0.2574605032182563,0.391812865497076,0.3341869398207426,0.0,0.0,0.2443820224719101,0.5,0.0,0.0,0.0,0.6666666666666667,0.0,0.42857142857142855,0.0,0.53125,0.0,0.36170212765957444,0.297029702970297,0.0,0.0,0.0,0.0,0.0,0.0,0.36363636363636365,0.25,0.11982758620689657,False,False,True,False,True,True,False,False,False,True,True,False,False,False,False,False,False,True,False,False,False,False,False,False,False,False,True,False,False,False,False,False,False,False,False,False,False,False,False,False,False,False,False,False,False,True,False,False,False,False,False,False,False,True,False,False,False,False,False,False,False,False,False,False,True,False,False,False,False,False,False,False,True,False,False,True,False,False,False,False,False,False,False,False,False,False,False,True,False,False,False,False,False,False,False,False,False,False,False,False,False,True,False,False,False,False,False,False,False,False,False,True,False,False,False,False,True,False,False,False,True,True,False,False,False,False,False,False,False,True,False,False,False,True,False,False,True,False,False,False,False,False,True,False,False,False,False,False,False,True,True,False,False,False,False,False,False,False,True,True,True,False,False,False,False,False,False,True,False,False,False,False,False,True,False,False,True,False,False,True,False,False,False,False,False,False,False,False,False,False,False,False,True,False,False,False,False,True,True,False,False,False,True,False,False,False,True,True,False,False,False,False,False,False,False,False,False,False,True,False,False,False,True,False,0.061095505617977525,0.7259998053178186,-0.30555555555555713,0.0,0.08333333333333331,2025.4444444444443,False,False,False,False,False,False,False,False,False,True
0.06941580756013746,0.39999999999999997,0.5,0.46674199623352164,0.5,0.33333333333333326,0.7575757575757578,0.5833333333333357,0.7943262411347518,0.0,0.0,0.43358689291983615,0.26374269005847956,0.3450704225352113,0.5596738324684951,0.0,0.6058052434456929,0.0,0.0,0.5,1.0,0.6666666666666667,0.0,0.5714285714285714,0.5,0.7395833333333321,0.5,0.42021276595744683,0.4752475247524752,0.2839506172839506,0.0,0.0,0.0,0.0,0.0,0.4545454545454545,1.0,0.40689655172413797,False,False,True,False,True,True,False,False,False,True,False,False,True,False,False,False,False,True,False,False,False,False,False,False,False,False,False,False,False,False,False,False,False,False,False,False,False,False,False,True,False,False,False,False,False,True,False,False,False,False,False,False,False,True,False,False,False,False,False,False,False,False,False,False,False,False,False,True,False,False,True,False,False,False,False,True,False,False,False,False,False,False,False,False,False,False,False,True,False,False,False,False,False,False,False,False,False,False,False,False,False,True,False,False,False,False,False,False,False,False,False,True,False,False,False,True,False,False,False,False,True,True,False,False,False,False,False,True,False,False,False,False,False,True,False,False,True,False,False,False,False,False,False,True,False,False,False,False,False,True,True,False,False,False,False,False,False,False,True,True,False,False,False,False,True,False,True,False,False,False,False,False,False,True,False,False,False,False,True,True,False,False,False,False,False,False,False,False,False,False,False,False,True,False,False,False,False,True,False,True,False,False,True,False,False,False,True,True,False,False,False,False,False,False,False,False,False,False,True,False,False,False,True,False,0.30290262172284643,0.6088131125936909,-0.1742424242424221,0.21010638297872342,0.16666666666666663,2025.2424242424242,False,False,False,False,False,False,True,False,True,False
0.07079037800687286,0.0,0.6808510638297872,0.5568361581920904,0.625,0.33333333333333326,1.0,0.9833333333333343,0.0,0.0,0.0,0.7173785839672323,0.5473684210526315,0.5044814340588988,0.0,0.0,0.36891385767790263,0.0,0.0,0.5,0.0,0.6666666666666667,0.0,0.42857142857142855,0.0,0.9895833333333321,1.0,0.7712765957446809,0.0,0.2222222222222222,0.0,0.0,0.0,0.0,0.0,0.36363636363636365,1.0,0.47896551724137937,False,False,True,False,True,True,False,False,False,False,False,False,True,False,False,False,False,False,False,False,False,False,False,False,True,False,False,False,False,False,False,False,False,False,False,False,False,False,False,False,False,False,False,False,False,True,False,False,False,False,False,False,False,True,False,False,False,False,False,False,False,False,False,False,True,False,False,False,False,False,True,False,False,False,False,True,False,False,False,False,False,False,False,False,False,False,False,False,False,False,False,False,False,True,False,False,False,False,False,False,False,False,False,False,False,False,False,False,True,False,False,False,True,False,False,False,True,False,False,False,True,False,True,False,False,False,False,True,False,False,False,False,False,True,False,False,True,False,False,False,False,False,False,True,False,False,False,False,False,True,True,False,False,False,False,False,False,False,False,True,False,False,False,False,True,False,True,False,False,False,False,False,False,True,False,False,True,False,False,True,False,False,False,False,False,False,True,False,False,False,False,False,True,False,False,False,False,True,False,True,False,False,True,False,False,False,True,True,False,False,False,False,False,False,False,False,False,False,True,False,False,False,True,False,0.23057116104868913,1.0518498551115303,-0.01666666666666572,0.7712765957446809,0.2083333333333333,2025.0,False,False,False,False,True,False,False,False,True,False
0.07560137457044674,0.3,0.4787234042553191,0.4907721280602636,0.5,0.0,0.4444444444444464,0.36666666666666714,0.0,0.27424336009882644,0.0,0.32182562902282036,0.4116959064327485,0.498079385403329,0.47368421052631576,0.0,0.6633895131086143,0.0,0.0,0.5,0.0,1.0,0.0,0.5714285714285714,0.0,0.4166666666666643,0.0,0.21941489361702124,0.4504950495049505,0.0,0.0,0.0,0.0,0.0,0.0,0.8181818181818182,0.0,0.2651724137931034,False,False,True,False,True,True,False,False,False,True,False,False,True,False,False,False,False,True,False,False,False,False,False,False,False,False,True,False,False,False,False,False,False,False,False,False,False,False,False,False,False,False,False,False,False,True,False,False,False,False,False,False,False,True,False,False,False,False,False,False,False,False,False,False,False,False,False,False,False,False,True,False,False,False,False,True,False,False,False,False,False,False,False,False,False,False,False,False,False,False,False,False,False,False,True,False,False,False,False,False,False,False,False,False,False,False,False,False,False,True,False,False,True,False,False,False,True,False,False,False,True,True,False,False,False,False,False,False,False,True,False,False,False,False,False,False,True,False,False,False,False,False,True,False,False,False,False,False,False,True,True,False,False,False,False,False,True,False,False,True,False,False,False,False,True,False,False,True,False,False,False,False,False,True,False,False,True,False,False,True,False,False,False,False,False,False,False,True,False,False,False,False,True,False,False,False,False,True,False,True,False,False,True,False,False,False,True,True,False,False,False,False,False,False,False,False,False,False,True,False,False,False,True,False,0.33169475655430714,0.9097752918360775,-0.07777777777777928,0.0,0.0,2025.5555555555557,False,False,False,False,False,False,True,False,True,False
0.08041237113402062,0.0,0.46808510638297873,0.41627118644067795,0.375,0.33333333333333326,0.9696969696969688,0.9500000000000028,0.0,0.0,0.0,0.6582796957284962,0.4883040935672515,0.439820742637644,0.0,0.0,0.3216292134831461,0.0,0.0,0.0,1.0,0.3333333333333333,0.0,0.28571428571428564,0.0,0.96875,0.5,0.35904255319148937,0.19801980198019803,0.3950617283950617,0.0,0.0,0.0,0.0,0.0,0.2727272727272727,0.25,0.3275862068965517,False,False,True,False,True,True,False,False,False,True,False,False,True,False,False,False,False,False,False,False,False,False,False,False,False,False,True,False,False,False,False,False,False,False,False,False,False,False,False,False,False,False,False,False,False,True,False,False,False,False,False,False,False,True,False,False,False,False,False,False,False,False,False,False,True,False,False,False,False,False,True,False,False,False,False,True,False,False,False,False,False,False,False,False,False,False,False,False,False,False,False,False,False,True,False,False,False,False,False,False,False,False,False,False,False,False,False,False,True,False,False,False,True,False,False,False,True,False,False,False,True,False,True,False,False,False,False,True,False,False,False,False,False,True,False,False,True,False,False,False,False,False,False,True,False,False,False,False,False,True,True,False,False,False,False,False,True,False,False,True,False,False,False,False,True,False,False,True,False,False,False,False,False,True,False,False,True,False,False,True,False,False,False,False,False,False,False,True,False,False,False,False,True,False,False,False,False,True,False,True,False,False,True,False,False,False,True,True,False,False,False,False,False,False,False,False,True,False,False,False,False,False,False,True,0.12061095505617979,0.9281248362048955,-0.019696969696965994,0.17952127659574468,0.12499999999999997,2025.030303030303,False,False,False,False,False,False,False,True,False,False
0.08178694158075603,0.39999999999999997,0.3723404255319148,0.4106214689265537,0.5,0.33333333333333326,0.9595959595959584,0.93333333333333,0.0,0.0,0.0,0.42598010532475133,0.256140350877193,0.18565941101152367,0.5396590066716086,0.0,0.47659176029962547,0.0,0.0,0.5,1.0,0.6666666666666667,0.0,0.7142857142857142,0.5,0.9479166666666643,0.5,0.3058510638297872,0.0,0.14814814814814814,0.0,0.0,0.0,0.0,0.0,0.5454545454545454,0.0,0.35858620689655174,False,False,True,False,True,True,False,False,False,True,False,False,True,False,False,False,False,True,False,False,False,False,False,False,True,False,False,False,False,False,False,False,False,False,False,False,False,False,False,False,False,False,False,False,False,True,False,False,False,False,False,False,False,True,False,False,False,False,False,False,False,False,False,False,False,False,False,True,False,False,True,False,False,False,False,True,False,False,False,False,False,False,False,False,False,False,False,False,False,False,False,False,False,True,False,False,False,False,False,False,False,False,False,False,False,False,False,False,True,False,False,False,True,False,False,True,False,False,False,False,True,False,True,False,False,False,False,True,False,False,False,False,False,True,False,False,True,False,False,False,False,False,False,True,False,False,False,False,False,True,True,False,False,False,False,False,False,False,False,True,False,False,False,False,True,False,True,False,False,False,False,False,False,True,False,True,False,False,False,True,False,False,False,False,False,False,False,False,False,False,False,False,True,False,False,False,False,True,False,True,False,False,True,False,False,False,True,True,False,False,False,False,False,False,False,False,True,False,False,False,False,False,False,True,0.23829588014981273,0.44179976188871667,-0.02626262626262843,0.1529255319148936,0.16666666666666663,2025.0404040404042,False,False,False,False,True,False,False,True,False,False
0.08453608247422681,1.0,0.26595744680851063,0.367758945386064,0.5,0.33333333333333326,0.8383838383838373,0.7166666666666686,0.0,0.1852995676343422,0.0,0.5260386190754828,0.5315789473684212,0.4871959026888604,0.0,0.0,0.35627340823970033,0.0,0.0,0.5,0.0,0.3333333333333333,0.0,0.28571428571428564,0.0,0.8229166666666643,0.5,0.4920212765957447,0.0,0.38888888888888884,0.0,0.0,0.0,0.0,0.0,0.1818181818181818,0.5,0.32379310344827583,False,False,True,False,True,True,False,False,False,True,False,False,True,False,False,False,False,True,False,False,False,False,False,False,False,False,False,False,False,False,False,False,False,False,False,False,False,False,False,True,False,False,False,False,False,True,False,False,False,False,False,False,False,True,False,False,False,False,False,False,False,False,True,False,True,False,False,False,False,False,True,False,False,False,False,True,False,False,False,False,False,False,False,False,False,False,False,False,False,False,True,False,False,False,False,False,False,False,False,False,False,False,False,False,False,True,False,False,False,False,False,False,True,False,False,True,False,False,False,False,True,False,True,False,False,False,False,True,False,False,False,False,False,True,False,False,True,False,False,True,False,False,False,False,False,False,False,False,False,True,True,False,False,False,False,False,False,False,False,True,False,False,False,False,True,False,True,False,False,False,False,False,False,True,False,False,True,False,False,True,False,False,False,False,False,False,True,False,False,False,False,False,True,False,False,False,False,True,False,True,False,False,True,False,False,False,True,True,False,False,False,False,False,False,False,False,False,False,True,False,False,False,True,False,0.17813670411985016,1.0187748500572815,-0.12171717171716878,0.24601063829787234,0.16666666666666663,2025.1616161616162,False,False,False,False,True,False,False,True,False,False
0.0879725085910653,0.39999999999999997,0.4148936170212766,0.3450094161958569,0.5,0.33333333333333326,0.5656565656565675,0.2666666666666657,0.6288416075650118,0.31624459542927735,0.0,0.08660035108250438,0.216374269005848,0.14212548015364918,0.5100074128984433,0.0,0.42602996254681647,0.0,0.0,0.0,1.0,0.6666666666666667,0.0,0.42857142857142855,0.5,0.5416666666666643,0.5,0.3896276595744681,0.46534653465346537,0.6666666666666666,0.0,0.0,0.0,0.0,0.0,0.5454545454545454,0.0,0.3275862068965517,False,False,True,False,True,True,False,False,False,True,False,False,True,False,False,False,False,True,False,False,False,False,False,False,False,False,False,False,False,False,False,True,False,False,False,False,False,False,False,False,False,False,False,False,False,False,False,True,False,False,False,False,False,True,False,False,False,False,False,False,False,False,False,False,False,False,False,True,False,False,True,False,False,False,False,True,False,False,False,False,False,False,False,False,False,False,False,False,False,False,False,False,False,True,False,False,False,False,False,False,False,False,False,False,False,False,False,False,True,False,False,True,False,False,False,False,True,False,False,False,True,True,False,False,False,False,False,False,False,True,False,False,False,True,False,False,True,False,True,False,False,False,False,False,False,False,False,False,False,True,True,False,False,False,False,False,False,False,True,True,False,False,False,False,True,False,False,True,False,False,False,False,False,True,True,False,False,False,False,True,False,False,False,False,False,False,True,False,False,False,False,False,True,False,False,False,False,True,False,True,False,False,True,False,False,False,True,True,False,False,False,False,False,False,False,False,False,False,True,False,False,False,True,False,0.21301498127340823,0.35849974915949717,-0.2989898989899018,0.19481382978723405,0.16666666666666663,2025.4343434343434,False,False,False,False,True,False,False,False,False,False
0.0893470790378007,0.39999999999999997,0.6170212765957447,0.8429378531073447,0.625,0.6666666666666667,0.5656565656565675,0.2666666666666657,0.7304964539007092,0.27486102532427426,0.0,0.2802808660035108,0.3707602339181287,0.498079385403329,0.6975537435137138,0.0,0.8047752808988765,0.0,0.0,0.5,1.0,1.0,0.0,0.7142857142857142,1.0,0.5416666666666643,0.5,0.43484042553191493,0.2599009900990099,0.4074074074074074,0.0,0.0,0.0,0.0,0.0,0.36363636363636365,0.0,0.5724137931034483,False,False,True,False,True,True,False,False,False,True,False,False,True,False,False,False,False,False,False,False,False,False,False,False,False,False,False,False,False,False,False,True,False,False,False,False,False,False,False,False,False,False,False,False,False,True,False,False,False,False,False,False,False,True,False,False,False,False,False,False,False,False,False,False,False,False,False,True,False,False,True,False,False,False,False,True,False,False,False,False,False,False,False,False,False,False,False,False,False,True,False,False,False,False,False,False,False,False,False,False,False,False,False,True,False,False,False,False,False,False,False,True,False,False,False,False,True,False,False,False,True,True,False,False,False,False,False,False,False,True,False,False,False,True,False,False,True,False,False,False,False,False,True,False,False,False,False,False,False,True,True,False,False,False,False,False,False,False,False,True,False,False,False,False,True,False,True,False,False,False,False,False,False,True,False,True,False,False,False,True,False,False,False,False,False,False,False,False,False,False,False,False,True,False,False,False,False,True,False,True,False,False,True,False,False,False,False,True,False,False,False,False,False,False,False,False,False,False,True,False,False,False,True,False,0.5029845505617978,0.8688396193214577,-0.2989898989899018,0.21742021276595747,0.41666666666666674,2025.4343434343434,False,False,False,False,False,False,True,False,False,True
0.0907216494845361,0.0,0.4787234042553191,0.3297928436911488,0.375,0.6666666666666667,0.4949494949494948,0.8666666666666671,0.0,0.250154416306362,0.0,0.385020479812756,0.452046783625731,0.5691421254801536,0.0,0.0,0.41619850187265917,0.5,0.0,0.0,0.0,0.6666666666666667,0.0,0.5714285714285714,0.0,0.625,0.5,0.6170212765957447,0.0,0.0,0.0,0.0,0.0,0.0,0.0,0.5454545454545454,0.25,0.3129310344827586,False,False,True,False,True,True,False,False,False,True,False,False,True,False,False,False,False,False,False,False,False,False,False,False,False,False,False,False,False,False,False,True,False,False,False,False,False,False,False,False,False,False,False,False,False,True,False,False,False,False,False,False,False,True,False,False,False,False,False,False,False,False,False,False,True,False,False,False,False,False,True,False,False,False,False,True,False,False,False,False,False,False,False,False,False,False,False,False,False,True,False,False,False,False,False,False,False,False,False,False,False,False,False,True,False,False,False,False,False,False,False,False,True,False,False,False,True,False,False,False,True,True,False,False,False,False,False,False,False,True,False,False,False,True,False,False,True,False,False,False,False,False,True,False,False,False,False,False,False,True,True,False,False,False,False,False,True,False,False,True,False,False,False,False,True,False,True,False,False,False,False,False,False,True,False,False,True,False,False,False,False,False,False,True,False,False,False,True,False,False,False,False,True,False,False,False,False,True,False,True,False,False,True,False,False,False,True,True,False,False,False,False,False,False,False,False,False,False,True,False,False,False,True,False,0.1560744382022472,1.0211889091058846,0.37171717171717233,0.30851063829787234,0.25,2025.5050505050506,False,False,False,False,True,False,False,False,False,False
0.09278350515463918,0.0,0.5319148936170213,0.5566854990583804,0.625,0.6666666666666667,0.6060606060606055,0.3333333333333357,0.6808510638297872,0.0,0.0,0.7630193095377413,0.5929824561403509,0.7964148527528809,0.0,0.0,0.5823970037453183,0.0,0.0,0.5,0.0,0.6666666666666667,0.0,0.5714285714285714,0.5,0.5833333333333321,0.5,0.4920212765957447,0.24257425742574257,0.0,0.0,0.0,0.0,0.0,0.0,0.36363636363636365,0.5,0.3931034482758621,False,False,True,False,True,True,False,False,False,True,False,False,True,False,False,False,False,True,False,False,False,False,False,False,False,False,False,False,False,False,False,False,False,True,False,False,False,False,False,False,False,False,False,False,False,True,False,False,False,False,False,False,False,True,False,False,False,False,False,False,False,False,False,False,True,False,False,False,False,False,False,False,True,False,False,True,False,False,False,False,False,False,False,False,False,False,False,False,False,False,True,False,False,False,False,False,False,False,False,False,False,False,False,False,False,True,False,False,False,False,False,True,False,False,False,False,True,False,False,False,True,False,True,False,False,False,False,False,False,True,False,False,False,True,False,False,True,False,False,False,False,False,False,True,False,False,False,False,False,True,True,False,False,False,False,False,True,False,False,True,False,False,False,False,True,False,False,True,False,False,False,False,False,True,False,True,False,False,False,True,False,False,False,False,False,False,False,True,False,False,False,False,True,False,False,False,False,True,False,True,False,False,True,False,True,False,False,True,False,False,False,False,False,False,False,False,False,False,True,False,False,False,True,False,0.36399812734082393,1.3893973088932319,-0.2727272727272698,0.24601063829787234,0.41666666666666674,2025.3939393939395,False,False,False,False,False,True,False,False,True,False
0.09484536082474228,0.39999999999999997,0.45744680851063824,0.456195856873823,0.75,0.33333333333333326,0.8989898989898997,0.8333333333333357,0.7565011820330969,0.4126003705991353,0.0,0.19660620245757754,0.41754385964912283,0.3623559539052497,0.6286137879911045,0.0,0.6619850187265918,0.0,0.0,0.5,1.0,0.6666666666666667,0.0,0.5714285714285714,1.0,0.8854166666666643,1.0,0.6648936170212766,0.5544554455445545,0.654320987654321,0.0,0.0,0.0,0.0,0.0,0.9999999999999999,0.5,0.5862068965517241,False,False,True,False,True,True,False,False,False,False,False,False,True,False,False,False,False,True,False,False,False,False,False,False,True,False,False,False,False,False,False,False,False,False,False,False,False,False,False,False,False,False,False,False,False,True,False,False,False,False,False,False,False,True,False,False,False,False,False,False,False,False,False,False,False,False,False,True,False,False,True,False,False,False,False,True,False,False,False,False,False,False,False,False,False,False,False,False,False,False,False,False,False,True,False,False,False,False,False,False,False,False,False,False,False,False,False,False,True,False,False,True,False,False,False,True,False,False,False,False,True,False,True,False,False,False,False,True,False,False,False,False,False,True,False,True,False,False,False,True,False,False,False,False,False,False,False,False,False,True,True,False,False,False,False,False,False,False,False,True,False,False,False,False,True,False,True,False,False,False,False,False,False,True,False,False,False,False,True,True,False,False,False,False,False,False,False,False,False,False,False,False,True,False,False,False,False,True,False,True,False,False,True,False,False,False,False,True,False,False,False,False,False,False,False,False,False,False,True,False,False,False,True,False,0.4964887640449438,0.7798998135543725,-0.06565656565656397,0.6648936170212766,0.24999999999999994,2025.1010101010102,False,False,False,False,False,False,True,False,True,False
0.09553264604810997,0.39999999999999997,0.3723404255319148,0.935291902071563,0.5,0.33333333333333326,0.8787878787878789,0.7833333333333314,0.0,0.5071031500926498,0.0,0.06260971328262142,0.37309941520467843,0.3137003841229193,0.6197183098591549,0.0,0.6207865168539326,0.5,0.0,0.5,1.0,0.6666666666666667,0.0,0.5714285714285714,0.0,0.8645833333333321,0.5,0.4122340425531915,0.6831683168316832,0.611111111111111,0.0,0.0,0.0,0.0,0.0,0.6363636363636364,0.75,0.5913793103448276,False,False,True,False,True,True,False,False,False,False,False,False,True,False,False,False,False,True,False,False,False,False,False,False,True,False,False,False,False,False,False,False,False,False,False,False,False,False,False,False,False,False,False,False,False,True,False,False,False,False,False,False,False,True,False,False,False,False,False,False,False,False,False,False,False,False,False,True,False,False,True,False,False,False,False,True,False,False,False,False,False,False,False,False,False,False,False,False,False,False,False,False,False,True,False,False,False,False,False,False,False,False,False,False,False,False,False,False,True,False,False,False,True,False,False,False,True,False,False,False,True,False,True,False,False,False,False,True,False,False,False,False,False,True,False,False,True,False,False,True,False,False,False,False,False,False,False,False,False,True,True,False,False,False,False,False,False,False,False,True,False,False,False,False,True,False,True,False,False,False,False,False,False,True,False,False,True,False,False,True,False,False,False,False,False,False,True,False,False,False,False,False,True,False,False,False,False,True,False,True,False,False,True,False,True,False,False,True,False,False,False,False,False,False,False,False,False,False,True,False,False,False,True,False,0.3103932584269663,0.6867997993275977,-0.09545454545454746,0.20611702127659576,0.16666666666666663,2025.121212121212,False,False,False,False,False,False,True,False,False,True
0.09690721649484538,0.0,0.5106382978723404,0.6504708097928437,0.625,0.33333333333333326,0.9595959595959584,0.9166666666666643,0.0,0.8029647930821495,0.0,0.253949678174371,0.8444444444444446,0.8297055057618439,0.0,0.0,0.6067415730337079,0.5,0.0,0.5,0.0,0.6666666666666667,0.0,0.5714285714285714,0.0,0.9479166666666643,0.5,0.6648936170212766,0.39603960396039606,0.14814814814814814,0.0,0.0,0.0,0.0,0.0,0.0,0.0,0.6896551724137931,False,False,True,False,True,True,False,False,False,True,False,False,True,False,False,False,False,True,False,False,False,False,False,False,True,False,False,False,False,False,False,False,False,False,False,False,False,False,False,False,False,False,False,False,False,True,False,False,False,False,False,False,False,True,False,False,False,False,False,False,False,False,False,False,True,False,False,False,False,False,True,False,False,False,False,True,False,False,False,False,False,False,False,False,False,False,False,False,False,False,False,False,False,True,False,False,False,False,False,False,False,False,False,False,False,False,False,False,True,False,False,False,True,False,False,True,False,False,False,False,True,False,True,False,False,False,False,True,False,False,False,False,False,True,False,False,False,False,False,True,False,False,False,False,False,False,False,False,False,True,True,False,False,False,False,False,False,False,False,True,False,False,False,False,True,False,True,False,False,False,False,False,False,True,False,False,True,False,False,True,False,False,False,False,False,False,False,False,False,False,False,False,True,False,False,False,False,True,False,True,False,False,True,False,False,False,True,True,False,False,False,False,False,False,False,False,False,False,True,False,False,False,True,False,0.37921348314606745,1.6741499502062884,-0.04292929292929415,0.3324468085106383,0.2083333333333333,2025.0404040404042,False,False,False,False,False,False,True,False,False,True
0.09759450171821307,0.3,0.43617021276595747,0.4150659133709981,0.375,0.0,0.42424242424242564,0.03333333333333144,0.0,0.3131562693020383,0.0,0.2358104154476302,0.3625730994152047,0.30217669654289375,0.352112676056338,0.0,0.44335205992509363,0.0,0.0,0.5,0.0,1.0,0.0,0.42857142857142855,0.0,0.8958333333333321,0.5,0.7446808510638298,0.0,0.0,0.0,0.0,0.0,0.0,0.0,0.4545454545454545,1.0,0.3655172413793104,False,False,True,False,True,True,False,False,False,True,False,False,True,False,False,False,False,False,False,False,False,False,False,False,False,False,False,False,False,False,False,True,False,False,False,False,False,False,False,False,False,False,False,False,False,False,False,False,False,False,False,False,False,True,False,False,False,False,False,False,False,False,False,False,False,False,False,False,False,False,True,False,False,False,False,True,False,False,False,False,False,False,False,False,True,False,False,False,False,False,False,False,False,False,False,False,False,False,False,False,False,False,False,False,False,False,False,False,False,True,False,False,True,False,False,False,True,True,False,False,False,True,False,False,False,False,False,False,False,True,False,False,False,True,False,False,True,False,False,False,False,False,True,False,False,False,False,False,False,True,True,False,False,False,False,True,False,False,False,True,False,False,False,False,True,False,False,True,False,False,False,False,False,True,False,False,True,False,False,False,False,False,False,True,False,False,False,True,False,False,False,False,True,False,False,False,False,True,False,True,False,False,True,False,True,False,False,True,False,False,False,False,False,False,False,False,False,False,True,False,False,False,True,False,0.1662570224719101,0.6647497959580985,-0.3909090909090942,0.3723404255319149,0.0,2025.5757575757575,False,False,False,False,True,False,False,True,False,False
0.09828178694158077,0.0,0.5106382978723404,0.551789077212806,0.625,0.33333333333333326,0.8989898989898997,0.8166666666666629,0.4326241134751773,0.41939468807906116,0.0,0.4745465184318315,0.7017543859649122,0.6805377720870678,0.0,0.0,0.49765917602996257,0.5,0.0,0.5,0.0,0.6666666666666667,0.0,0.42857142857142855,0.0,0.8854166666666643,0.5,0.5545212765957447,0.3564356435643564,0.17901234567901234,0.0,0.0,0.0,0.0,0.0,0.4545454545454545,0.75,0.496551724137931,False,False,True,False,True,True,False,False,False,False,False,False,True,False,False,False,False,True,False,False,False,False,False,False,True,False,False,False,False,False,False,False,False,False,False,False,False,False,False,False,False,False,False,False,False,True,False,False,False,False,False,False,False,True,False,False,False,False,False,False,False,False,False,False,True,False,False,False,False,False,True,False,False,False,False,True,False,False,False,False,False,False,False,False,False,False,False,False,False,False,False,False,False,True,False,False,False,False,False,False,False,False,False,False,False,False,False,False,True,False,False,True,False,False,False,True,False,False,False,False,True,False,True,False,False,False,False,True,False,False,False,False,False,True,True,False,False,False,False,True,False,False,False,False,False,False,False,False,False,True,True,False,False,False,False,False,False,False,False,True,False,False,False,False,True,False,True,False,False,False,False,False,False,True,False,False,True,False,False,True,False,False,False,False,False,False,True,False,False,False,False,False,True,False,False,False,False,True,False,True,False,False,True,False,False,False,True,True,False,False,False,False,False,False,False,False,False,False,True,False,False,False,True,False,0.3110369850187266,1.38229215805198,-0.0823232323232368,0.27726063829787234,0.2083333333333333,2025.1010101010102,False,False,False,False,False,True,False,False,True,False
0.10034364261168385,0.09999999999999998,0.22340425531914887,0.23427495291902073,0.375,0.9999999999999998,0.21212121212121104,0.7166666666666686,0.0,0.12909203211859174,0.0,0.2960795787009947,0.24853801169590645,0.2797695262483995,0.0,0.0,0.20458801498127344,0.5,0.0,0.0,0.0,0.3333333333333333,0.0,0.28571428571428564,0.0,0.17708333333333215,0.0,0.026595744680851047,0.1188118811881188,0.0,0.0,0.0,0.0,0.0,0.0,0.9090909090909091,0.75,0.15517241379310345,False,False,False,True,True,True,False,False,False,True,False,False,True,False,False,False,False,False,False,False,False,False,True,False,False,False,False,False,False,False,False,False,False,False,False,False,False,False,False,False,False,False,False,False,False,True,False,False,False,False,False,False,False,True,False,False,False,False,False,False,False,False,False,False,True,False,False,False,False,False,True,False,False,False,False,True,False,False,False,False,False,False,False,False,False,False,False,False,False,False,False,False,False,False,True,False,False,False,False,False,False,False,False,False,False,False,False,False,False,True,False,False,True,False,False,False,True,False,False,False,True,False,False,False,False,False,False,False,False,True,False,False,False,True,False,False,True,False,True,False,False,False,False,False,False,False,False,False,False,True,True,False,False,False,False,False,False,False,True,True,False,False,False,False,False,False,False,True,False,False,False,False,False,True,False,False,True,False,False,False,False,False,False,True,False,False,False,True,True,False,False,False,False,False,False,False,False,True,False,True,False,False,True,False,False,False,True,True,False,False,False,False,False,False,False,False,False,False,True,False,False,False,True,False,0.07672050561797754,0.528307537944306,0.5045454545454575,0.0,0.3749999999999999,2025.7878787878788,False,False,False,False,False,False,False,False,False,False
0.10309278350515465,0.0,0.9574468085106383,0.5533709981167608,0.375,0.6666666666666667,0.6565656565656575,0.4166666666666643,0.0,0.44224830142063004,0.0,0.14803978935049736,0.39707602339181286,0.3399487836107555,0.0,0.0,0.24859550561797755,0.0,0.0,0.0,1.0,0.6666666666666667,0.0,0.28571428571428564,0.0,0.6354166666666643,0.5,0.37234042553191493,0.0,0.0,0.0,0.0,0.0,0.0,0.0,0.0,0.25,0.21379310344827587,False,False,True,False,True,True,False,False,False,True,False,False,True,False,False,False,False,False,False,False,False,False,False,False,True,False,False,False,False,False,False,False,False,False,False,False,False,False,False,False,False,False,False,False,False,True,False,False,False,False,False,False,False,True,False,False,False,False,False,False,False,False,False,False,True,False,False,False,False,False,True,False,False,False,False,True,False,False,False,False,False,False,False,False,False,False,False,True,False,False,False,False,False,False,False,False,False,False,False,False,False,True,False,False,False,False,False,False,False,False,False,False,True,False,False,False,True,False,False,False,True,True,False,False,False,False,False,False,False,True,False,False,False,True,False,False,False,False,True,False,False,False,False,False,False,False,False,False,False,True,True,False,False,False,False,False,False,False,True,True,False,False,False,False,True,False,False,True,False,False,False,False,False,True,False,False,True,False,False,True,False,False,False,False,False,False,False,True,False,False,False,False,True,False,False,False,False,True,False,True,False,False,True,False,True,False,False,True,False,False,False,False,False,False,False,False,False,False,True,False,False,False,True,False,0.09322331460674158,0.7370248070025683,-0.23989898989899316,0.18617021276595747,0.25,2025.3434343434344,False,False,False,False,False,False,False,False,True,False
0.10790378006872853,0.39999999999999997,0.6595744680851063,0.6774387947269304,0.75,0.33333333333333326,1.0,1.0,0.19858156028368795,0.0,0.0,0.4528964306612054,0.28304093567251465,0.21510883482714466,0.8851000741289844,0.0,0.7162921348314607,0.0,0.0,0.5,1.0,1.0,0.0,0.7142857142857142,0.5,0.9895833333333321,1.0,0.6914893617021277,0.0,0.4629629629629629,0.0,0.0,0.0,0.0,0.0,0.36363636363636365,1.0,0.7224137931034482,False,False,True,False,True,True,False,False,False,True,False,False,True,False,False,False,False,False,False,False,False,False,False,False,False,False,False,False,False,False,False,False,False,False,False,False,False,False,False,False,False,False,True,False,False,True,False,False,False,False,False,False,False,True,False,False,False,False,False,False,False,False,False,False,False,False,False,True,False,False,True,False,False,False,False,True,False,False,False,False,False,False,False,False,False,False,False,False,False,False,False,False,False,True,False,False,False,False,False,False,False,False,False,False,False,False,False,False,True,False,False,True,False,False,False,True,False,False,False,False,True,False,True,False,False,False,False,False,False,False,False,False,False,True,False,False,True,False,False,False,False,False,False,True,False,False,False,False,False,True,True,False,False,False,False,False,False,False,False,True,False,False,False,False,True,False,False,False,False,False,False,False,False,True,False,True,False,False,False,False,False,True,False,False,False,False,False,False,False,False,False,False,True,False,False,False,False,True,False,True,False,False,True,False,False,False,True,True,False,False,False,False,False,False,False,False,True,False,False,False,False,False,False,True,0.5372191011235955,0.4981497704996593,0.0,0.6914893617021277,0.24999999999999994,2025.0,False,False,False,False,False,False,True,False,False,True
0.10859106529209624,0.39999999999999997,0.7446808510638298,0.7187947269303201,0.625,0.33333333333333326,0.9494949494949516,0.9166666666666643,0.0,0.13712168004941322,0.0,0.4499707431246343,0.40994152046783633,0.354033290653009,0.7086730911786508,0.0,0.7064606741573034,0.0,0.0,0.5,1.0,0.6666666666666667,0.0,0.7142857142857142,0.5,0.9375,0.5,0.6888297872340425,0.0,0.8395061728395061,0.0,0.0,0.0,0.0,0.0,0.36363636363636365,1.0,0.6720689655172414,True,False,False,False,True,True,False,False,False,True,False,False,True,False,False,False,False,False,False,False,False,False,False,False,False,False,False,False,False,False,False,False,False,False,False,False,False,False,False,False,True,False,False,False,False,True,False,False,False,False,False,False,False,True,False,False,False,False,False,False,False,False,False,False,False,False,False,True,False,False,True,False,False,False,False,True,False,False,False,False,False,False,False,False,False,False,False,False,False,False,False,False,False,True,False,False,False,False,False,False,False,False,False,False,False,False,False,False,True,False,False,False,True,False,False,True,False,False,False,False,True,False,True,False,False,False,False,True,False,False,False,False,False,True,False,False,True,False,False,True,False,False,False,False,False,False,False,False,False,True,True,False,False,False,False,False,False,False,False,True,False,False,False,False,True,False,True,False,False,False,False,False,False,True,False,True,False,False,False,True,False,False,False,False,False,False,True,False,False,False,False,False,True,False,False,False,False,True,False,True,False,False,True,True,False,False,False,True,False,False,False,False,False,False,False,False,False,False,True,False,False,False,True,False,0.4415379213483146,0.7639748111208453,-0.032828282828287314,0.34441489361702127,0.2083333333333333,2025.050505050505,False,False,False,False,False,False,True,False,False,True
0.11134020618556702,0.0,0.6914893617021277,0.6909227871939736,0.625,0.33333333333333326,0.9595959595959584,0.9166666666666643,0.5342789598108747,0.7418159357628166,0.0,0.1989467524868344,0.7315789473684211,0.706145966709347,0.0,0.0,0.5163857677902621,0.0,0.0,0.5,0.0,0.6666666666666667,0.0,0.5714285714285714,0.5,0.9479166666666643,0.5,0.49468085106382975,0.0,0.43209876543209874,0.0,0.0,0.0,0.0,0.0,0.36363636363636365,1.0,0.5517241379310345,False,False,True,False,True,True,False,False,False,True,False,False,True,False,False,False,False,False,False,False,False,False,False,False,False,False,False,False,False,False,False,False,False,False,False,True,False,False,False,False,False,False,False,False,False,True,False,False,False,False,False,False,False,True,False,False,False,False,False,False,False,False,False,False,True,False,False,False,False,False,True,False,False,False,False,True,False,False,False,False,False,False,False,False,False,False,False,False,False,False,False,False,False,True,False,False,False,False,False,False,False,False,False,False,False,False,False,False,True,False,False,True,False,False,False,True,False,False,False,False,True,False,True,False,False,False,False,True,False,False,False,False,False,True,False,True,False,False,True,False,False,False,False,False,False,False,False,False,False,True,True,False,False,False,False,False,False,False,False,True,False,False,False,False,True,False,True,False,False,False,False,False,False,True,False,True,False,False,False,True,False,False,False,False,False,False,True,False,False,False,False,False,True,False,False,False,False,True,False,True,False,False,True,False,False,False,True,True,False,False,False,False,False,False,False,False,True,False,False,False,False,False,False,True,0.32274110486891383,1.4377249140777681,-0.04292929292929415,0.24734042553191488,0.2083333333333333,2025.0404040404042,False,False,False,False,False,True,False,False,False,True
0.1147766323024055,0.39999999999999997,0.5957446808510638,0.5688888888888889,0.75,0.33333333333333326,0.9797979797979792,0.9500000000000028,0.7092198581560284,0.7955528103767758,0.0,0.17203042715038033,0.7555555555555555,0.7503201024327786,0.4084507042253521,0.0,0.8066479400749064,0.5,0.0,0.0,1.0,0.6666666666666667,0.0,0.7142857142857142,0.5,0.96875,1.0,0.836436170212766,0.4405940594059406,0.7407407407407407,0.0,0.0,0.0,0.0,0.0,0.9090909090909091,0.25,0.915944827586207,False,False,True,False,True,True,False,False,False,True,False,False,True,False,False,False,False,True,False,False,False,False,False,False,False,False,False,False,False,False,False,False,False,False,False,True,False,False,False,False,False,False,False,False,False,True,False,False,False,False,False,False,False,True,False,False,False,False,False,False,False,False,False,False,False,False,False,True,False,False,True,False,False,False,False,True,False,False,False,False,False,False,False,False,False,False,False,False,False,False,False,False,False,True,False,False,False,False,False,False,False,False,False,False,False,False,False,False,True,False,False,False,False,True,False,True,False,False,False,False,True,False,True,False,False,False,False,False,False,False,False,False,False,True,False,False,True,False,False,True,False,False,False,False,False,False,False,False,False,True,True,False,False,False,False,False,False,False,False,True,False,False,False,False,True,False,False,False,False,False,False,False,False,True,False,True,False,False,False,True,False,False,False,False,False,False,False,False,False,False,False,False,True,False,False,False,False,True,False,True,False,False,True,False,False,False,True,True,False,False,False,False,False,False,False,False,True,False,False,False,False,False,False,True,0.6049859550561798,1.5058756579883341,-0.02979797979797638,0.836436170212766,0.24999999999999994,2025.020202020202,False,False,False,False,False,False,True,False,True,False
0.1154639175257732,0.39999999999999997,0.34042553191489355,0.3942749529190207,0.625,0.33333333333333326,0.9494949494949516,0.8999999999999986,0.0,0.0,0.0,0.49151550614394385,0.32163742690058483,0.2573623559539053,0.6523350630096367,0.0,0.600187265917603,0.0,0.0,0.5,1.0,0.6666666666666667,0.0,0.5714285714285714,0.5,0.9375,0.5,0.37234042553191493,0.24752475247524752,0.2962962962962963,0.0,0.0,0.0,0.0,0.0,0.36363636363636365,0.25,0.42586206896551726,False,False,True,False,True,True,False,False,False,False,False,False,True,False,False,False,False,True,False,False,False,False,False,False,False,False,False,True,False,False,False,False,False,False,False,False,False,False,False,False,False,False,False,False,False,True,False,False,False,False,False,False,False,True,False,False,False,False,False,False,False,False,False,False,False,False,False,True,False,False,True,False,False,False,False,True,False,False,False,False,False,False,False,False,False,False,False,False,False,False,False,False,False,True,False,False,False,False,False,False,False,False,False,False,False,False,False,False,True,False,False,False,True,False,False,True,False,False,False,False,True,False,True,False,False,False,False,True,False,False,False,False,False,True,False,False,True,False,False,False,False,False,False,True,False,False,False,False,False,True,True,False,False,False,False,False,False,False,False,True,False,False,False,False,True,False,True,False,False,False,False,False,False,True,False,True,False,False,False,True,False,False,False,False,False,False,False,False,False,False,False,False,True,False,False,False,False,True,False,True,False,False,True,False,False,False,True,True,False,False,False,False,False,False,False,False,False,False,True,False,False,False,True,False,0.37511704119850187,0.5789997828544902,-0.04949494949495303,0.18617021276595747,0.2083333333333333,2025.050505050505,False,False,False,False,False,False,True,True,False,False
0.13195876288659794,0.0,0.4042553191489361,0.4525047080979284,0.625,0.33333333333333326,0.8989898989898997,0.8166666666666629,0.0,0.3458925262507721,0.0,0.5096547688706846,0.6672514619883041,0.6357234314980793,0.0,0.0,0.4648876404494382,0.5,0.0,0.5,0.0,0.6666666666666667,0.0,0.42857142857142855,0.0,0.8854166666666643,0.5,0.6728723404255319,0.0,0.21604938271604937,0.0,0.0,0.0,0.0,0.0,0.7272727272727273,0.75,0.45517241379310347,False,False,True,False,True,True,False,False,False,False,False,False,True,False,False,False,False,True,False,False,False,False,False,False,True,False,False,False,False,False,False,False,False,False,False,False,False,False,False,False,False,False,False,False,False,True,False,False,False,False,False,False,False,True,False,False,False,False,False,False,False,False,False,False,True,False,False,False,False,False,True,False,False,False,False,True,False,False,False,False,False,False,False,False,False,False,False,False,False,False,False,False,False,True,False,False,False,False,False,False,False,False,False,False,False,False,False,False,True,False,False,False,True,False,False,True,False,False,False,False,True,False,True,False,False,False,False,True,False,False,False,False,False,True,False,False,False,False,False,True,False,False,False,False,False,False,False,False,False,True,True,False,False,False,False,False,False,False,False,True,False,False,False,False,True,False,True,False,False,False,False,False,False,True,False,False,True,False,False,True,False,False,False,False,False,False,False,False,False,False,False,False,True,False,False,False,False,True,False,True,False,False,True,False,False,False,True,True,False,False,False,False,False,False,False,False,False,False,True,False,False,False,True,False,0.2905547752808989,1.3029748934863834,-0.0823232323232368,0.33643617021276595,0.2083333333333333,2025.1010101010102,False,False,False,False,True,False,False,True,False,False
0.13333333333333336,0.0,0.3191489361702128,0.3141242937853107,0.375,0.9999999999999998,0.6262626262626263,0.36666666666666714,0.0,0.24088943792464487,0.0,0.27735517846693974,0.33567251461988307,0.27272727272727276,0.0,0.0,0.199438202247191,0.0,0.0,0.0,0.0,0.6666666666666667,0.0,0.28571428571428564,0.0,0.78125,0.0,0.25531914893617025,0.0,0.0,0.0,0.0,0.0,0.0,0.0,0.36363636363636365,0.5,0.23103448275862068,False,False,True,False,True,True,False,False,False,False,False,False,True,False,False,False,False,True,False,False,False,False,False,False,True,False,False,False,False,False,False,False,False,False,False,False,False,False,False,False,False,False,False,False,False,True,False,False,False,False,False,False,False,True,False,False,False,False,False,False,False,False,False,False,True,False,False,False,False,False,False,False,True,False,False,True,False,False,False,False,False,False,False,False,False,False,False,True,False,False,False,False,False,False,False,False,False,False,False,False,False,True,False,False,False,False,False,False,False,False,False,False,True,False,False,False,True,False,False,False,True,True,False,False,False,False,False,False,False,True,False,False,False,True,False,False,False,False,False,False,False,False,False,False,False,False,False,False,False,True,True,False,False,False,False,False,False,False,True,True,False,False,False,False,True,False,False,True,False,False,False,False,False,True,False,False,True,False,False,False,False,False,False,True,False,False,False,True,False,False,False,False,True,False,False,False,False,True,False,True,False,False,True,False,False,False,True,True,False,False,False,False,False,False,False,False,False,False,True,False,False,False,True,False,0.07478932584269662,0.6083997873471558,-0.25959595959595916,0.0,0.3749999999999999,2025.3737373737374,False,False,False,False,False,False,False,False,False,False
0.13745704467353953,0.0,0.5319148936170213,0.4170244821092278,0.25,0.33333333333333326,0.9393939393939412,0.8999999999999986,0.0,0.0,0.0,0.6559391456992393,0.48596491228070177,0.4372599231754161,0.0,0.0,0.31975655430711614,0.0,0.0,0.5,0.0,0.3333333333333333,0.0,0.28571428571428564,0.0,0.9270833333333321,0.5,0.37234042553191493,0.32673267326732675,0.3950617283950617,0.0,0.0,0.0,0.0,0.0,0.1818181818181818,1.0,0.27586206896551724,False,False,False,True,True,True,False,False,False,True,False,False,True,False,False,False,False,False,False,False,False,False,False,False,False,False,True,False,False,False,False,False,False,False,False,False,False,False,False,False,False,False,False,False,False,True,False,False,False,False,False,False,False,True,False,False,False,False,False,False,False,False,False,False,True,False,False,False,False,False,True,False,False,False,False,True,False,False,False,False,False,False,False,False,False,False,False,False,False,False,False,False,False,True,False,False,False,False,False,False,False,False,False,False,False,False,False,False,True,False,False,False,True,False,False,False,True,False,False,False,True,False,True,False,False,False,False,True,False,False,False,False,False,True,False,False,True,False,False,False,False,False,False,True,False,False,False,False,False,True,True,False,False,False,False,False,False,False,False,True,False,False,False,False,True,False,False,True,False,False,False,False,False,True,False,False,True,False,False,True,False,False,False,False,False,False,True,False,False,False,False,False,True,False,False,False,False,True,False,True,False,False,True,False,False,False,True,True,False,False,False,False,False,False,False,False,False,False,True,False,False,False,True,False,0.07993913857677903,0.9232248354561179,-0.039393939393942645,0.18617021276595747,0.08333333333333331,2025.060606060606,False,False,False,False,False,False,False,True,False,False
0.1402061855670103,0.3,0.21276595744680848,0.03691148775894537,0.375,0.9999999999999998,0.3737373737373737,0.0,0.0,0.19271155033971588,0.0,0.23873610298420128,0.2514619883040936,0.18053777208706784,0.41808747220163084,0.0,0.3960674157303371,0.0,0.0,0.0,1.0,0.3333333333333333,0.0,0.28571428571428564,0.0,0.3541666666666643,0.0,0.10638297872340427,0.0,0.21604938271604937,0.0,0.0,0.0,0.0,0.0,0.2727272727272727,0.75,0.17241379310344826,False,False,False,True,True,False,False,False,False,True,False,False,True,False,False,False,False,True,False,False,False,False,False,False,False,False,False,False,False,False,False,False,False,False,False,False,True,False,False,False,False,False,False,False,False,True,False,False,False,False,False,False,False,True,False,False,False,False,False,False,False,False,False,False,False,False,False,False,False,False,True,False,False,False,False,True,False,False,False,False,False,False,False,False,False,False,False,False,False,False,False,False,False,False,False,False,False,False,False,False,False,False,False,False,False,False,False,False,False,False,False,False,True,False,False,False,True,False,False,False,True,True,False,False,False,False,False,False,False,True,False,False,False,True,False,False,True,False,False,False,True,False,False,False,False,False,False,False,False,True,True,False,False,False,False,False,False,False,True,True,False,False,False,False,True,False,False,True,False,False,False,False,False,True,False,False,True,False,False,False,False,False,False,True,False,False,False,True,False,False,False,False,True,False,False,False,False,True,False,True,False,False,True,False,False,True,False,True,False,False,False,False,False,False,False,False,False,False,True,False,False,False,True,False,0.1485252808988764,0.43199976039116145,-0.3737373737373737,0.0,0.3749999999999999,2025.6262626262626,False,False,False,False,True,False,False,False,False,False
0.14158075601374573,0.0,0.10638297872340424,0.8032391713747645,0.375,0.33333333333333326,0.525252525252526,0.20000000000000284,0.0,0.0,0.0,0.6670567583382095,0.49707602339181284,0.8053777208706787,0.0,0.0,0.5889513108614233,0.0,0.0,0.0,1.0,0.6666666666666667,0.0,0.7142857142857142,0.5,0.5,0.0,0.25132978723404253,0.0,0.18518518518518517,0.0,0.0,0.0,0.0,0.0,0.1818181818181818,0.25,0.2893103448275862,False,False,True,False,True,True,False,False,False,False,False,False,True,False,True,False,False,False,False,False,False,False,False,False,False,False,False,False,False,False,False,False,False,False,False,False,False,False,True,False,False,False,False,False,False,False,False,False,True,False,False,False,False,True,False,False,False,False,False,False,False,False,False,False,True,False,False,False,False,False,True,False,False,False,False,True,False,False,False,False,False,False,False,False,False,False,False,True,False,False,False,False,False,False,False,False,False,False,False,False,False,True,False,False,False,False,False,False,False,False,False,False,True,False,False,False,True,False,True,False,False,True,False,False,False,False,False,False,False,True,False,False,False,True,False,False,True,False,False,False,False,False,False,True,False,False,False,False,False,True,True,False,False,False,False,False,False,False,True,True,False,False,False,False,True,False,False,True,False,False,True,False,False,False,False,False,False,False,True,True,False,False,False,False,False,False,True,False,False,False,False,False,True,False,False,False,False,True,False,True,False,False,True,False,False,False,True,True,False,False,False,False,False,False,False,False,False,False,True,False,False,False,True,False,0.22085674157303373,1.3024537442624915,-0.32525252525252313,0.0,0.12499999999999997,2025.4747474747476,False,False,False,False,False,False,True,False,False,True
0.14364261168384881,0.0,0.4787234042553191,0.3947269303201507,0.5,0.9999999999999998,0.5454545454545467,0.23333333333333428,0.6146572104018913,0.48610253242742435,0.0,0.17846693973083674,0.46900584795321637,0.4186939820742637,0.0,0.0,0.3061797752808989,0.5,0.0,0.0,0.0,0.6666666666666667,0.0,0.42857142857142855,0.0,0.5208333333333321,0.5,0.45744680851063835,0.0,0.0,0.0,0.0,0.0,0.0,0.0,0.5454545454545454,0.5,0.2931034482758621,False,False,True,False,True,True,False,False,False,True,False,False,True,False,False,False,False,True,False,False,False,False,False,False,False,False,False,False,False,False,False,True,False,False,False,False,False,False,False,False,False,False,False,False,False,True,False,False,False,False,False,False,False,True,False,False,False,False,False,False,False,False,False,False,True,False,False,False,False,False,False,False,True,False,False,True,False,False,False,False,False,False,False,False,False,False,False,True,False,False,False,False,False,False,False,False,False,False,False,False,False,True,False,False,False,False,False,False,False,False,False,False,False,True,False,False,True,False,False,False,True,True,False,False,False,False,False,True,False,False,False,False,False,True,False,False,True,False,False,False,False,False,True,False,False,False,False,False,False,True,True,False,False,False,False,False,False,False,False,True,False,False,False,False,True,False,False,True,False,False,False,False,False,True,False,False,True,False,False,True,False,False,False,False,False,False,True,False,False,False,False,False,True,False,True,False,False,False,False,True,False,False,True,False,True,False,False,True,False,False,False,False,False,False,False,False,False,False,True,False,False,False,True,False,0.15308988764044945,0.8876998300274801,-0.31212121212121247,0.22872340425531917,0.4999999999999999,2025.4545454545455,False,False,False,False,False,False,False,True,False,False
0.1450171821305842,0.0,0.5638297872340425,0.5581920903954802,0.5,0.33333333333333326,1.0,0.9833333333333343,0.0,0.022235948116121063,0.0,0.6881217086015213,0.5391812865497077,0.49551856594110116,0.0,0.0,0.3623595505617978,0.0,0.0,0.5,0.0,0.6666666666666667,0.0,0.42857142857142855,0.0,0.9895833333333321,0.5,0.39893617021276595,0.24752475247524752,0.13580246913580246,0.0,0.0,0.0,0.0,0.0,0.1818181818181818,1.0,0.43448275862068964,False,False,True,False,True,True,False,False,False,True,False,False,True,False,False,False,False,False,False,False,False,False,False,False,False,False,True,False,False,False,False,False,False,False,False,False,False,False,False,False,False,False,False,False,False,True,False,False,False,False,False,False,False,True,False,False,False,False,False,False,False,False,False,False,True,False,False,False,False,False,True,False,False,False,False,True,False,False,False,False,False,False,False,False,False,False,False,False,False,False,False,False,False,True,False,False,False,False,False,False,False,False,False,False,False,False,False,False,True,False,False,False,True,False,False,False,True,False,False,False,True,False,True,False,False,False,False,True,False,False,False,False,False,True,False,True,False,False,False,True,False,False,False,False,False,False,False,False,False,True,True,False,False,False,False,False,False,False,False,True,False,False,False,False,True,False,True,False,False,False,False,False,False,True,False,False,True,False,False,True,False,False,False,False,False,False,True,False,False,False,False,False,True,False,False,False,False,True,False,True,False,False,True,False,False,False,True,True,False,False,False,False,False,False,False,False,False,False,True,False,False,False,True,False,0.1811797752808989,1.0346998524908089,-0.01666666666666572,0.19946808510638298,0.16666666666666663,2025.0,False,False,False,False,True,False,False,False,True,False
0.1457044673539519,0.39999999999999997,0.44680851063829785,0.42410546139359695,0.625,0.33333333333333326,1.0,0.9833333333333343,0.0,0.5077208153180977,0.0,0.04564072557050907,0.3567251461988304,0.31626120358514725,0.681986656782802,0.0,0.6619850187265918,0.5,0.0,0.5,1.0,0.6666666666666667,0.0,0.5714285714285714,0.5,0.9895833333333321,0.5,0.6436170212765957,0.4158415841584158,0.6666666666666666,0.0,0.0,0.0,0.0,0.0,0.5454545454545454,0.75,0.6644068965517241,True,False,False,False,True,True,False,False,False,True,False,False,True,False,False,False,False,True,False,False,False,False,False,False,False,False,False,False,False,False,False,False,False,False,False,False,False,False,False,False,True,False,False,False,False,True,False,False,False,False,False,False,False,True,False,False,False,False,False,False,False,False,False,False,False,False,False,True,False,False,True,False,False,False,False,True,False,False,False,False,False,False,False,False,False,False,False,False,False,False,False,False,False,True,False,False,False,False,False,False,False,False,False,False,False,False,False,False,True,False,False,False,True,False,False,False,True,False,False,False,True,False,True,False,False,False,False,True,False,False,False,False,False,True,False,False,True,False,False,True,False,False,False,False,False,False,False,False,False,True,True,False,False,False,False,False,False,False,False,True,False,False,False,False,True,False,True,False,False,False,False,False,False,True,False,False,False,False,True,True,False,False,False,False,False,False,True,False,False,False,False,False,True,False,False,False,False,True,False,True,False,False,True,False,False,False,True,True,False,False,False,False,False,False,False,False,True,False,False,False,False,False,False,True,0.41374063670411987,0.6729863497839776,-0.01666666666666572,0.32180851063829785,0.2083333333333333,2025.0,False,False,False,False,False,False,True,True,False,False
0.14845360824742268,0.0,0.3723404255319148,0.40979284369114877,0.625,0.33333333333333326,0.9494949494949516,0.8999999999999986,0.6288416075650118,0.5843113032736257,0.0,0.28671737858396723,0.6701754385964913,0.6389244558258642,0.0,0.0,0.46722846441947563,0.5,0.0,0.5,0.0,0.6666666666666667,0.0,0.7142857142857142,0.0,0.9375,0.5,0.4308510638297872,0.3440594059405941,0.6049382716049383,0.0,0.0,0.0,0.0,0.0,0.2727272727272727,0.5,0.5172413793103449,False,False,True,False,True,True,False,False,False,True,False,False,True,False,False,False,False,True,False,False,False,False,False,False,True,False,False,False,False,False,False,False,False,False,False,False,False,False,False,False,False,False,False,False,False,True,False,False,False,False,False,False,False,True,False,False,False,False,False,False,False,False,False,False,True,False,False,False,False,False,True,False,False,False,False,True,False,False,False,False,False,False,False,False,False,False,False,False,False,False,False,False,False,True,False,False,False,False,False,False,False,False,False,False,False,False,False,False,True,False,False,True,False,False,False,True,False,False,False,False,True,False,True,False,False,False,False,True,False,False,False,False,False,True,False,True,False,False,False,True,False,False,False,False,False,False,False,False,False,True,True,False,False,False,False,False,False,False,False,True,False,False,False,False,True,False,True,False,False,False,False,False,False,True,False,False,True,False,False,True,False,False,False,False,False,False,False,True,False,False,False,False,True,False,False,False,False,True,False,True,False,False,True,False,False,False,True,True,False,False,False,False,False,False,False,False,False,False,True,False,False,False,True,False,0.2920177902621723,1.3090998944223555,-0.04949494949495303,0.2154255319148936,0.2083333333333333,2025.050505050505,False,False,False,False,True,False,False,True,False,False
0.1505154639175258,1.0,0.1382978723404255,0.0,0.625,0.33333333333333326,0.9595959595959584,0.93333333333333,0.037825059101654845,0.009882643607164917,0.0,0.7208894090111176,0.5602339181286551,0.5185659411011523,0.0,0.0,0.3792134831460674,0.0,0.0,0.5,0.0,0.3333333333333333,0.0,0.28571428571428564,0.0,0.9479166666666643,0.5,0.36968085106382975,0.26732673267326734,0.0,0.0,0.0,0.0,0.0,0.0,0.1818181818181818,0.0,0.3697931034482759,False,False,True,False,True,True,False,False,False,True,False,False,True,False,False,False,False,True,False,False,False,False,False,False,False,False,False,False,False,False,False,False,False,False,False,False,False,False,False,False,False,False,False,False,False,True,False,False,False,False,False,False,False,True,False,False,False,False,False,False,False,False,True,False,True,False,False,False,False,False,True,False,False,False,False,True,False,False,False,False,False,False,False,False,False,False,False,False,False,False,False,False,False,True,False,False,False,False,False,False,False,False,False,False,False,False,False,False,True,False,False,True,False,False,False,True,False,False,False,False,True,False,True,False,False,False,False,True,False,False,False,False,False,True,False,False,False,False,False,True,False,False,False,False,False,False,False,False,False,True,True,False,False,False,False,False,False,False,False,True,False,False,False,False,True,False,True,False,False,False,False,False,False,True,False,False,True,False,False,True,False,False,False,False,False,False,False,False,False,False,False,False,True,False,False,False,False,True,False,True,False,False,True,False,False,False,True,True,False,False,False,False,False,False,False,False,True,False,False,False,False,False,False,True,0.23700842696629212,1.0787998592298074,-0.02626262626262843,0.18484042553191488,0.2083333333333333,2025.0404040404042,False,False,False,False,True,False,False,False,False,False
0.1512027491408935,0.0,0.45744680851063824,0.4504708097928437,0.625,0.33333333333333326,0.9696969696969688,0.93333333333333,0.0,0.0,0.0,0.8765359859566998,0.7064327485380117,0.678617157490397,0.0,0.0,0.49625468164794007,0.0,0.0,0.5,0.0,0.3333333333333333,0.0,0.28571428571428564,0.0,0.9583333333333321,0.5,0.6848404255319149,0.8688118811881188,0.2037037037037037,0.0,0.0,0.0,0.0,0.0,0.2727272727272727,0.0,0.4996551724137931,False,False,True,False,True,True,False,False,False,False,False,False,True,False,False,False,False,True,False,False,False,False,False,False,True,False,False,False,False,False,False,False,False,False,False,False,False,False,False,False,False,False,False,False,False,True,False,False,False,False,False,False,False,True,False,False,False,False,False,False,False,False,False,False,True,False,False,False,False,False,True,False,False,False,False,True,False,False,False,False,False,False,False,False,False,False,False,False,False,False,False,False,False,True,False,False,False,False,False,False,False,False,False,False,False,False,False,False,True,False,False,False,True,False,False,True,False,False,False,False,True,False,True,False,False,False,False,True,False,False,False,False,False,True,False,True,False,False,False,False,False,False,False,True,False,False,False,False,False,True,True,False,False,False,False,False,False,False,False,True,False,False,False,False,True,False,True,False,False,False,False,False,False,True,False,False,True,False,False,True,False,False,False,False,False,False,True,False,False,False,False,False,True,False,False,False,False,True,False,True,False,False,True,False,False,False,True,True,False,False,False,False,False,False,False,False,True,False,False,False,False,False,False,True,0.31015917602996257,1.3850499060284087,-0.03636363636363882,0.34242021276595747,0.2083333333333333,2025.030303030303,False,False,False,False,False,True,False,True,False,False
0.15532646048109966,0.39999999999999997,0.553191489361702,0.5227871939736346,0.625,0.33333333333333326,0.8585858585858581,0.75,0.6855791962174941,0.34898085237801113,0.0,0.37331772966647164,0.5339181286549708,0.49679897567221515,0.9681245366938472,0.0,0.9747191011235955,0.0,0.0,0.5,1.0,1.0,0.0,0.857142857142857,0.5,0.84375,1.0,0.7460106382978724,0.5544554455445545,0.7037037037037037,0.0,0.0,0.0,0.0,0.0,0.4545454545454545,0.25,0.7931034482758621,False,False,True,False,True,True,False,False,False,False,False,False,True,False,False,False,False,True,False,False,False,False,False,False,False,False,False,False,False,False,False,False,False,False,True,False,False,False,False,False,False,False,False,False,False,True,False,False,False,False,False,False,False,True,False,False,False,False,False,False,False,False,False,False,False,False,False,True,False,False,True,False,False,False,False,True,False,False,False,False,False,False,False,False,False,False,False,False,False,False,False,False,False,True,False,False,False,False,False,False,False,False,False,False,False,False,False,False,True,False,False,True,False,False,False,True,False,False,False,False,True,False,True,False,False,False,False,True,False,False,False,False,False,True,False,False,True,False,False,True,False,False,False,False,False,False,False,False,False,True,True,False,False,False,False,False,False,False,False,True,False,False,False,False,True,False,True,False,False,False,False,False,False,True,False,False,False,False,True,True,False,False,False,False,False,False,True,False,False,False,False,False,True,False,False,False,False,True,False,True,False,False,True,False,False,False,True,True,False,False,False,False,False,False,False,False,False,False,True,False,False,False,False,False,0.6091994382022472,1.0307171043271859,-0.10858585858585812,0.7460106382978724,0.2083333333333333,2025.141414141414,False,False,False,False,False,False,True,False,True,False
0.15670103092783508,0.0,0.42553191489361697,0.41514124293785315,0.375,0.33333333333333326,0.5757575757575779,0.28333333333333144,0.0,0.5200741198270538,0.0,0.04095962551199532,0.36374269005847953,0.3034571062740076,0.0,0.0,0.22191011235955055,0.0,0.0,0.0,0.0,0.6666666666666667,0.0,0.28571428571428564,0.5,0.625,0.0,0.23404255319148934,0.0,0.0,0.0,0.0,0.0,0.0,0.0,0.36363636363636365,1.0,0.22413793103448273,False,False,True,False,True,True,False,False,False,True,False,False,True,False,False,True,False,False,False,False,False,False,False,False,False,False,False,False,False,False,False,False,False,False,False,False,False,False,True,False,False,False,False,False,True,False,False,False,False,False,False,False,False,True,False,False,False,False,False,False,False,False,False,False,True,False,False,False,False,False,True,False,False,False,False,True,False,False,False,False,False,False,False,False,False,False,False,True,False,False,False,False,False,False,False,False,False,False,False,False,False,True,False,False,False,False,False,False,False,False,False,False,True,False,False,False,True,False,False,False,True,True,False,False,False,False,False,False,False,True,False,False,False,True,False,False,True,False,False,False,False,False,False,False,False,False,False,False,False,True,True,False,False,False,False,False,False,False,True,True,False,False,False,False,True,False,False,True,False,False,False,False,False,True,True,False,False,False,False,False,False,False,False,True,False,False,False,True,False,False,False,False,True,False,False,False,False,True,False,True,False,False,True,False,True,False,False,True,False,False,False,False,False,False,False,False,False,False,True,False,False,False,True,False,0.08321629213483145,0.6671997963324872,-0.29242424242424647,0.0,0.12499999999999997,2025.4242424242425,False,False,False,False,False,False,False,True,False,False
0.15738831615120277,1.0,0.1382978723404255,0.012956685499058374,0.625,0.33333333333333326,0.9595959595959584,0.93333333333333,0.037825059101654845,0.009882643607164917,0.0,0.794031597425395,0.6333333333333333,0.7151088348271446,0.0,0.0,0.5229400749063671,0.0,0.0,0.5,0.0,0.3333333333333333,0.0,0.5714285714285714,0.5,0.9479166666666643,0.5,0.35904255319148937,0.35396039603960394,0.12345679012345678,0.0,0.0,0.0,0.0,0.0,0.36363636363636365,0.75,0.4568965517241379,False,False,True,False,True,True,False,False,False,True,False,False,True,False,False,False,False,True,False,False,False,False,False,False,False,False,False,False,False,False,False,False,False,False,False,False,False,False,False,False,False,False,False,False,False,True,False,False,False,False,False,False,False,True,False,False,False,False,False,False,False,False,True,False,True,False,False,False,False,False,True,False,False,False,False,True,False,False,False,False,False,False,False,False,False,False,False,False,False,False,False,False,False,True,False,False,False,False,False,False,False,False,False,False,False,False,False,False,True,False,False,True,False,False,False,True,False,False,False,False,True,False,True,False,False,False,False,True,False,False,False,False,False,True,False,False,False,False,False,True,False,False,False,False,False,False,False,False,False,True,True,False,False,False,False,False,False,False,False,True,False,False,False,False,True,False,True,False,False,False,False,False,False,True,False,False,False,False,True,True,False,False,False,False,False,False,False,False,False,False,False,False,True,False,False,False,False,True,False,True,False,False,True,False,False,False,True,True,False,False,False,False,False,False,False,False,False,False,True,False,False,False,True,False,0.3268375468164794,1.348442168160478,-0.02626262626262843,0.17952127659574468,0.2083333333333333,2025.0404040404042,False,False,False,False,False,True,False,False,False,False
0.16219931271477664,0.0,0.3723404255319148,0.4341242937853107,0.625,0.33333333333333326,0.9494949494949516,0.8999999999999986,0.23167848699763594,0.014823965410747375,0.0,0.8133411351667642,0.657309941520468,0.6248399487836107,0.0,0.0,0.45692883895131087,0.0,0.0,0.5,0.0,0.6666666666666667,0.0,0.42857142857142855,0.0,0.9375,0.5,0.4441489361702128,0.32673267326732675,0.6481481481481481,0.0,0.0,0.0,0.0,0.0,0.36363636363636365,1.0,0.4327586206896552,False,False,True,False,True,True,False,False,False,True,False,False,True,False,False,True,False,False,False,False,False,False,False,False,True,False,False,False,False,False,False,False,False,False,False,False,False,False,False,False,False,False,False,False,False,True,False,False,False,False,False,False,False,True,False,False,False,False,False,False,False,False,False,False,True,False,False,False,False,False,True,False,False,False,False,True,False,False,False,False,False,False,False,False,False,False,False,False,False,False,False,False,False,True,False,False,False,False,False,False,False,False,False,False,False,False,False,False,True,False,False,True,False,False,False,True,False,False,False,False,True,False,True,False,False,False,False,True,False,False,False,False,False,True,False,False,False,False,False,True,False,False,False,False,False,False,False,False,False,True,True,False,False,False,False,False,False,False,False,True,False,False,False,False,True,False,True,False,False,False,False,False,False,True,False,False,True,False,False,True,False,False,False,False,False,False,True,False,False,False,False,False,True,False,False,False,False,True,False,True,False,False,True,False,False,False,True,True,False,False,False,False,False,False,False,False,False,False,True,False,False,False,True,False,0.28558052434456926,1.2821498903040787,-0.04949494949495303,0.2220744680851064,0.2083333333333333,2025.050505050505,False,False,False,False,True,False,False,True,False,False
0.16426116838487975,0.3,0.23404255319148937,0.43171374764595105,0.5,0.0,0.3535353535353529,0.0,0.0,0.05806053119209389,0.0,0.3750731421884143,0.260233918128655,0.23047375160051214,0.5107487027427724,0.0,0.49110486891385774,0.0,0.0,0.0,1.0,0.6666666666666667,0.0,0.5714285714285714,0.5,0.36458333333333215,0.0,0.0797872340425532,0.0,0.8641975308641975,0.0,0.0,0.0,0.0,0.0,0.2727272727272727,1.0,0.18275862068965518,False,False,True,False,True,True,False,False,False,True,False,False,True,False,False,False,False,True,False,False,False,False,False,False,False,False,True,False,False,False,False,False,False,False,False,False,False,False,False,False,False,False,False,False,False,True,False,False,False,False,False,False,False,True,False,False,False,False,False,False,False,False,False,False,False,False,False,False,False,False,True,False,False,False,False,True,False,False,False,False,False,False,False,False,False,False,False,False,False,False,False,False,False,True,False,False,False,False,False,False,False,False,False,False,False,False,False,False,True,False,False,False,True,False,False,False,True,False,False,False,True,True,False,False,False,False,False,False,False,True,False,False,False,False,False,False,True,False,False,False,True,False,False,False,False,False,False,False,False,True,True,False,False,False,False,False,False,False,True,True,False,False,False,False,False,False,False,True,False,False,False,False,False,True,False,True,False,False,False,False,False,False,False,True,False,False,False,True,False,False,False,False,True,False,False,False,False,True,False,True,False,False,True,False,True,False,False,True,False,False,False,False,False,False,False,False,False,False,True,False,False,False,True,False,0.24555243445692887,0.49070766972916713,-0.3535353535353529,0.0,0.0,2025.6464646464647,False,False,False,False,False,True,False,True,False,False
0.1697594501718213,0.0,0.4787234042553191,0.6252354048964218,0.5,0.33333333333333326,0.4444444444444464,0.06666666666666288,0.0,0.0,0.0,0.7998829724985371,0.6298245614035087,0.5998719590268886,0.0,0.0,0.43867041198501877,0.0,0.0,0.0,0.0,0.3333333333333333,0.0,0.28571428571428564,0.5,0.4166666666666643,0.5,0.38696808510638303,0.0,0.18518518518518517,0.0,0.0,0.0,0.0,0.0,0.4545454545454545,0.0,0.27586206896551724,False,False,True,False,True,True,False,False,False,True,False,False,True,False,False,False,False,True,False,False,False,False,False,False,False,False,False,False,False,False,False,True,False,False,False,False,False,False,False,False,False,False,False,False,False,True,False,False,False,False,False,False,False,True,False,False,False,False,False,False,False,False,False,False,True,False,False,False,False,False,False,False,True,False,False,True,False,False,False,False,False,False,False,False,False,False,False,False,False,False,False,False,False,False,True,False,False,False,True,False,False,False,False,False,False,False,False,False,False,False,False,False,True,False,False,False,True,False,False,False,True,True,False,False,False,False,False,False,False,True,False,False,False,True,False,False,True,False,False,False,False,False,False,True,False,False,False,False,False,True,True,False,False,False,False,False,False,False,False,True,False,False,False,False,True,False,False,True,False,False,False,False,False,True,False,False,False,False,True,True,False,False,False,False,False,False,False,True,False,False,False,False,True,False,False,False,False,True,False,True,False,False,True,False,False,False,True,True,False,False,False,False,False,False,False,False,False,False,True,False,False,False,True,False,0.21933520599250939,1.2296965204303973,-0.37777777777778354,0.19348404255319152,0.16666666666666663,2025.5555555555557,False,False,False,False,True,False,False,False,False,True
0.170446735395189,0.39999999999999997,0.44680851063829785,0.6257627118644068,0.625,0.33333333333333326,0.9393939393939412,0.8833333333333329,0.2387706855791962,0.0,0.0,0.49151550614394385,0.32163742690058483,0.2573623559539053,0.6137879911045219,0.0,0.5758426966292135,0.0,0.0,0.5,1.0,0.6666666666666667,0.0,0.7142857142857142,0.0,0.9270833333333321,0.5,0.4521276595744681,0.3564356435643564,0.41975308641975306,0.0,0.0,0.0,0.0,0.0,0.7272727272727273,0.25,0.4137931034482759,False,False,True,False,True,True,False,False,False,True,False,False,True,False,False,False,False,True,False,False,False,False,False,False,True,False,False,False,False,False,False,False,False,False,False,False,False,False,False,False,False,False,False,False,False,True,False,False,False,False,False,False,False,True,False,False,False,False,False,False,False,False,False,False,False,False,False,True,False,False,True,False,False,False,False,True,False,False,False,False,False,False,False,False,False,False,False,False,False,False,False,False,False,True,False,False,False,False,False,False,False,False,False,False,False,False,False,False,True,False,False,True,False,False,False,True,False,False,False,False,True,False,True,False,False,False,False,True,False,False,False,False,False,True,False,False,True,False,False,False,False,False,False,True,False,False,False,False,False,True,True,False,False,False,False,False,False,False,False,True,False,False,False,False,True,False,True,False,False,False,False,False,False,True,False,False,True,False,False,True,False,False,False,False,False,False,True,False,False,False,False,False,True,False,False,False,False,True,False,True,False,False,True,False,False,False,True,True,False,False,False,False,False,False,False,False,False,False,True,False,False,False,True,False,0.35990168539325845,0.5789997828544902,-0.056060606060608364,0.22606382978723405,0.2083333333333333,2025.060606060606,False,False,False,False,False,True,False,False,False,True
0.17319587628865982,0.39999999999999997,0.3723404255319148,0.4034651600753296,0.5,0.33333333333333326,0.9494949494949516,0.8999999999999986,0.0,0.0,0.0,0.46693973083674667,0.2970760233918129,0.23047375160051214,0.6241660489251297,0.0,0.5627340823970037,0.0,0.0,0.5,1.0,0.6666666666666667,0.0,0.42857142857142855,0.0,0.9375,0.5,0.4787234042553191,0.3415841584158416,0.2777777777777778,0.0,0.0,0.0,0.0,0.0,0.9999999999999999,0.5,0.3896551724137931,False,False,True,False,True,True,False,False,False,False,False,False,True,False,False,False,False,True,False,False,False,False,False,False,False,False,False,False,False,False,False,False,False,False,False,False,False,False,False,True,False,False,False,False,False,True,False,False,False,False,False,False,False,True,False,False,False,False,False,False,False,False,False,False,False,False,False,True,False,False,True,False,False,False,False,True,False,False,False,False,False,False,False,False,False,False,False,False,False,False,False,False,False,True,False,False,False,False,False,False,False,False,False,False,False,False,False,False,True,False,False,False,True,False,False,True,False,False,False,False,True,False,True,False,False,False,False,True,False,False,False,False,False,True,False,False,True,False,False,False,False,False,False,True,False,False,False,False,False,True,True,False,False,False,False,False,False,False,False,True,False,False,False,False,True,False,True,False,False,False,False,False,False,True,False,False,True,False,False,True,False,False,False,False,False,False,True,False,False,False,False,False,True,False,False,False,False,True,False,True,False,False,True,False,False,False,True,True,False,False,False,False,False,False,False,False,False,False,True,False,False,False,True,False,0.28136704119850187,0.527549774992325,-0.04949494949495303,0.23936170212765956,0.16666666666666663,2025.050505050505,False,False,False,False,False,True,False,True,False,False
0.1745704467353952,0.0,0.42553191489361697,0.4060263653483992,0.375,0.6666666666666667,0.47474747474747403,0.11666666666666714,0.0,0.5694873378628783,0.0,0.2293739028671738,0.5988304093567252,0.560819462227913,0.0,0.0,0.4101123595505618,0.5,0.0,0.0,0.0,0.6666666666666667,0.0,0.28571428571428564,0.0,0.4479166666666643,0.0,0.17819148936170212,0.6188118811881188,0.0,0.0,0.0,0.0,0.0,0.0,0.4545454545454545,1.0,0.2931034482758621,False,False,True,False,True,True,False,False,False,True,False,False,True,False,False,False,False,True,False,False,False,False,False,False,False,False,False,False,False,False,False,True,False,False,False,False,False,False,False,False,False,False,False,False,False,True,False,False,False,False,False,False,False,True,False,False,False,False,False,False,False,False,False,False,True,False,False,False,False,False,True,False,False,False,False,True,False,False,False,False,False,False,False,False,False,False,False,False,False,True,False,False,False,False,False,False,False,False,False,False,False,False,False,True,False,False,False,False,False,False,False,False,True,False,False,False,True,False,True,False,False,True,False,False,False,False,False,False,False,True,False,False,False,True,False,False,True,False,False,False,False,False,True,False,False,False,False,False,False,True,True,False,False,False,False,False,False,False,True,True,False,False,False,False,True,False,False,True,False,False,False,False,False,True,False,False,True,False,False,True,False,False,False,False,False,False,True,False,False,False,False,False,True,False,False,False,False,True,False,True,False,False,True,False,False,False,True,True,False,False,False,False,False,False,False,False,False,False,True,False,False,False,True,False,0.15379213483146068,1.1596498715846382,-0.3580808080808069,0.0,0.25,2025.5252525252524,False,False,False,False,True,False,False,True,False,False
0.1752577319587629,0.39999999999999997,0.3829787234042553,0.43148775894538605,0.625,0.33333333333333326,0.8989898989898997,0.8166666666666629,0.7139479905437353,0.0,0.0,0.5705090696313634,0.40058479532163743,0.36299615877080665,0.9532987398072647,0.0,0.8675093632958802,0.0,0.0,0.5,1.0,1.0,0.0,0.7142857142857142,0.5,0.8854166666666643,0.5,0.35771276595744683,0.4752475247524752,0.0,0.0,0.0,0.0,0.0,0.0,0.09090909090909091,0.0,0.5862068965517241,False,False,True,False,True,True,False,False,False,False,False,False,True,False,False,False,False,True,False,False,False,False,False,False,False,False,False,True,False,False,False,False,False,False,False,False,False,False,False,False,False,False,False,False,False,True,False,False,False,False,False,False,False,True,False,False,False,False,False,False,False,False,False,False,False,False,False,True,False,False,True,False,False,False,False,True,False,False,False,False,False,False,False,False,False,False,False,False,False,False,False,False,False,True,False,False,False,False,False,False,False,False,False,False,False,False,False,False,True,False,False,True,False,False,False,True,False,False,False,False,True,False,True,False,False,False,False,True,False,False,False,False,False,True,False,False,True,False,False,False,False,False,False,True,False,False,False,False,False,True,True,False,False,False,False,False,False,False,False,True,False,False,False,False,True,False,True,False,False,False,False,False,False,True,False,False,False,False,True,False,False,True,False,False,False,False,False,False,False,False,False,False,True,False,False,False,False,True,False,True,False,False,True,False,False,False,True,True,False,False,False,False,False,False,False,False,False,False,True,False,False,False,True,False,0.5421933520599251,0.7635809540924441,-0.0823232323232368,0.17885638297872342,0.2083333333333333,2025.1010101010102,False,False,False,False,False,False,True,True,False,False
0.1759450171821306,0.39999999999999997,0.36170212765957444,0.4354802259887006,0.5,0.33333333333333326,0.9393939393939412,0.8833333333333329,0.0,0.31068560840024706,0.0,0.211234640140433,0.33567251461988307,0.27272727272727276,0.6404744255003706,0.0,0.6039325842696629,0.0,0.0,0.5,1.0,0.6666666666666667,0.0,0.5714285714285714,0.0,0.9270833333333321,0.5,0.6821808510638298,0.5346534653465347,0.345679012345679,0.0,0.0,0.0,0.0,0.0,0.36363636363636365,0.5,0.5086206896551724,True,False,False,False,True,True,False,False,False,False,False,False,True,False,False,False,False,True,False,False,False,False,False,False,False,False,False,False,False,False,False,False,False,False,False,False,False,False,False,False,True,False,False,False,False,True,False,False,False,False,False,False,False,True,False,False,False,False,False,False,False,False,False,False,False,False,False,True,False,False,True,False,False,False,False,True,False,False,False,False,False,False,False,False,False,False,False,False,False,False,False,False,False,True,False,False,False,False,False,False,False,False,False,False,False,False,False,False,True,False,False,False,True,False,False,True,False,False,False,False,True,False,True,False,False,False,False,True,False,False,False,False,False,True,False,False,True,False,False,False,False,False,True,False,False,False,False,False,False,True,True,False,False,False,False,False,False,False,False,True,False,False,False,False,True,False,True,False,False,False,False,False,False,True,False,False,True,False,False,True,False,False,False,False,False,False,True,False,False,False,False,False,True,False,False,False,False,True,False,True,False,False,True,False,False,False,True,True,False,False,False,False,False,False,False,False,False,False,True,False,False,False,True,False,0.30196629213483145,0.6083997873471558,-0.056060606060608364,0.3410904255319149,0.16666666666666663,2025.060606060606,False,False,False,False,False,False,True,True,False,False
0.1766323024054983,0.0,0.4042553191489361,0.43721280602636536,0.625,0.33333333333333326,0.9696969696969688,0.93333333333333,0.425531914893617,0.823965410747375,0.0,0.15798712697483908,0.7684210526315789,0.7464788732394367,0.0,0.0,0.5458801498127341,0.5,0.0,0.5,1.0,0.6666666666666667,0.0,0.7142857142857142,0.5,0.9583333333333321,0.5,0.6648936170212766,0.30445544554455445,0.6790123456790123,0.0,0.0,0.0,0.0,0.0,0.1818181818181818,0.75,0.5517241379310345,False,False,True,False,True,True,False,False,False,True,False,False,True,False,False,False,False,True,False,False,False,False,False,False,True,False,False,False,False,False,False,False,False,False,False,False,False,False,False,False,False,False,False,False,False,True,False,False,False,False,False,False,False,True,False,False,False,False,False,False,False,False,False,False,True,False,False,False,False,False,True,False,False,False,False,True,False,False,False,False,False,False,False,False,False,False,False,False,False,False,False,False,False,True,False,False,False,False,False,False,False,False,False,False,False,False,False,False,True,False,False,False,False,True,False,True,False,False,False,False,True,False,True,False,False,False,False,True,False,False,False,False,False,True,False,False,True,False,False,True,False,False,False,False,False,False,False,False,False,True,True,False,False,False,False,False,False,False,False,True,False,False,False,False,True,False,True,False,False,False,False,False,False,True,False,True,False,False,False,True,False,False,False,False,False,False,True,False,False,False,False,False,True,False,False,False,False,True,False,True,False,False,True,False,False,False,True,True,False,False,False,False,False,False,False,False,False,False,True,False,False,False,False,False,0.34117509363295884,1.5148999258710156,-0.03636363636363882,0.3324468085106383,0.2083333333333333,2025.030303030303,False,False,False,False,False,True,False,True,False,False
0.1793814432989691,0.39999999999999997,0.4148936170212766,0.49551789077212804,0.75,0.33333333333333326,0.9797979797979792,0.9500000000000028,0.6382978723404256,0.0,0.0,0.8671737858396723,0.697076023391813,0.6683738796414853,0.8094885100074128,0.0,1.0,0.0,0.0,0.5,1.0,0.6666666666666667,0.0,0.9999999999999998,0.5,0.96875,1.0,0.9414893617021277,0.0,0.9135802469135802,0.0,0.0,0.0,0.0,0.0,0.9090909090909091,0.25,0.7448275862068966,False,False,True,False,True,True,False,False,False,False,False,False,True,False,False,False,False,True,False,False,False,False,False,False,True,False,False,False,False,False,False,False,False,False,False,False,False,False,False,False,False,False,False,False,False,True,False,False,False,False,False,False,False,True,False,False,False,False,False,False,False,False,False,False,False,False,False,True,False,False,True,False,False,False,False,True,False,False,False,False,False,False,False,False,False,False,True,False,False,False,False,False,False,False,False,False,False,False,False,False,True,False,False,False,False,False,False,False,False,False,False,False,False,True,False,True,False,False,False,False,True,False,True,False,False,False,False,False,False,False,False,False,False,True,False,False,True,False,False,False,False,False,False,True,False,False,False,False,False,True,True,False,False,False,False,False,False,False,False,True,False,False,False,False,True,False,False,False,False,False,False,False,False,True,False,True,False,False,False,False,False,True,False,False,False,False,False,False,False,False,False,False,True,False,False,False,False,True,False,True,False,False,True,False,False,False,True,True,False,False,False,False,False,False,False,False,True,False,False,False,False,False,False,True,0.75,1.3654499030332983,-0.02979797979797638,0.9414893617021277,0.24999999999999994,2025.020202020202,False,False,False,False,False,False,True,False,True,False
0.1800687285223368,0.6000000000000001,0.6170212765957447,0.4113747645951036,0.5,0.9999999999999998,0.6767676767676782,0.75,0.10874704491725767,0.3125386040765905,0.0,0.0,0.12631578947368421,0.49551856594110116,0.0,0.0,0.3623595505617978,0.5,0.0,0.0,0.0,0.6666666666666667,0.0,0.42857142857142855,0.5,0.6666666666666643,0.5,0.4414893617021277,0.7227722772277227,0.07407407407407407,0.0,0.0,0.0,0.0,0.0,0.5454545454545454,0.0,0.3137931034482758,False,False,True,False,True,True,False,False,False,False,False,False,True,False,False,False,False,False,False,False,False,False,False,False,False,False,False,False,False,False,False,False,False,False,False,False,False,False,True,False,False,False,False,False,False,True,False,False,False,False,False,False,False,True,False,False,False,False,False,False,False,False,False,False,False,False,False,False,False,True,True,False,False,False,False,True,False,False,False,False,False,False,False,False,False,False,False,True,False,False,False,False,False,False,False,False,False,False,False,False,False,False,False,False,False,True,False,False,False,False,False,True,False,False,False,False,True,False,False,False,True,True,False,False,False,False,False,True,False,False,True,False,False,False,False,False,False,False,False,False,False,False,False,False,False,False,False,False,False,True,True,False,False,False,False,False,False,False,True,True,False,False,False,False,True,False,False,True,False,False,False,False,False,True,False,False,False,False,True,True,False,False,False,False,False,False,False,True,False,False,False,False,True,False,False,False,False,True,False,True,False,False,True,True,False,False,False,True,False,False,False,False,False,False,False,False,False,False,True,False,False,False,True,False,0.1811797752808989,0.6218343554147854,0.07323232323232176,0.22074468085106386,0.4999999999999999,2025.3232323232323,False,False,False,False,True,False,False,True,False,False
0.1814432989690722,0.09999999999999998,0.0,0.16738229755178907,0.375,0.33333333333333326,0.15151515151515227,0.8999999999999986,0.0,0.0,0.0,0.3978935049736688,0.22807017543859653,0.2087067861715749,0.0,0.0,0.15262172284644193,0.0,0.0,0.0,0.0,0.3333333333333333,0.0,0.14285714285714285,0.0,0.53125,0.5,0.45744680851063835,0.0,0.0,0.0,0.0,0.0,0.0,0.0,0.4545454545454545,0.5,0.04482758620689656,False,False,False,True,True,False,False,False,True,False,False,False,False,False,False,False,False,True,False,False,False,False,False,False,False,False,False,False,False,False,False,False,False,False,False,False,True,False,False,False,False,False,False,False,False,False,False,False,False,False,False,False,False,True,False,False,False,False,False,False,False,False,False,False,True,False,False,False,False,False,True,False,False,False,False,True,False,False,False,False,False,False,False,False,False,False,False,False,False,False,False,False,False,False,True,False,False,False,False,False,False,False,False,False,False,False,False,False,False,True,False,False,True,False,False,False,True,False,False,False,True,False,False,False,False,False,True,False,False,False,False,False,False,True,False,False,True,False,False,False,False,False,False,True,False,False,False,False,False,True,True,False,False,False,False,False,True,False,False,False,False,True,False,False,False,False,False,True,False,False,False,False,False,True,False,False,True,False,False,False,False,False,False,True,False,False,False,True,False,False,False,False,True,False,False,False,False,True,False,False,False,False,True,False,False,False,True,True,False,False,False,False,False,False,False,False,False,False,True,False,False,False,True,False,0.057233146067415724,0.43677696161017143,0.7484848484848463,0.22872340425531917,0.12499999999999997,2025.8484848484848,False,False,False,False,False,False,False,False,False,False
0.18281786941580758,0.39999999999999997,0.42553191489361697,0.6174764595103578,0.5,0.33333333333333326,0.8787878787878789,0.7833333333333314,0.0,0.4410129709697344,0.0,0.051492100643651256,0.2994152046783626,0.23303457106274011,0.5255744996293551,0.0,0.5023408239700374,0.5,0.0,0.5,1.0,0.6666666666666667,0.0,0.7142857142857142,0.5,0.8645833333333321,0.5,0.33643617021276595,0.23514851485148516,0.4629629629629629,0.0,0.0,0.0,0.0,0.0,0.4545454545454545,0.0,0.43103448275862066,False,False,True,False,True,True,False,False,False,False,True,False,False,False,False,True,False,False,False,False,False,False,False,False,False,False,False,True,False,False,False,False,False,False,False,False,False,False,False,False,False,False,False,False,False,True,False,False,False,False,False,False,False,True,False,False,False,False,False,False,False,False,False,False,False,False,False,True,False,False,True,False,False,False,False,True,False,False,False,False,False,False,False,False,False,False,False,False,False,False,False,False,False,True,False,False,False,False,False,False,False,False,False,False,False,False,False,False,True,False,False,False,True,False,False,False,True,False,False,False,True,False,True,False,False,False,False,True,False,False,False,False,False,True,False,False,False,False,False,True,False,False,False,False,False,False,False,False,False,True,True,False,False,False,False,False,True,False,False,True,False,False,False,False,True,False,False,True,False,False,False,False,False,True,False,False,False,False,True,True,False,False,False,False,False,False,False,False,False,False,False,False,True,False,False,False,False,True,False,True,False,False,True,False,False,False,True,True,False,False,False,False,False,False,False,False,False,False,True,False,False,False,True,False,0.2511704119850187,0.5324497757411026,-0.09545454545454746,0.16821808510638298,0.16666666666666663,2025.121212121212,False,False,False,False,False,True,False,False,False,True
0.18694158075601378,0.39999999999999997,0.6595744680851063,0.6594350282485876,0.75,0.9999999999999998,0.8989898989898997,0.9500000000000028,0.8226950354609929,0.32365657813465104,0.0,0.36746635459332944,0.5040935672514619,0.4647887323943662,0.8198665678280207,0.0,0.8576779026217228,0.0,0.0,0.5,1.0,1.0,0.0,0.857142857142857,0.5,0.8854166666666643,1.0,0.6795212765957447,0.32673267326732675,0.35185185185185186,0.0,0.0,0.0,0.0,0.0,0.2727272727272727,1.0,0.7931034482758621,False,False,True,False,True,True,False,False,False,False,False,False,True,False,True,False,False,False,False,False,False,False,False,False,False,False,False,False,False,False,False,False,False,False,True,False,False,False,False,False,False,False,False,False,False,True,False,False,False,False,False,False,False,True,False,False,False,False,False,False,False,False,False,False,False,False,False,True,False,False,True,False,False,False,False,True,False,False,False,False,False,False,False,False,False,False,False,False,False,False,False,False,False,True,False,False,False,False,False,False,False,False,False,False,False,False,False,False,True,False,False,True,False,False,False,True,False,False,False,False,True,False,True,False,False,False,False,True,False,False,False,False,False,True,False,False,True,False,False,True,False,False,False,False,False,False,False,False,False,True,True,False,False,False,False,False,False,False,False,True,False,False,False,False,True,False,True,False,False,False,False,False,False,True,False,True,False,False,False,True,False,False,False,False,False,False,False,False,False,False,False,False,True,False,False,False,False,True,False,True,False,False,True,False,False,False,True,True,False,False,False,False,False,False,False,False,False,False,True,False,False,False,True,False,0.6432584269662921,0.9688822996458282,0.05101010101010317,0.6795212765957447,0.7499999999999998,2025.1010101010102,False,False,False,False,False,False,True,False,False,True
0.18831615120274917,0.0,0.4893617021276595,0.39954802259887,0.375,0.9999999999999998,0.7272727272727266,0.5333333333333314,0.0,0.3372452130945028,0.0,0.15798712697483908,0.30760233918128654,0.2419974391805378,0.0,0.0,0.17696629213483145,0.0,0.0,0.0,0.0,0.3333333333333333,0.0,0.28571428571428564,0.0,0.7083333333333321,0.0,0.13829787234042554,0.4158415841584158,0.0,0.0,0.0,0.0,0.0,0.0,0.4545454545454545,0.25,0.22241379310344825,False,False,True,False,True,True,False,False,False,True,False,False,True,False,False,False,False,False,False,False,False,False,False,False,False,False,False,False,False,False,True,False,False,False,False,False,False,False,False,False,False,False,False,False,False,True,False,False,False,False,False,False,False,True,False,False,False,False,False,False,False,False,False,False,True,False,False,False,False,False,True,False,False,False,False,True,False,False,False,False,False,False,False,False,False,False,False,True,False,False,False,False,False,False,False,False,False,False,False,False,False,False,True,False,False,False,False,False,False,False,False,False,True,False,False,False,True,False,False,False,True,True,False,False,False,False,False,False,False,True,False,False,False,True,True,False,False,False,False,False,False,False,False,False,False,False,False,False,False,True,True,False,False,False,False,False,False,False,True,True,False,False,False,False,True,False,False,True,False,False,False,False,False,True,False,False,True,False,False,True,False,False,False,False,False,False,False,True,False,False,False,False,True,False,False,False,False,True,False,True,False,False,True,False,False,False,True,True,False,False,False,False,False,False,False,False,False,False,True,False,False,False,True,False,0.0663623595505618,0.5495997783618243,-0.1939393939393952,0.0,0.3749999999999999,2025.2727272727273,False,False,False,False,False,False,False,True,False,False
0.19175257731958764,0.39999999999999997,0.5638297872340425,0.5269303201506591,0.625,0.33333333333333326,0.6767676767676782,0.45000000000000284,0.706855791962175,0.24212476837554048,0.0,0.4493856056173201,0.5087719298245614,0.45966709346991036,0.6419570051890289,0.0,0.7415730337078652,0.0,0.0,0.5,1.0,1.0,0.0,0.7142857142857142,0.5,0.65625,0.5,0.4587765957446809,0.7128712871287128,0.7222222222222222,0.0,0.0,0.0,0.0,0.0,0.1818181818181818,0.5,0.45517241379310347,False,False,True,False,True,True,False,False,False,True,False,False,True,False,False,False,False,True,False,False,False,False,False,True,False,False,False,False,False,False,False,False,False,False,False,False,False,False,False,False,False,False,False,False,False,True,False,False,False,False,False,False,False,True,False,False,False,False,False,False,False,False,False,False,False,False,False,True,False,False,False,False,True,False,False,True,False,False,False,False,False,False,False,False,False,False,False,False,False,False,True,False,False,False,False,False,False,False,False,False,False,False,False,False,False,True,False,False,False,False,False,True,False,False,False,False,True,False,False,False,True,True,False,False,False,False,False,True,False,False,False,False,False,True,False,False,True,False,True,False,False,False,False,False,False,False,False,False,False,True,True,False,False,False,False,False,False,False,False,True,False,False,False,False,True,False,False,True,False,False,False,False,False,True,False,False,False,False,True,True,False,False,False,False,False,False,False,False,False,False,False,False,True,False,False,False,False,True,False,True,False,False,True,False,False,False,True,True,False,False,False,False,False,False,False,False,False,False,True,False,False,False,True,False,0.46348314606741575,0.9684390232944717,-0.2267676767676754,0.22938829787234044,0.2083333333333333,2025.3232323232323,False,False,False,False,False,False,True,False,True,False
0.19312714776632303,0.0,0.3191489361702128,0.31563088512241055,0.5,0.33333333333333326,0.9696969696969688,0.93333333333333,0.1607565011820331,0.5589870290302656,0.0,0.20889409011117613,0.5684210526315789,0.5275288092189501,0.0,0.0,0.38576779026217234,0.0,0.0,0.5,0.0,0.3333333333333333,0.0,0.28571428571428564,0.0,0.9583333333333321,0.5,0.5478723404255319,0.0,0.7407407407407407,0.0,0.0,0.0,0.0,0.0,0.36363636363636365,0.0,0.43103448275862066,True,False,False,False,True,False,True,False,False,True,False,False,True,False,False,False,False,True,False,False,False,False,False,False,False,False,False,False,False,False,False,False,False,False,False,False,False,False,False,False,True,False,False,False,False,True,False,False,False,False,False,False,False,True,False,False,False,False,False,False,False,False,False,False,True,False,False,False,False,False,True,False,False,False,False,True,False,False,False,False,False,False,False,False,False,False,False,False,False,False,False,False,False,True,False,False,False,False,False,False,False,False,False,False,False,False,False,False,True,False,False,False,False,True,False,True,False,False,False,False,True,False,True,False,False,False,False,True,False,False,False,False,False,True,False,False,True,False,False,True,False,False,False,False,False,False,False,False,False,True,True,False,False,False,False,False,True,False,False,True,False,False,False,False,True,False,True,False,False,False,False,False,False,True,False,False,True,False,False,True,False,False,False,False,False,False,False,False,False,False,False,False,True,False,False,False,False,True,False,True,False,False,True,False,False,False,True,True,False,False,False,False,False,False,False,False,True,False,False,False,False,False,False,True,0.19288389513108617,1.095949861850529,-0.03636363636363882,0.27393617021276595,0.16666666666666663,2025.030303030303,False,False,False,False,True,False,False,False,False,False
0.19381443298969073,1.0,0.04255319148936165,0.15465160075329565,0.625,0.33333333333333326,0.9797979797979792,0.9666666666666686,0.39243498817966904,0.5583693638048178,0.0,0.23990637799882972,0.5988304093567252,0.560819462227913,0.0,0.0,0.4101123595505618,0.5,0.0,0.5,0.0,0.3333333333333333,0.0,0.42857142857142855,0.5,0.9791666666666643,0.5,0.6196808510638298,0.42574257425742573,0.38271604938271603,0.0,0.0,0.0,0.0,0.0,0.2727272727272727,0.75,0.5086206896551724,False,False,True,False,True,True,False,False,False,True,False,False,True,False,False,False,False,True,False,False,False,False,False,False,False,False,False,False,False,False,False,False,False,False,False,True,False,False,False,False,False,False,False,False,False,True,False,False,False,False,False,False,False,True,False,False,False,False,False,False,False,True,False,False,True,False,False,False,False,False,True,False,False,False,False,True,False,False,False,False,False,False,False,False,False,False,False,False,False,False,False,False,False,True,False,False,False,False,False,False,False,False,False,False,False,False,False,False,True,False,False,False,False,True,False,True,False,False,False,False,True,False,True,False,False,False,False,True,False,False,False,False,False,True,False,False,True,False,False,True,False,False,False,False,False,False,False,False,False,True,True,False,False,False,False,False,False,False,False,True,False,False,False,False,True,False,True,False,False,False,False,False,False,True,False,True,False,False,False,True,False,False,False,False,False,False,True,False,False,False,False,False,True,False,False,False,False,True,False,True,False,False,True,False,False,False,True,True,False,False,False,False,False,False,False,True,False,False,False,False,False,False,True,False,0.2563202247191011,1.1596498715846382,-0.013131313131310662,0.3098404255319149,0.2083333333333333,2025.020202020202,False,False,False,False,True,False,False,False,False,False
0.19450171821305845,0.0,0.46808510638297873,0.49732580037664786,0.75,0.33333333333333326,0.9898989898989896,0.9833333333333343,0.1702127659574468,0.0,0.0,0.8589818607372732,0.6888888888888889,0.6594110115236875,0.0,0.0,0.48220973782771537,0.0,0.0,0.5,0.0,0.6666666666666667,0.0,0.42857142857142855,0.5,0.9791666666666643,1.0,0.9813829787234042,0.5198019801980198,0.9259259259259258,0.0,0.0,0.0,0.0,0.0,0.9999999999999999,0.75,0.636551724137931,False,False,True,False,True,True,False,False,False,True,False,False,True,False,False,False,False,True,False,False,False,False,False,False,False,False,False,False,False,False,False,False,False,False,False,False,False,False,False,False,True,False,False,False,True,False,False,False,False,False,False,False,False,True,False,False,False,False,False,False,False,False,False,False,True,False,False,False,False,False,True,False,False,False,False,True,False,False,False,False,False,False,False,False,False,False,False,False,False,False,False,False,False,True,False,False,False,False,False,False,False,False,False,False,False,False,False,False,True,False,False,False,False,True,False,True,False,False,False,False,True,False,True,False,False,False,False,True,False,False,False,False,False,True,False,False,True,False,False,False,False,False,False,True,False,False,False,False,False,True,True,False,False,False,False,False,False,False,False,True,False,False,False,False,True,False,True,False,False,False,False,False,False,True,False,True,False,False,False,True,False,False,False,False,False,False,False,False,False,False,False,False,True,False,False,False,False,True,False,True,False,False,True,False,False,False,True,True,False,False,False,False,False,False,False,False,True,False,False,False,False,False,False,True,0.3616573033707865,1.3482999004125764,-0.006565656565655331,0.9813829787234042,0.24999999999999994,2025.010101010101,False,False,False,False,False,True,False,False,True,False
0.19931271477663232,0.39999999999999997,0.9574468085106383,0.9492278719397363,0.75,0.33333333333333326,0.9696969696969688,0.93333333333333,0.0,0.0,0.0,0.6313633703920422,0.46140350877192987,0.410371318822023,0.6226834692364714,0.0,0.6933520599250936,0.0,0.0,0.5,1.0,0.6666666666666667,0.0,0.7142857142857142,0.5,0.9583333333333321,0.5,0.6981382978723404,0.0,0.31481481481481477,0.0,0.0,0.0,0.0,0.0,0.5454545454545454,0.0,0.5973448275862069,False,False,True,False,True,True,False,False,False,True,False,False,True,False,False,False,False,True,False,False,False,False,False,False,True,False,False,False,False,False,False,False,False,False,False,False,False,False,False,False,False,False,False,False,False,True,False,False,False,False,False,False,False,True,False,False,False,False,False,False,False,False,False,False,False,False,False,True,False,False,True,False,False,False,False,True,False,False,False,False,False,False,False,False,False,False,False,False,False,False,False,False,False,True,False,False,False,False,False,False,False,False,False,False,False,False,False,False,True,False,False,False,True,False,False,True,False,False,False,False,True,False,True,False,False,False,False,True,False,False,False,False,False,True,False,False,False,False,False,False,False,False,False,True,False,False,False,False,False,True,True,False,False,False,False,False,False,False,False,True,False,False,False,False,True,False,True,False,False,False,False,False,False,True,False,True,False,False,False,True,False,False,False,False,False,False,True,False,False,True,False,False,False,False,False,False,False,True,False,True,False,False,True,False,False,False,True,True,False,False,False,False,False,False,False,False,True,False,False,False,False,False,False,True,0.5200140449438202,0.8717748275939529,-0.03636363636363882,0.3490691489361702,0.24999999999999994,2025.030303030303,False,False,False,False,False,False,True,False,False,True
0.20206185567010312,0.0,0.5319148936170213,0.49642184557438795,0.5,0.33333333333333326,0.43434343434343603,0.04999999999999716,0.5626477541371159,0.7936998147004324,0.0,0.07665301345816267,0.6584795321637427,0.7720870678617158,0.0,0.0,0.5646067415730337,0.5,0.0,0.0,0.0,0.6666666666666667,0.0,0.5714285714285714,1.0,0.40625,0.5,0.34308510638297873,0.2722772277227723,0.0,0.0,0.0,0.0,0.0,0.0,0.8181818181818182,0.75,0.36896551724137927,False,False,True,False,True,True,False,False,False,True,False,False,True,False,False,False,False,True,False,False,False,False,False,False,False,False,False,False,False,False,False,True,False,False,False,False,False,False,False,False,False,False,False,False,False,True,False,False,False,False,False,False,False,True,False,False,False,False,False,False,False,False,False,False,True,False,False,False,False,False,False,False,True,False,False,True,False,False,False,False,False,False,False,False,False,False,False,True,False,False,False,False,False,False,False,False,False,False,False,False,False,True,False,False,False,False,False,False,False,False,False,False,False,True,False,False,True,False,False,False,True,True,False,False,False,False,False,False,False,True,False,False,False,True,False,False,True,False,False,True,False,False,False,False,False,False,False,False,False,True,True,False,False,False,False,False,False,False,True,True,False,False,False,False,True,False,False,True,False,False,False,False,False,True,False,True,False,False,False,True,False,False,False,False,False,False,False,False,False,False,False,False,True,False,False,False,False,True,False,True,False,False,True,False,False,False,True,True,False,False,False,False,False,False,False,False,False,False,True,False,False,False,True,False,0.28230337078651685,1.4305666000254584,-0.3843434343434389,0.17154255319148937,0.16666666666666663,2025.5656565656566,False,False,False,False,False,True,False,False,True,False
0.20274914089347082,0.6000000000000001,0.07446808510638298,0.37114877589453865,0.5,0.6666666666666667,0.7474747474747474,0.5666666666666629,0.0,0.5058678196417542,0.0,0.10766530134581627,0.41695906432748536,0.36171574903969267,0.0,0.0,0.2645131086142322,0.5,0.0,0.0,0.0,0.6666666666666667,0.0,0.42857142857142855,0.0,0.7291666666666643,0.5,0.5691489361702128,0.297029702970297,0.0,0.0,0.0,0.0,0.0,0.0,0.1818181818181818,0.0,0.2844827586206896,False,False,True,False,True,True,False,False,False,False,False,False,True,False,True,False,False,False,False,False,False,False,False,False,False,False,False,False,False,False,True,False,False,False,False,False,False,False,False,False,False,False,False,False,False,True,False,False,False,False,False,False,False,True,False,False,False,False,False,False,False,False,False,False,False,False,False,False,False,True,True,False,False,False,False,True,False,False,False,False,False,False,False,False,False,False,False,True,False,False,False,False,False,False,False,False,False,False,False,False,False,True,False,False,False,False,False,False,False,False,False,False,True,False,False,False,True,False,False,False,True,True,False,False,False,False,False,False,False,True,False,False,False,True,False,False,False,False,False,True,False,False,False,False,False,False,False,False,False,True,True,False,False,False,False,False,False,False,True,True,False,False,False,False,True,False,False,True,False,False,False,False,False,True,False,False,True,False,False,False,False,False,False,True,False,False,False,True,False,False,False,False,True,False,False,False,False,True,False,True,False,False,True,False,False,False,False,True,False,False,False,False,False,False,False,False,False,False,True,False,False,False,True,False,0.1322565543071161,0.778674813367178,-0.18080808080808453,0.2845744680851064,0.33333333333333337,2025.2525252525252,False,False,False,False,False,False,False,True,False,False
0.20343642611683851,0.3,0.4787234042553191,0.8060263653483993,0.375,0.33333333333333326,0.40404040404040487,0.0,0.0,0.25941939468807906,0.0,0.28671737858396723,0.3625730994152047,0.30217669654289375,0.48035581912527797,0.0,0.5243445692883896,0.0,0.0,0.0,1.0,1.0,0.0,0.42857142857142855,0.0,0.375,0.0,0.1622340425531915,0.7153465346534653,0.0,0.0,0.0,0.0,0.0,0.0,0.4545454545454545,0.25,0.3172413793103448,False,False,False,True,True,True,False,False,False,True,False,False,True,False,False,False,False,True,False,False,False,False,False,False,False,False,False,False,True,False,False,False,False,False,False,False,False,False,False,False,False,False,False,False,False,True,False,False,False,False,False,False,False,True,False,False,False,False,False,False,False,False,False,False,False,False,False,False,False,False,True,False,False,False,False,True,False,False,False,False,False,False,False,False,False,False,False,False,False,False,False,False,False,False,True,False,False,False,False,False,False,False,False,False,False,False,False,False,False,True,False,False,True,False,False,False,True,False,False,False,True,True,False,False,False,False,False,False,False,True,False,False,False,True,False,False,True,False,True,False,False,False,False,False,False,False,False,False,False,True,True,False,False,False,False,False,False,False,True,True,False,False,False,False,False,False,False,True,False,False,False,False,False,True,False,False,True,False,False,True,False,False,False,False,False,False,False,True,False,False,False,False,True,False,False,False,False,True,False,True,False,False,True,False,True,False,False,True,False,False,False,False,False,False,False,False,False,False,True,False,False,False,True,False,0.1966292134831461,0.6647497959580985,-0.40404040404040487,0.0,0.12499999999999997,2025.5959595959596,False,False,False,False,False,True,False,False,False,True
0.206872852233677,0.39999999999999997,0.3829787234042553,0.9955555555555556,0.75,0.33333333333333326,0.8888888888888893,0.8166666666666629,0.0,0.17356392835083387,0.0,0.4370977179637215,0.4315789473684211,0.4942381562099872,0.9206819866567828,0.0,0.9428838951310862,0.0,0.0,0.5,1.0,1.0,0.0,0.857142857142857,0.5,0.875,0.5,0.6954787234042553,0.5148514851485149,0.30864197530864196,0.0,0.0,0.0,0.0,0.0,0.36363636363636365,0.25,0.7137931034482758,False,False,True,False,True,True,False,False,True,False,False,False,True,False,False,False,False,True,False,False,False,False,False,False,True,False,False,False,False,False,False,False,False,False,False,False,False,False,False,False,False,False,False,False,False,True,False,False,False,False,False,False,False,True,False,False,False,False,False,False,False,False,False,False,False,False,False,True,False,False,True,False,False,False,False,True,False,False,False,False,False,False,False,False,False,False,False,False,False,False,False,False,False,True,False,False,False,False,False,False,False,False,False,False,False,False,False,False,True,False,False,False,True,False,False,True,False,False,False,False,True,False,True,False,False,False,False,True,False,False,False,False,False,True,False,False,True,False,False,True,False,False,False,False,False,False,False,False,False,True,True,False,False,False,False,False,False,False,False,True,False,False,False,False,True,False,True,False,False,False,False,False,False,True,False,False,False,False,True,False,False,True,False,False,False,False,False,False,False,False,False,False,True,False,False,False,False,True,False,True,False,False,True,False,False,False,True,True,False,False,False,False,False,False,False,False,False,False,True,False,False,False,True,False,0.7071629213483146,0.9258171035784083,-0.0722222222222264,0.34773936170212766,0.24999999999999994,2025.111111111111,False,False,False,False,False,False,True,False,False,True
0.20824742268041238,0.0,0.42553191489361697,0.5114877589453861,0.375,0.9999999999999998,0.6262626262626263,0.36666666666666714,0.0,0.5521927115503398,0.0,0.0,0.3532163742690058,0.2919334186939821,0.0,0.0,0.21348314606741575,0.5,0.0,0.0,0.0,0.6666666666666667,0.0,0.28571428571428564,0.0,0.6354166666666643,0.5,0.5212765957446809,0.6336633663366337,0.0,0.0,0.0,0.0,0.0,0.0,0.5454545454545454,0.0,0.31000000000000005,False,False,True,False,True,True,False,False,False,True,False,False,True,False,False,False,False,False,False,False,False,False,False,False,True,False,False,False,False,False,False,False,False,False,False,False,False,False,False,False,False,False,False,False,False,True,False,False,False,False,False,False,False,True,False,False,False,False,False,False,False,False,False,False,True,False,False,False,False,False,True,False,False,False,False,True,False,False,False,False,False,False,False,False,False,False,False,False,False,False,False,False,False,True,False,False,False,False,False,False,False,False,False,False,False,False,False,False,True,False,False,False,True,False,False,False,True,False,False,False,True,False,True,False,False,False,False,False,False,True,False,False,False,True,False,False,True,False,False,False,False,False,False,False,False,False,False,False,False,True,True,False,False,False,False,False,False,False,True,True,False,False,False,False,True,False,False,True,False,False,False,False,False,True,False,False,True,False,False,True,False,False,False,False,False,False,False,True,False,False,False,False,True,False,False,False,False,True,False,True,False,False,True,True,False,False,False,True,False,False,False,False,False,False,False,False,False,False,True,False,False,False,False,False,0.0800561797752809,0.6451497929629879,-0.25959595959595916,0.26063829787234044,0.3749999999999999,2025.3737373737374,False,False,False,False,False,False,False,False,True,False
0.20962199312714777,0.0,0.5319148936170213,0.5556308851224105,0.75,0.33333333333333326,0.9494949494949516,0.9166666666666643,0.5815602836879432,0.9042618900555899,0.0,0.3136337039204213,1.0,1.0,0.0,0.0,0.7312734082397003,0.5,0.0,0.5,0.0,0.6666666666666667,0.0,0.7142857142857142,0.0,0.9375,1.0,0.9680851063829786,0.4158415841584158,0.0,0.0,0.0,0.0,0.0,0.0,0.5454545454545454,0.25,0.8479310344827586,False,False,True,False,True,True,False,False,False,True,False,False,True,False,False,False,False,True,False,False,False,False,False,False,True,False,False,False,False,False,False,False,False,False,False,False,False,False,False,False,False,False,False,False,False,True,False,False,False,False,False,False,False,True,False,False,False,False,False,False,False,False,False,False,True,False,False,False,False,False,True,False,False,False,False,True,False,False,False,False,False,False,False,False,False,False,True,False,False,False,False,False,False,False,False,False,False,False,False,False,True,False,False,False,False,False,False,False,False,False,False,False,False,True,False,True,False,False,False,False,True,False,True,False,False,False,False,True,False,False,False,False,False,True,False,False,True,False,False,True,False,False,False,False,False,False,False,False,False,True,True,False,False,False,False,False,False,False,False,True,False,False,False,False,True,False,True,False,False,False,False,False,False,True,False,False,True,False,False,True,False,False,False,False,False,False,False,False,False,False,False,False,True,False,False,False,False,True,False,True,False,False,True,False,False,False,True,True,False,False,False,False,False,False,False,False,False,False,True,False,False,False,True,False,0.5484550561797752,2.0,-0.032828282828287314,0.9680851063829786,0.24999999999999994,2025.050505050505,False,False,False,False,False,False,True,False,True,False
0.21374570446735397,0.0,0.21276595744680848,0.375894538606403,0.5,0.6666666666666667,0.3838383838383841,0.8666666666666671,0.0,0.420012353304509,0.0,0.1708601521357519,0.39883040935672515,0.3418693982074264,0.0,0.0,0.25,0.5,0.0,0.0,0.0,0.3333333333333333,0.0,0.28571428571428564,0.5,0.3541666666666643,0.0,0.10638297872340427,0.0,0.0,0.0,0.0,0.0,0.0,0.0,0.36363636363636365,0.75,0.24827586206896549,False,False,True,False,True,True,False,False,False,True,False,False,True,False,False,False,False,True,False,False,False,False,False,False,False,False,False,False,False,False,False,True,False,False,False,False,False,False,False,False,False,False,False,False,False,True,False,False,False,False,False,False,False,True,False,False,False,False,False,False,False,False,False,False,True,False,False,False,False,False,True,False,False,False,False,True,False,False,False,False,False,False,False,False,False,False,False,False,False,False,False,False,False,True,False,False,False,False,False,False,False,False,False,False,False,False,False,False,True,False,False,False,True,False,False,False,True,False,True,False,False,True,False,False,False,False,False,False,False,True,False,False,False,True,False,False,True,False,False,False,False,False,False,False,False,False,False,False,False,True,True,False,False,False,False,False,False,False,False,True,False,False,False,False,True,False,False,True,False,False,False,False,False,True,False,True,False,False,False,False,False,False,False,True,False,False,False,True,False,False,False,False,True,False,False,False,False,True,False,True,False,False,True,False,False,False,True,True,False,False,False,False,False,False,False,False,False,False,True,False,False,False,True,False,0.125,0.7406998075641515,0.48282828282828305,0.0,0.33333333333333337,2025.6161616161617,False,False,False,False,False,False,False,True,False,False
0.21649484536082475,0.39999999999999997,0.43617021276595747,0.36045197740113,0.625,0.33333333333333326,0.9494949494949516,0.9166666666666643,0.0,0.2625077208153181,0.0,0.1702750146284377,0.24912280701754386,0.17797695262483992,0.530763528539659,0.0,0.46535580524344566,0.5,0.0,0.5,1.0,0.6666666666666667,0.0,0.42857142857142855,0.5,0.9375,0.5,0.36170212765957444,0.24752475247524752,0.31481481481481477,0.0,0.0,0.0,0.0,0.0,0.5454545454545454,0.75,0.4431034482758621,False,False,True,False,True,True,False,False,False,False,False,False,True,False,False,False,False,True,False,False,False,False,False,False,False,False,False,True,False,False,False,False,False,False,False,False,False,False,False,False,False,False,False,False,False,True,False,False,False,False,False,False,False,True,False,False,False,False,False,False,False,False,False,False,False,False,False,True,False,False,True,False,False,False,False,True,False,False,False,False,False,False,False,False,False,False,False,False,False,False,False,False,False,True,False,False,False,False,False,False,False,False,False,False,False,False,False,False,True,False,False,False,True,False,False,True,False,False,False,False,True,False,True,False,False,False,False,True,False,False,False,False,False,True,False,False,True,False,False,True,False,False,False,False,False,False,False,False,False,True,True,False,False,False,False,False,False,False,False,True,False,False,False,False,True,False,True,False,False,False,False,False,False,True,False,True,False,False,False,True,False,False,False,False,False,False,False,False,False,False,False,False,True,False,False,False,False,True,False,True,False,False,True,False,False,False,True,True,False,False,False,False,False,False,False,False,False,False,True,False,False,False,True,False,0.29084737827715357,0.4270997596423838,-0.032828282828287314,0.18085106382978722,0.2083333333333333,2025.050505050505,False,False,False,False,True,False,False,False,False,False
0.22405498281786942,1.0,0.021276595744680826,0.5902824858757062,0.75,0.33333333333333326,0.8383838383838373,0.7166666666666686,0.0,1.0,0.0,0.058513750731421885,0.8356725146198831,0.8201024327784892,0.0,0.0,0.5997191011235955,1.0,0.0,0.0,1.0,0.0,0.0,0.42857142857142855,1.0,0.8229166666666643,0.5,0.4162234042553191,0.30198019801980197,0.18518518518518517,0.0,0.0,0.0,0.0,0.0,0.36363636363636365,0.5,0.9103448275862069,False,False,True,False,True,True,False,False,False,False,False,False,True,False,True,False,False,False,False,False,False,False,False,False,False,False,False,False,False,False,False,False,False,False,False,False,False,False,False,False,False,False,False,True,False,True,False,False,False,False,False,False,False,True,False,False,False,False,False,False,False,False,True,False,True,False,False,False,False,False,True,False,False,False,False,True,False,False,False,False,False,False,False,False,True,False,False,False,False,False,False,False,False,False,False,False,False,False,True,False,False,False,False,False,False,False,False,False,False,False,False,False,True,False,False,True,False,False,False,False,True,False,True,False,False,False,False,True,False,False,False,False,False,True,True,False,False,False,False,True,False,False,False,False,False,False,False,False,False,True,True,False,False,False,False,False,False,False,False,True,False,False,False,False,True,False,True,False,False,False,False,False,False,True,False,True,False,False,False,True,False,False,False,False,False,False,False,False,False,False,False,False,True,False,False,False,False,True,False,True,False,False,True,False,False,False,True,True,False,False,False,False,True,False,False,False,False,False,False,False,False,False,True,False,0.4497893258426966,1.6557749473983723,-0.12171717171716878,0.20811170212765956,0.24999999999999994,2025.1616161616162,False,False,False,False,False,False,True,False,False,True
0.22474226804123712,0.0,0.5319148936170213,0.6470809792843691,0.5,0.33333333333333326,0.5050505050505052,0.1666666666666643,0.41371158392434987,0.34898085237801113,0.0,0.478642480983031,0.6391812865497075,0.6049935979513443,0.0,0.0,0.4424157303370787,0.0,0.0,0.0,1.0,0.6666666666666667,0.0,0.5714285714285714,0.0,0.4791666666666643,0.0,0.175531914893617,0.0,0.2777777777777778,0.0,0.0,0.0,0.0,0.0,0.2727272727272727,0.0,0.2939655172413793,False,False,True,False,True,True,False,False,False,True,False,False,True,False,False,False,False,True,False,False,False,False,False,False,False,False,False,False,False,False,False,True,False,False,False,False,False,False,False,False,False,False,False,False,False,True,False,False,False,False,False,False,False,True,False,False,False,False,False,False,False,False,False,False,True,False,False,False,False,False,False,False,True,False,False,True,False,False,False,False,False,False,False,False,False,False,False,False,False,False,False,False,False,False,True,False,False,False,False,False,False,False,False,False,False,False,False,False,False,True,False,True,False,False,False,False,True,False,False,False,True,True,False,False,False,False,False,False,False,True,False,False,False,True,False,False,True,False,False,False,False,False,True,False,False,False,False,False,False,True,True,False,False,False,False,False,False,False,True,True,False,False,False,False,True,False,False,True,False,False,False,False,False,True,False,False,True,False,False,True,False,False,False,False,False,False,True,False,False,False,False,False,True,False,False,False,False,True,False,True,False,False,True,False,False,False,True,True,False,False,False,False,False,False,False,False,False,False,True,False,False,False,True,False,0.22120786516853935,1.2441748845010518,-0.3383838383838409,0.0,0.16666666666666663,2025.4949494949494,False,False,False,False,True,False,False,False,False,True
0.22749140893470793,0.0,0.42553191489361697,0.3891525423728813,0.375,0.6666666666666667,0.4848484848484844,0.7000000000000028,0.0,0.522544780728845,0.0,0.12287887653598596,0.44795321637426905,0.39564660691421255,0.0,0.0,0.2893258426966292,0.5,0.0,0.0,0.0,0.6666666666666667,0.0,0.42857142857142855,0.0,0.45833333333333215,0.0,0.19680851063829788,0.0,0.0,0.0,0.0,0.0,0.0,0.0,0.6363636363636364,0.25,0.27241379310344827,False,False,True,False,True,True,False,False,False,True,False,False,True,False,False,False,False,True,False,False,False,False,False,False,False,False,False,False,False,False,False,True,False,False,False,False,False,False,False,False,False,False,False,False,False,True,False,False,False,False,False,False,False,True,False,False,False,False,False,False,False,False,False,False,True,False,False,False,False,False,True,False,False,False,False,True,False,False,False,False,False,False,False,False,False,False,False,False,False,False,False,False,False,False,True,False,False,False,False,False,False,False,False,False,False,False,False,False,False,True,False,False,True,False,False,False,True,False,False,False,True,True,False,False,False,False,False,False,False,True,False,False,False,True,False,False,True,False,False,False,False,False,True,False,False,False,False,False,False,True,True,False,False,False,False,True,False,False,False,True,False,False,False,False,True,False,False,True,False,False,False,False,False,True,False,False,True,False,False,True,False,False,False,False,False,False,True,False,False,False,False,False,True,False,False,False,False,True,False,True,False,False,True,False,False,False,True,True,False,False,False,False,False,False,False,False,False,False,True,False,False,False,True,False,0.10849719101123595,0.8435998232884816,0.21515151515151842,0.0,0.25,2025.5151515151515,False,False,False,False,False,False,False,True,False,False
0.22886597938144332,1.0,0.3085106382978723,0.3908097928436911,0.625,0.33333333333333326,0.9494949494949516,0.8999999999999986,0.34515366430260047,0.44471896232242125,0.0,0.37331772966647164,0.6245614035087719,0.58898847631242,0.0,0.0,0.43071161048689144,0.5,0.0,0.5,0.0,0.3333333333333333,0.0,0.42857142857142855,0.5,0.9375,0.5,0.4308510638297872,0.4752475247524752,0.18518518518518517,0.0,0.0,0.0,0.0,0.0,0.5454545454545454,0.5,0.506896551724138,False,False,False,True,True,True,False,False,False,True,False,False,True,False,False,False,True,False,False,False,False,False,False,False,False,False,False,False,False,False,False,False,False,False,False,True,False,False,False,False,False,False,False,False,False,True,False,False,False,False,False,False,False,True,False,False,False,False,False,False,False,False,True,False,True,False,False,False,False,False,True,False,False,False,False,True,False,False,False,False,False,False,False,False,False,False,False,False,False,False,False,False,False,True,False,False,False,False,False,False,False,False,False,False,False,False,False,False,True,False,False,False,False,True,False,True,False,False,False,False,True,False,True,False,False,False,False,True,False,False,False,False,False,True,False,False,False,False,False,True,False,False,False,False,False,False,False,False,False,True,True,False,False,False,False,False,False,False,False,True,False,False,False,False,True,False,True,False,False,False,False,False,False,True,False,True,False,False,False,True,False,False,False,False,False,False,True,False,False,False,False,False,True,False,False,False,False,True,False,True,False,False,True,False,False,False,True,True,False,False,False,False,False,False,False,False,False,False,True,False,False,False,True,False,0.26919475655430714,1.213549879821192,-0.04949494949495303,0.2154255319148936,0.2083333333333333,2025.050505050505,False,False,False,False,True,False,False,True,False,False
0.229553264604811,0.39999999999999997,0.3085106382978723,0.4543879472693032,0.5,0.33333333333333326,0.8888888888888893,0.7999999999999972,0.0,0.5114268066707844,0.0,0.06729081334113517,0.38187134502923975,0.323303457106274,0.5151964418087472,0.0,0.5617977528089888,0.5,0.0,0.5,1.0,0.6666666666666667,0.0,0.5714285714285714,1.0,0.875,0.5,0.4148936170212766,0.24752475247524752,0.2345679012345679,0.0,0.0,0.0,0.0,0.0,0.5454545454545454,0.5,0.45517241379310347,False,False,True,False,True,True,False,False,False,False,False,False,True,False,False,False,False,True,False,False,False,False,False,False,False,False,False,True,False,False,False,False,False,False,False,False,False,False,False,False,False,False,False,False,False,True,False,False,False,False,False,False,False,True,False,False,False,False,False,False,False,False,False,False,False,False,False,True,False,False,True,False,False,False,False,True,False,False,False,False,False,False,False,False,False,False,False,False,False,False,False,False,False,True,False,False,False,False,False,False,False,False,False,False,False,False,False,False,True,False,False,False,True,False,False,False,True,False,False,False,True,False,True,False,False,False,False,True,False,False,False,False,False,True,True,False,False,False,False,True,False,False,False,False,False,False,False,False,False,True,True,False,False,False,False,False,True,False,False,True,False,False,False,False,True,False,False,True,False,False,False,False,False,True,False,False,False,False,True,True,False,False,False,False,False,False,False,False,False,False,False,False,True,False,False,False,False,True,False,True,False,False,True,False,False,False,True,True,False,False,False,False,False,False,False,False,False,False,True,False,False,False,True,False,0.2808988764044944,0.7051748021355138,-0.08888888888889213,0.2074468085106383,0.16666666666666663,2025.111111111111,False,False,False,False,False,True,False,True,False,False
0.2316151202749141,0.0,0.42553191489361697,0.46139359698681737,0.625,0.33333333333333326,0.9292929292929308,0.8833333333333329,0.26713947990543735,0.500308832612724,0.0,0.42480983031012287,0.7286549707602339,0.7029449423815621,0.0,0.0,0.5140449438202247,0.5,0.0,0.5,0.0,0.6666666666666667,0.0,0.5714285714285714,0.0,0.9166666666666643,0.5,0.49468085106382975,0.4752475247524752,0.4567901234567901,0.0,0.0,0.0,0.0,0.0,0.9999999999999999,0.5,0.5310344827586208,False,False,True,False,True,True,False,False,False,True,False,False,True,False,False,False,False,True,False,False,False,False,False,False,True,False,False,False,False,False,False,False,False,False,False,False,False,False,False,False,False,False,False,False,False,True,False,False,False,False,False,False,False,True,False,False,False,False,False,False,False,False,False,False,True,False,False,False,False,False,True,False,False,False,False,True,False,False,False,False,False,False,False,False,False,False,False,False,False,False,False,False,False,True,False,False,False,False,False,False,False,False,False,False,False,False,False,False,True,False,False,True,False,False,False,True,False,False,False,False,True,False,True,False,False,False,False,True,False,False,False,False,False,True,False,False,False,False,False,True,False,False,False,False,False,False,False,False,False,True,True,False,False,False,False,False,False,False,False,True,False,False,False,False,True,False,True,False,False,False,False,False,False,True,False,False,True,False,False,True,False,False,False,False,False,False,True,False,False,False,False,False,True,False,False,False,False,True,False,True,False,False,True,False,False,False,True,True,False,False,False,False,False,False,False,False,False,False,True,False,False,False,True,False,0.32127808988764045,1.431599913141796,-0.045959595959597976,0.24734042553191488,0.2083333333333333,2025.0707070707072,False,False,False,False,False,True,False,False,True,False
0.2336769759450172,0.39999999999999997,0.5851063829787234,0.8422598870056498,0.75,0.33333333333333326,0.9292929292929308,0.8666666666666671,0.0,0.0,0.0,0.5658279695728496,0.39590643274853804,0.35531370038412285,0.6782802075611564,0.0,0.6882022471910112,0.0,0.0,0.5,1.0,1.0,0.0,0.857142857142857,0.0,0.9166666666666643,0.5,0.3603723404255319,0.3341584158415842,0.0,0.0,0.0,0.0,0.0,0.0,0.2727272727272727,1.0,0.49275862068965515,False,False,True,False,True,True,False,False,False,True,False,False,True,False,False,False,False,True,False,False,False,False,False,False,False,False,False,False,False,False,False,False,False,False,False,False,False,False,False,False,False,False,True,False,False,True,False,False,False,False,False,False,False,True,False,False,False,False,False,False,False,False,False,False,False,False,False,True,False,False,True,False,False,False,False,True,False,False,False,False,False,False,False,False,False,False,False,False,False,False,False,False,False,True,False,False,False,False,False,False,False,False,False,False,False,False,False,False,True,False,False,False,True,False,False,True,False,False,False,False,True,False,True,False,False,False,False,True,False,False,False,False,False,True,False,False,True,False,False,False,False,False,False,True,False,False,False,False,False,True,True,False,False,False,False,False,False,False,False,True,False,False,False,False,True,False,True,False,False,False,False,False,False,True,False,False,True,False,False,True,False,False,False,False,False,False,False,False,False,False,False,False,True,False,False,False,False,True,False,True,False,False,True,False,False,False,True,True,False,False,False,False,False,False,False,False,False,False,True,False,False,False,True,False,0.5161516853932584,0.7512201331326609,-0.0626262626262637,0.18018617021276595,0.24999999999999994,2025.0707070707072,False,False,False,False,False,False,True,False,False,True
0.2371134020618557,0.3,0.3723404255319148,0.2580037664783428,0.5,0.33333333333333326,0.29292929292929415,0.0,0.0,0.0,0.0,0.5687536571094207,0.39883040935672515,0.3418693982074264,0.44848035581912526,0.0,0.5332397003745318,0.0,0.0,0.0,0.0,0.6666666666666667,0.0,0.42857142857142855,0.5,0.2604166666666643,0.0,0.20212765957446807,0.0,0.0,0.0,0.0,0.0,0.0,0.0,0.8181818181818182,0.0,0.27655172413793105,False,False,True,False,True,True,False,False,False,True,False,False,True,False,False,False,False,True,False,False,False,False,True,False,False,False,False,False,False,False,False,False,False,False,False,False,False,False,False,False,False,False,False,False,False,False,False,False,False,True,False,False,False,True,False,False,False,False,False,False,False,False,False,False,False,False,False,False,False,False,True,False,False,False,False,True,False,False,False,False,False,False,False,False,False,False,False,False,False,True,False,False,False,False,False,False,False,False,False,False,False,False,False,True,False,False,False,False,False,False,False,False,True,False,False,False,True,False,False,False,True,False,False,False,False,False,False,False,False,True,False,False,False,True,False,False,True,False,False,False,False,False,False,True,False,False,False,False,False,True,True,False,False,False,False,False,True,False,False,True,False,False,False,False,True,True,False,False,False,False,False,False,False,True,False,True,False,False,False,False,False,False,False,True,False,False,False,True,False,False,False,False,True,False,False,False,False,True,False,True,False,False,True,False,False,False,True,True,False,False,False,False,False,False,False,False,False,False,True,False,False,False,True,False,0.2666198501872659,0.7406998075641515,-0.29292929292929415,0.0,0.16666666666666663,2025.7070707070707,False,False,False,False,False,True,False,False,False,False
0.25292096219931276,0.0,0.5106382978723404,0.36082862523540493,0.375,0.6666666666666667,0.4444444444444464,0.06666666666666288,0.4728132387706856,0.33353922174181594,0.0,0.42598010532475133,0.5719298245614035,0.5313700384122919,0.0,0.0,0.38857677902621723,0.0,0.0,0.0,0.0,0.3333333333333333,0.0,0.5714285714285714,0.5,0.4166666666666643,0.0,0.11170212765957446,0.0,0.6049382716049383,0.0,0.0,0.0,0.0,0.0,0.1818181818181818,1.0,0.24827586206896549,False,False,True,False,True,True,False,False,False,True,False,False,True,False,False,False,False,True,False,False,False,False,False,False,False,False,False,False,False,False,False,True,False,False,False,False,False,False,False,False,False,False,False,False,False,True,False,False,False,False,False,False,False,True,False,False,False,False,False,False,False,False,False,False,True,False,False,False,False,False,True,False,False,False,False,True,False,False,False,False,False,False,False,False,False,False,False,True,False,False,False,False,False,False,False,False,False,False,False,False,False,True,False,False,False,False,False,False,False,False,False,True,False,False,False,False,True,False,False,False,True,False,True,False,False,False,False,False,False,True,False,False,False,True,False,False,True,False,False,False,True,False,False,False,False,False,False,False,False,True,True,False,False,False,False,False,True,False,False,True,False,False,False,False,True,False,False,True,False,False,False,False,False,True,False,True,False,False,False,True,False,False,False,False,False,False,False,False,False,False,False,False,True,False,False,False,False,True,False,True,False,False,True,False,False,False,True,True,False,False,False,False,False,False,False,False,False,False,True,False,False,False,True,False,0.14571629213483145,1.1032998629736954,-0.37777777777778354,0.0,0.25,2025.5555555555557,False,False,False,False,True,False,False,False,False,False
0.25704467353951893,0.39999999999999997,0.3723404255319148,0.39096045197740115,0.625,0.33333333333333326,0.9393939393939412,0.8999999999999986,0.0,0.0,0.0,0.4956114686951434,0.3257309941520468,0.26184379001280406,0.8013343217197924,0.0,0.697565543071161,0.0,0.0,0.5,1.0,1.0,0.0,0.7142857142857142,0.5,0.9270833333333321,0.5,0.3643617021276596,0.24752475247524752,0.2962962962962963,0.0,0.0,0.0,0.0,0.0,0.5454545454545454,0.25,0.55,False,False,True,False,True,True,False,False,False,True,False,False,True,False,False,False,False,True,False,False,False,False,False,False,True,False,False,False,False,False,False,False,False,False,False,False,False,False,False,False,False,False,False,False,False,True,False,False,False,False,False,False,False,True,False,False,False,False,False,False,False,False,False,False,False,False,False,True,False,False,True,False,False,False,False,True,False,False,False,False,False,False,False,False,False,False,False,False,False,False,False,False,False,True,False,False,False,False,False,False,False,False,False,False,False,False,False,False,True,False,False,False,True,False,False,True,False,False,False,False,True,False,True,False,False,False,False,True,False,False,False,False,False,True,False,False,True,False,False,False,False,False,False,True,False,False,False,False,False,True,True,False,False,False,False,False,False,False,False,True,False,False,False,False,True,False,True,False,False,False,False,False,False,True,False,True,False,False,False,False,False,True,False,False,False,False,False,False,False,False,False,False,True,False,False,False,False,True,False,True,False,False,True,False,False,False,True,True,False,False,False,False,False,False,False,False,False,False,True,False,False,False,True,False,0.43597846441947563,0.5875747841648509,-0.039393939393942645,0.1821808510638298,0.2083333333333333,2025.060606060606,False,False,False,False,False,False,True,True,False,False
0.2584192439862543,0.6499999999999999,0.2872340425531914,0.439623352165725,0.375,0.33333333333333326,0.8686868686868685,0.7666666666666657,0.0,0.18406423718344658,0.0,0.3346986541837332,0.33918128654970764,0.3047375160051216,0.0,0.0,0.22284644194756553,0.0,0.0,0.0,0.0,0.3333333333333333,0.0,0.28571428571428564,0.0,0.875,0.5,0.5531914893617021,0.0,0.0,0.0,0.0,0.0,0.0,0.0,0.5454545454545454,0.0,0.303448275862069,False,False,True,False,True,True,False,False,False,False,False,False,True,False,True,False,False,False,False,False,False,False,False,False,True,False,False,False,False,False,False,False,False,False,False,False,False,False,False,False,False,False,False,False,False,True,False,False,False,False,False,False,False,True,False,False,False,False,False,False,False,False,False,False,False,False,False,False,True,False,True,False,False,False,False,True,False,False,False,False,False,False,False,False,False,False,False,False,False,False,False,False,False,True,False,False,False,False,False,False,False,False,False,False,False,False,False,False,True,False,False,False,True,False,False,True,False,False,False,False,True,False,True,False,False,False,False,True,False,False,False,False,False,True,False,False,False,False,False,True,False,False,False,False,False,False,False,False,False,True,True,False,False,False,False,False,False,False,False,True,False,False,False,False,True,False,False,True,False,False,False,False,False,True,False,False,True,False,False,False,False,False,False,True,False,False,False,True,False,False,False,False,True,False,False,False,False,True,False,True,False,False,True,False,False,False,True,True,False,False,False,False,False,False,False,False,False,False,True,False,False,False,True,False,0.08356741573033707,0.6439188025548293,-0.10202020202020279,0.2765957446808511,0.12499999999999997,2025.1313131313132,False,False,False,False,False,False,False,True,False,False
0.2604810996563574,0.39999999999999997,0.3191489361702128,0.38516007532956686,0.5,0.33333333333333326,0.9090909090909101,0.8333333333333357,0.037825059101654845,0.0,0.0,0.5746050321825629,0.40467836257309947,0.36427656850192064,0.5878428465530022,0.0,0.6376404494382023,0.0,0.0,0.5,1.0,0.6666666666666667,0.0,0.5714285714285714,0.5,0.8958333333333321,0.5,0.40292553191489366,0.24752475247524752,0.38888888888888884,0.0,0.0,0.0,0.0,0.0,0.4545454545454545,0.75,0.41034482758620694,False,False,True,False,True,True,False,False,False,False,False,False,True,False,False,False,False,True,False,False,False,False,False,False,False,False,False,True,False,False,False,False,False,False,False,False,False,False,False,False,False,False,False,False,False,False,False,False,False,True,False,False,False,True,False,False,False,False,False,False,False,False,False,False,False,False,False,True,False,False,True,False,False,False,False,True,False,False,False,False,False,False,False,False,False,False,False,False,False,False,False,False,False,True,False,False,False,False,False,False,False,False,False,False,False,False,False,False,True,False,False,True,False,False,False,False,True,False,False,False,True,False,True,False,False,False,False,True,False,False,False,False,False,True,False,False,True,False,False,False,False,False,False,True,False,False,False,False,False,True,True,False,False,False,False,False,False,False,False,True,False,False,False,False,True,False,False,True,False,False,False,False,False,True,False,False,False,False,True,True,False,False,False,False,False,False,False,False,False,False,False,False,True,False,False,False,False,True,False,True,False,False,True,False,False,False,True,True,False,False,False,False,False,False,False,False,False,False,True,False,False,False,True,False,0.31882022471910115,0.7689549310750201,-0.07575757575757436,0.20146276595744683,0.16666666666666663,2025.090909090909,False,False,False,False,False,False,True,True,False,False
0.2618556701030928,0.0,0.3191489361702128,0.31563088512241055,0.625,0.33333333333333326,0.9696969696969688,0.93333333333333,0.0,0.0,0.0,0.7565827969572849,0.5865497076023392,0.5524967989756722,0.0,0.0,0.40402621722846443,0.5,0.0,0.5,0.0,0.3333333333333333,0.0,0.28571428571428564,0.5,0.9583333333333321,0.5,0.5478723404255319,0.5346534653465347,0.7469135802469136,0.0,0.0,0.0,0.0,0.0,0.6363636363636364,0.0,0.44051724137931036,True,False,False,False,True,False,True,False,False,True,False,False,True,False,False,False,False,True,False,False,False,False,False,False,False,False,False,False,False,False,False,False,False,False,False,False,False,False,False,False,True,False,False,False,False,True,False,False,False,False,False,False,False,True,False,False,False,False,False,False,False,False,False,False,True,False,False,False,False,False,True,False,False,False,False,True,False,False,False,False,False,False,False,False,False,False,False,False,False,False,False,False,False,True,False,False,False,False,False,False,False,False,False,False,False,False,False,False,True,False,False,False,True,False,False,True,False,False,False,False,True,False,True,False,False,False,False,True,False,False,True,False,False,False,False,False,True,False,False,False,False,False,False,True,False,False,False,False,False,True,True,False,False,False,False,False,False,False,False,True,False,False,False,False,True,False,True,False,False,False,False,False,False,True,False,True,False,False,False,True,False,False,False,False,False,False,True,False,False,False,False,False,True,False,False,False,False,True,False,True,False,False,True,False,False,False,True,True,False,False,False,False,False,False,False,False,True,False,False,False,False,False,False,True,0.2525163857677903,1.1390465065780113,-0.03636363636363882,0.27393617021276595,0.2083333333333333,2025.030303030303,False,False,False,False,True,False,False,False,False,False
0.2625429553264605,0.39999999999999997,0.5212765957446808,0.46967984934086626,0.625,0.33333333333333326,0.9696969696969688,0.93333333333333,0.0,0.0,0.0,0.5494441193680515,0.3795321637426901,0.32074263764404604,0.6360266864343959,0.0,0.6362359550561798,0.0,0.0,0.5,1.0,0.6666666666666667,0.0,0.7142857142857142,0.0,0.9583333333333321,0.5,0.636968085106383,0.3564356435643564,0.3271604938271605,0.0,0.0,0.0,0.0,0.0,0.2727272727272727,0.25,0.5293103448275862,False,False,True,False,True,True,False,False,False,False,False,False,True,False,False,False,False,True,False,False,False,False,False,False,True,False,False,False,False,False,False,False,False,False,False,False,False,False,False,False,False,False,False,False,False,True,False,False,False,False,False,False,False,True,False,False,False,False,False,False,False,False,False,False,False,False,False,True,False,False,True,False,False,False,False,True,False,False,False,False,False,False,False,False,False,False,False,False,False,False,False,False,False,True,False,False,False,False,False,False,False,False,False,False,False,False,False,False,True,False,False,False,True,False,False,True,False,False,False,False,True,False,True,False,False,False,False,True,False,False,False,False,False,True,False,False,False,False,False,False,False,False,False,True,False,False,False,False,False,True,True,False,False,False,False,False,False,False,False,True,False,False,False,False,True,False,True,False,False,False,False,False,False,True,False,False,True,False,False,True,False,False,False,False,False,False,True,False,False,False,False,False,True,False,False,False,False,True,False,True,False,False,True,False,False,False,True,True,False,False,False,False,False,False,False,False,False,False,True,False,False,False,True,False,0.3976474719101124,0.7002748013867361,-0.03636363636363882,0.3184840425531915,0.2083333333333333,2025.030303030303,False,False,False,False,False,False,True,False,True,False
0.26597938144329897,0.6000000000000001,0.44680851063829785,0.31563088512241055,0.5,0.6666666666666667,0.6666666666666679,0.43333333333333,0.6028368794326241,0.3897467572575664,0.0,0.23990637799882972,0.4391812865497076,0.439820742637644,0.0,0.0,0.3216292134831461,0.5,0.0,0.0,0.0,0.6666666666666667,0.0,0.42857142857142855,0.5,0.65625,0.0,0.25531914893617025,0.7326732673267327,0.0,0.0,0.0,0.0,0.0,0.0,0.8181818181818182,0.75,0.22413793103448273,False,False,True,False,True,True,False,False,False,True,False,False,True,False,False,False,False,True,False,False,False,False,False,False,False,False,True,False,False,False,False,False,False,False,False,False,False,False,False,False,False,False,False,False,False,True,False,False,False,False,False,False,False,True,False,False,False,False,False,False,False,False,False,False,False,False,False,False,False,True,False,False,True,False,False,True,False,False,False,False,False,False,False,False,False,False,False,False,False,True,False,False,False,False,False,False,False,False,False,False,False,False,False,True,False,False,False,False,False,False,False,True,False,False,False,False,True,False,False,False,True,True,False,False,False,False,False,False,False,True,False,False,False,True,False,False,False,False,False,False,False,False,False,False,False,False,False,False,False,True,True,False,False,False,False,False,False,False,False,True,False,False,False,False,True,False,False,True,False,False,False,False,False,True,True,False,False,False,False,False,False,False,False,True,False,False,False,True,False,False,False,False,True,False,False,False,False,True,False,True,False,False,True,True,False,False,False,True,False,False,False,False,False,False,False,False,False,False,True,False,False,False,False,False,0.16081460674157305,0.8790020291873516,-0.23333333333333783,0.0,0.33333333333333337,2025.3333333333333,False,False,False,False,False,False,False,False,False,False
0.26666666666666666,0.0,0.6702127659574467,0.48,0.625,0.33333333333333326,0.8989898989898997,0.8333333333333357,0.29550827423167847,0.0,0.0,0.8589818607372732,0.6888888888888889,0.6664532650448143,0.0,0.0,0.4873595505617978,0.0,0.0,0.5,0.0,0.6666666666666667,0.0,0.42857142857142855,0.0,0.8854166666666643,0.5,0.5545212765957447,0.297029702970297,0.15432098765432098,0.0,0.0,0.0,0.0,0.0,0.5454545454545454,0.5,0.4517241379310345,False,False,True,False,True,True,False,False,False,False,False,False,True,False,True,False,False,False,False,False,False,False,False,False,True,False,False,False,False,False,False,False,False,False,False,False,False,False,False,False,False,False,False,False,False,True,False,False,False,False,False,False,False,True,False,False,False,False,False,False,False,False,False,False,True,False,False,False,False,False,True,False,False,False,False,True,False,False,False,False,False,False,False,False,False,False,False,False,False,False,False,False,False,True,False,False,False,False,False,False,False,False,False,False,False,False,False,False,True,False,False,True,False,False,False,True,False,False,False,False,True,False,True,False,False,False,False,True,False,False,False,False,False,True,False,False,True,False,False,False,False,False,False,True,False,False,False,False,False,True,True,False,False,False,False,False,False,False,False,True,False,False,False,False,True,False,True,False,False,False,False,False,False,True,False,False,True,False,False,True,False,False,False,False,False,False,True,False,False,False,False,False,True,False,False,False,False,True,False,True,False,False,True,False,False,False,True,True,False,False,False,False,False,False,False,False,False,False,True,False,False,False,True,False,0.3045997191011236,1.3553421539337032,-0.06565656565656397,0.27726063829787234,0.2083333333333333,2025.1010101010102,False,False,False,False,False,True,False,False,True,False
0.2707903780068729,0.3,0.3191489361702128,0.5366478342749529,0.375,0.6666666666666667,0.30303030303030454,0.0,0.0,0.0,0.0,0.4300760678759509,0.260233918128655,0.19014084507042256,0.22164566345441067,0.0,0.27902621722846443,0.0,0.0,0.0,0.0,0.3333333333333333,0.0,0.28571428571428564,0.0,0.27083333333333215,0.0,0.10638297872340427,0.0,0.24074074074074073,0.0,0.0,0.0,0.0,0.0,0.5454545454545454,0.25,0.1689655172413793,False,False,True,False,True,True,False,False,False,True,False,False,True,False,False,False,False,True,False,False,False,False,False,False,False,False,False,False,False,False,False,False,False,False,False,False,True,False,False,False,False,False,False,False,False,True,False,False,False,False,False,False,False,True,False,False,False,False,False,False,False,False,False,False,False,False,False,False,False,False,True,False,False,False,False,True,False,False,False,False,False,False,False,False,False,False,False,False,False,True,False,False,False,False,False,False,False,False,False,False,False,False,False,True,False,False,False,False,False,False,False,False,True,False,False,False,True,False,False,False,True,True,False,False,False,False,False,False,False,True,False,False,False,True,False,False,True,False,False,False,False,False,False,True,False,False,False,False,False,True,True,False,False,False,False,False,True,False,False,True,False,False,False,False,False,False,False,True,False,False,False,False,False,True,False,False,True,False,False,False,False,False,False,True,False,False,False,True,False,False,False,False,True,False,False,False,False,True,False,True,False,False,True,False,False,False,True,True,False,False,False,False,False,False,False,False,False,False,True,False,False,False,True,False,0.10463483146067416,0.45037476319907754,-0.30303030303030454,0.0,0.25,2025.6969696969697,False,False,False,False,False,False,False,False,True,False
0.2714776632302406,0.0,0.4042553191489361,0.4942372881355932,0.375,0.6666666666666667,0.46464646464646364,0.10000000000000142,0.0,0.4564546016059296,0.0,0.23698069046225864,0.4994152046783626,0.45198463508322667,0.0,0.0,0.33052434456928836,0.5,0.0,0.0,0.0,0.6666666666666667,0.0,0.42857142857142855,0.0,0.4375,0.0,0.5797872340425532,0.10891089108910891,0.0,0.0,0.0,0.0,0.0,0.0,0.4545454545454545,1.0,0.23793103448275862,False,False,True,False,True,True,False,False,False,True,False,False,True,False,False,False,False,True,False,False,False,False,False,False,False,False,True,False,False,False,False,False,False,False,False,False,False,False,False,False,False,False,False,False,False,True,False,False,False,False,False,False,False,True,False,False,False,False,False,False,False,False,False,False,True,False,False,False,False,False,True,False,False,False,False,True,False,False,False,False,False,False,False,False,False,False,False,False,False,False,False,False,False,False,True,False,False,False,False,False,False,False,False,False,False,False,False,False,False,True,False,False,True,False,False,False,True,False,False,False,True,True,False,False,False,False,False,False,False,True,False,False,False,True,False,False,False,False,True,False,False,False,False,False,False,False,False,False,False,True,True,False,False,False,False,False,False,False,True,True,False,False,False,False,True,False,False,True,False,False,False,False,False,True,False,False,True,False,False,True,False,False,False,False,False,False,False,True,False,False,False,False,True,False,False,False,False,True,False,True,False,False,True,False,False,False,True,True,False,False,False,False,False,False,False,False,False,False,True,False,False,False,True,False,0.12394662921348314,0.9513998397615893,-0.3646464646464622,0.0,0.25,2025.5353535353536,False,False,False,False,False,False,False,False,True,False
0.2721649484536083,0.0,0.3191489361702128,0.31563088512241055,0.375,0.33333333333333326,0.6262626262626263,0.36666666666666714,0.0,0.4799258801729463,0.0,0.0684610883557636,0.3532163742690058,0.2919334186939821,0.0,0.0,0.21348314606741575,0.0,0.0,0.0,0.0,0.3333333333333333,0.0,0.42857142857142855,0.0,0.7395833333333321,0.5,0.5851063829787234,0.5321782178217822,0.0,0.0,0.0,0.0,0.0,0.0,0.7272727272727273,0.75,0.2172413793103448,False,False,True,False,True,True,False,False,False,True,False,True,False,False,False,False,False,True,False,False,False,False,False,False,True,False,False,False,False,False,False,False,False,False,False,False,False,False,False,False,False,False,False,False,False,True,False,False,False,False,False,False,False,True,False,False,False,False,False,False,False,False,False,False,True,False,False,False,False,False,False,False,True,False,False,True,False,False,False,False,False,False,False,False,False,False,False,False,False,True,False,False,False,False,False,False,False,False,False,False,False,False,False,True,False,False,False,False,False,False,False,False,True,False,False,False,True,False,False,False,True,True,False,False,False,False,False,False,False,True,False,False,False,True,False,False,False,False,False,False,False,False,True,False,False,False,False,False,False,True,True,False,False,False,False,False,False,False,True,True,False,False,False,False,True,False,False,True,False,False,False,False,False,True,False,False,True,False,False,False,False,False,False,True,False,False,True,False,False,False,False,False,True,False,False,False,False,True,False,True,False,False,True,False,False,False,True,True,False,False,False,False,False,False,False,False,False,False,True,False,False,False,True,False,0.0800561797752809,0.6451497929629879,-0.25959595959595916,0.2925531914893617,0.12499999999999997,2025.3737373737374,False,False,False,False,False,False,False,False,False,False
0.27560137457044676,0.0,0.3723404255319148,0.4336723163841808,0.625,0.33333333333333326,0.9595959595959584,0.9166666666666643,0.0,0.014823965410747375,0.0,0.7524868344060854,0.5964912280701755,0.558258642765685,0.0,0.0,0.40823970037453183,0.0,0.0,0.5,0.0,0.6666666666666667,0.0,0.42857142857142855,0.5,0.9479166666666643,0.5,0.3191489361702128,0.0,0.0,0.0,0.0,0.0,0.0,0.0,0.5454545454545454,0.0,0.3620344827586207,False,False,True,False,True,True,False,False,False,False,False,False,True,False,False,False,False,True,False,False,False,False,False,False,True,False,False,False,False,False,False,False,False,False,False,False,False,False,False,False,False,False,False,False,False,True,False,False,False,False,False,False,False,True,False,False,False,False,False,False,False,False,False,False,True,False,False,False,False,False,True,False,False,False,False,True,False,False,False,False,False,False,False,False,False,False,False,False,False,False,False,False,False,True,False,False,False,False,False,False,False,False,False,False,False,False,False,False,True,False,False,False,True,False,False,True,False,False,False,False,True,False,True,False,False,False,False,True,False,False,False,False,False,True,False,False,False,False,False,True,False,False,False,False,False,False,False,False,False,True,True,False,False,False,False,False,False,False,False,True,False,False,False,False,True,False,True,False,False,False,False,False,False,True,False,True,False,False,False,True,False,False,False,False,False,False,False,False,False,False,False,False,True,False,False,False,False,True,False,True,False,False,True,False,False,False,True,True,False,False,False,False,False,False,False,False,True,False,False,False,False,False,False,True,0.2551498127340824,1.1547498708358606,-0.04292929292929415,0.1595744680851064,0.2083333333333333,2025.0404040404042,False,False,False,False,True,False,False,True,False,False
0.2810996563573883,0.39999999999999997,0.5851063829787234,0.5868173258003766,0.75,0.33333333333333326,0.9797979797979792,0.9666666666666686,0.2364066193853428,0.48733786287832,0.0,0.14335868929198362,0.4350877192982457,0.3918053777208707,0.7620459599703484,0.0,0.7677902621722846,0.5,0.0,0.5,1.0,0.6666666666666667,0.0,0.7142857142857142,0.5,0.9791666666666643,1.0,0.898936170212766,0.0,0.6296296296296295,0.0,0.0,0.0,0.0,0.0,0.2727272727272727,0.5,0.9646551724137931,True,False,False,False,True,True,False,False,False,True,False,False,True,False,False,False,False,True,False,False,False,False,False,False,False,False,False,False,False,False,False,False,False,False,False,False,False,False,False,False,True,False,False,False,False,True,False,False,False,False,False,False,False,True,False,False,False,False,False,False,False,False,False,False,False,False,False,True,False,False,True,False,False,False,False,True,False,False,False,False,False,False,False,False,False,False,False,False,False,False,False,False,False,True,False,False,False,False,False,False,False,False,False,False,False,False,False,False,True,False,False,False,False,True,False,True,False,False,False,False,True,False,True,False,False,False,False,False,False,False,False,False,False,True,False,False,True,False,False,True,False,False,False,False,False,False,False,False,False,True,True,False,False,False,False,False,False,False,False,True,False,False,False,False,True,False,False,False,False,False,False,False,False,True,False,True,False,False,False,True,False,False,False,False,False,False,False,False,False,False,False,False,True,False,False,False,False,True,False,True,False,False,True,False,False,False,True,True,False,False,False,False,False,False,False,False,True,False,False,False,False,False,False,True,0.5758426966292135,0.8268930970191164,-0.013131313131310662,0.898936170212766,0.24999999999999994,2025.020202020202,False,False,False,False,False,False,True,False,False,True
0.28522336769759454,0.0,0.45744680851063824,0.4436158192090396,0.625,0.33333333333333326,0.9797979797979792,0.9500000000000028,0.0,0.014823965410747375,0.0,0.770040959625512,0.6140350877192984,0.5774647887323943,0.0,0.0,0.42228464419475653,0.0,0.0,0.5,0.0,0.6666666666666667,0.0,0.42857142857142855,0.0,0.96875,0.5,0.31382978723404253,0.24752475247524752,0.18518518518518517,0.0,0.0,0.0,0.0,0.0,0.6363636363636364,0.25,0.41770344827586203,False,False,True,False,True,True,False,False,False,False,False,False,True,False,False,False,False,True,False,False,False,False,False,False,False,False,False,True,False,False,False,False,False,False,False,False,False,False,False,False,False,False,False,False,False,True,False,False,False,False,False,False,False,True,False,False,False,False,False,False,False,False,False,False,True,False,False,False,False,False,True,False,False,False,False,True,False,False,False,False,False,False,False,False,False,False,False,False,False,False,False,False,False,True,False,False,False,False,False,False,False,False,False,False,False,False,False,False,True,False,False,False,True,False,False,True,False,False,False,False,True,False,True,False,False,False,False,True,False,False,False,False,False,True,False,False,False,False,False,True,False,False,False,False,False,False,False,False,False,True,True,False,False,False,False,False,False,False,False,True,False,False,False,False,True,False,True,False,False,False,False,False,False,True,False,False,True,False,False,True,False,False,False,False,False,False,False,False,False,False,False,False,True,False,False,False,False,True,False,True,False,False,True,False,False,False,True,True,False,False,False,False,False,False,False,False,True,False,False,False,False,False,False,True,0.26392790262172283,1.1914998764516926,-0.02979797979797638,0.15691489361702127,0.2083333333333333,2025.020202020202,False,False,False,False,True,False,False,True,False,False
0.28591065292096224,0.39999999999999997,0.46808510638297873,0.3641431261770245,0.5,0.9999999999999998,0.6868686868686886,0.46666666666666856,0.47990543735224583,0.12909203211859174,0.0,0.27091866588648333,0.22339181286549709,0.14980793854033292,0.5396590066716086,0.0,0.45037453183520604,0.0,0.0,0.0,1.0,0.6666666666666667,0.0,0.42857142857142855,0.5,0.6666666666666643,0.5,0.37234042553191493,0.0,0.0,0.0,0.0,0.0,0.0,0.0,0.1818181818181818,0.0,0.3086206896551724,False,False,True,False,True,True,False,False,False,True,False,False,True,False,False,False,False,True,False,False,False,False,False,False,False,False,False,False,False,False,False,False,False,False,False,False,False,False,True,False,False,False,False,False,False,True,False,False,False,False,False,False,False,True,False,False,False,False,False,False,False,False,False,False,False,False,False,True,False,False,False,False,True,False,False,True,False,False,False,False,False,False,False,False,False,False,False,True,False,False,False,False,False,False,False,False,False,False,False,False,False,True,False,False,False,False,False,False,False,False,False,True,False,False,False,False,True,False,False,False,True,True,False,False,False,False,False,False,False,True,False,False,False,True,False,False,True,False,False,False,False,False,False,False,False,False,False,False,False,True,True,False,False,False,False,False,False,False,True,True,False,False,False,False,True,False,False,True,False,False,False,False,False,True,False,False,False,False,True,True,False,False,False,False,False,False,False,False,False,False,False,False,True,False,False,False,False,True,False,True,False,False,True,False,False,False,True,True,False,False,False,False,False,False,False,False,False,False,True,False,False,False,True,False,0.22518726591760302,0.37319975140583,-0.22020202020202007,0.18617021276595747,0.4999999999999999,2025.3131313131314,False,False,False,False,True,False,False,False,False,False
0.28728522336769763,0.3,0.3191489361702128,0.38794726930320156,0.375,0.6666666666666667,0.30303030303030454,0.0,0.0,0.19271155033971588,0.0,0.2598010532475132,0.27251461988304093,0.20358514724711907,0.28020756115641215,0.0,0.3258426966292135,0.5,0.0,0.0,1.0,0.6666666666666667,0.0,0.5714285714285714,0.0,0.27083333333333215,0.0,0.10638297872340427,0.0,0.0,0.0,0.0,0.0,0.0,0.0,0.2727272727272727,0.25,0.2275862068965517,False,False,True,False,True,True,False,False,False,True,False,False,True,False,False,False,False,True,False,False,False,False,False,False,False,False,True,False,False,False,False,False,False,False,False,False,False,False,False,False,False,False,False,False,False,True,False,False,False,False,False,False,False,True,False,False,False,False,False,False,False,False,False,False,False,False,False,False,False,False,True,False,False,False,False,True,False,False,False,False,False,False,False,False,False,False,False,False,False,True,False,False,False,False,False,False,False,False,False,False,False,False,False,True,False,False,False,False,False,False,False,False,True,False,False,False,True,False,False,False,True,False,False,False,False,False,False,False,False,True,False,False,False,True,False,False,True,False,False,False,False,False,False,False,False,False,False,False,False,True,True,False,False,False,False,True,False,False,False,False,True,False,False,False,False,False,False,True,False,False,False,False,False,True,False,False,True,False,False,False,False,False,False,True,False,False,False,True,False,False,False,False,True,False,False,False,False,True,True,False,False,False,True,False,False,False,True,True,False,False,False,False,False,False,False,False,False,False,True,True,False,False,False,False,0.12219101123595506,0.47609976713016,-0.30303030303030454,0.0,0.25,2025.6969696969697,False,False,False,False,False,False,False,True,False,False
0.2914089347079038,0.0,0.44680851063829785,0.4512241054613936,0.5,0.33333333333333326,0.46464646464646364,0.10000000000000142,0.17494089834515367,0.38048177887584933,0.0,0.3393797542422469,0.5298245614035089,0.4852752880921895,0.0,0.0,0.35486891385767794,0.5,0.0,0.0,0.0,0.3333333333333333,0.0,0.42857142857142855,0.5,0.4375,0.0,0.18218085106382978,0.0,0.2716049382716049,0.0,0.0,0.0,0.0,0.0,0.36363636363636365,0.5,0.27241379310344827,False,False,True,False,True,True,False,False,False,True,False,False,True,False,False,False,False,True,False,False,False,False,False,False,False,False,False,False,False,False,False,True,False,False,False,False,False,False,False,False,False,False,False,False,False,True,False,False,False,False,False,False,False,True,False,False,False,False,False,False,False,False,False,False,True,False,False,False,False,False,True,False,False,False,False,True,False,False,False,False,False,False,False,False,False,False,False,False,False,False,False,False,False,False,True,False,False,False,False,False,False,False,False,False,False,False,False,False,False,True,False,True,False,False,False,False,True,False,False,False,True,True,False,False,False,False,False,True,False,False,False,False,False,True,False,False,True,False,False,False,True,False,False,False,False,False,False,False,False,True,True,False,False,False,False,False,True,False,False,True,False,False,False,False,False,False,False,True,False,False,False,False,False,True,False,True,False,False,False,True,False,False,False,False,False,False,True,False,False,False,False,False,True,False,False,False,False,True,False,True,False,False,True,False,False,False,True,True,False,False,False,False,False,False,False,False,False,False,True,False,False,False,True,False,0.17743445692883897,1.0150998494956984,-0.3646464646464622,0.0,0.16666666666666663,2025.5353535353536,False,False,False,False,True,False,False,True,False,False
0.2934707903780069,0.0,0.5,0.4205649717514124,0.25,0.6666666666666667,0.47474747474747403,0.11666666666666714,0.0,0.1778875849289685,0.0,0.3622001170275015,0.3608187134502924,0.30025608194622283,0.0,0.0,0.21956928838951312,0.0,0.0,0.0,0.0,0.6666666666666667,0.0,0.28571428571428564,0.0,0.5208333333333321,0.0,0.25531914893617025,0.0,0.0,0.0,0.0,0.0,0.0,0.0,0.5454545454545454,0.5,0.16899310344827587,False,False,True,False,True,True,False,False,False,False,False,False,True,False,False,False,False,True,False,False,False,False,False,False,False,False,False,False,False,False,False,True,False,False,False,False,False,False,False,False,False,False,False,False,False,True,False,False,False,False,False,False,False,True,False,False,False,False,False,False,False,False,False,False,True,False,False,False,False,False,False,False,True,False,False,True,False,False,False,False,False,False,False,False,False,False,False,False,False,True,False,False,False,False,False,False,False,False,False,False,False,False,False,True,False,False,False,False,False,False,False,False,True,False,False,False,True,False,False,False,True,True,False,False,False,False,False,False,False,True,False,False,False,True,False,False,True,False,False,False,False,False,True,False,False,False,False,False,False,True,True,False,False,False,False,False,False,False,False,True,False,False,False,False,True,False,False,True,False,False,False,False,False,True,False,False,True,False,False,False,False,False,False,True,False,False,False,True,False,False,False,False,True,False,False,False,False,True,False,True,False,False,True,False,False,False,True,True,False,False,False,False,False,False,False,False,False,False,True,False,False,False,True,False,0.05489232209737828,0.6610747953965153,-0.3580808080808069,0.0,0.16666666666666669,2025.5252525252524,False,False,False,False,False,False,False,True,False,False
0.2941580756013746,0.0,0.36170212765957444,0.2826365348399247,0.625,0.33333333333333326,0.9797979797979792,0.9500000000000028,0.2553191489361702,0.4101297096973441,0.0,0.3183148039789351,0.536842105263158,0.4929577464788732,0.0,0.0,0.36048689138576784,0.5,0.0,0.5,0.0,0.3333333333333333,0.0,0.42857142857142855,0.0,0.96875,0.5,0.6223404255319149,0.2599009900990099,0.3333333333333333,0.0,0.0,0.0,0.0,0.0,0.7272727272727273,0.25,0.4668965517241379,False,False,True,False,True,True,False,False,False,True,False,False,True,False,False,False,False,True,False,False,False,False,False,False,True,False,False,False,False,False,False,False,False,False,False,False,False,False,False,False,False,False,False,False,False,True,False,False,False,False,False,False,False,True,False,False,False,False,False,False,False,False,False,False,True,False,False,False,False,False,True,False,False,False,False,True,False,False,False,False,False,False,False,False,False,False,False,False,False,False,False,False,False,True,False,False,False,False,False,False,False,False,False,False,False,False,False,False,True,False,False,True,False,False,False,True,False,False,False,False,True,False,True,False,False,False,False,True,False,False,False,False,False,True,False,False,True,False,False,True,False,False,False,False,False,False,False,False,False,True,True,False,False,False,False,False,False,False,False,True,False,False,False,False,True,False,True,False,False,False,False,False,False,True,False,False,True,False,False,True,False,False,False,False,False,False,True,False,False,False,False,False,True,False,False,False,False,True,False,True,False,False,True,False,False,False,True,True,False,False,False,False,False,False,False,False,True,False,False,False,False,False,False,True,0.22530430711610488,1.0297998517420313,-0.02979797979797638,0.31117021276595747,0.2083333333333333,2025.020202020202,False,False,False,False,True,False,False,False,False,False
0.29759450171821306,0.39999999999999997,0.7446808510638298,0.5897551789077213,0.5,0.33333333333333326,0.8787878787878789,0.7999999999999972,0.0,0.0,0.0,0.5418373317729667,0.3719298245614035,0.3124199743918054,0.5025945144551519,0.0,0.5458801498127341,0.0,0.0,0.5,1.0,0.6666666666666667,0.0,0.5714285714285714,0.5,0.8645833333333321,0.5,0.4122340425531915,0.0,0.2222222222222222,0.0,0.0,0.0,0.0,0.0,0.5454545454545454,0.5,0.4172413793103449,False,False,True,False,True,True,False,False,False,False,False,False,True,False,False,False,False,False,False,False,False,False,False,False,False,False,False,True,False,False,False,False,False,False,False,False,False,False,False,False,False,False,False,False,False,True,False,False,False,False,False,False,False,True,False,False,False,False,False,False,False,False,False,False,False,False,False,True,False,False,True,False,False,False,False,True,False,False,False,False,False,False,False,False,False,False,False,False,False,False,False,False,False,True,False,False,False,False,False,False,False,False,False,False,False,False,False,False,True,False,False,False,True,False,False,False,True,False,False,False,True,False,True,False,False,False,False,True,False,False,False,False,False,True,False,False,True,False,False,False,False,False,False,True,False,False,False,False,False,True,True,False,False,False,False,False,False,False,False,True,False,False,False,False,True,False,False,True,False,False,False,False,False,True,False,False,False,False,True,True,False,False,False,False,False,False,False,False,False,False,False,False,True,False,False,False,False,True,False,True,False,False,True,False,False,False,True,True,False,False,False,False,False,False,False,False,False,False,True,False,False,False,True,False,0.27294007490636707,0.6843497989532089,-0.07878787878788174,0.20611702127659576,0.16666666666666663,2025.121212121212,False,False,False,False,False,True,False,False,False,True
0.30378006872852237,0.3,0.23404255319148937,0.2433145009416196,0.375,0.9999999999999998,0.2020202020202042,0.7000000000000028,0.0,0.0,0.0,0.6307782328847279,0.4608187134502924,0.441741357234315,0.329873980726464,0.0,0.5313670411985019,0.0,0.0,0.5,0.0,0.6666666666666667,0.0,0.7142857142857142,0.5,0.1666666666666643,0.5,0.26595744680851063,0.0,0.0,0.0,0.0,0.0,0.0,0.0,0.4545454545454545,0.5,0.3548275862068966,False,False,False,True,True,True,False,False,False,True,False,False,True,False,False,False,False,True,False,False,False,False,True,False,False,False,False,False,False,False,False,False,False,False,False,False,False,False,False,False,False,False,False,False,False,True,False,False,False,False,False,False,False,True,False,False,False,False,False,False,False,False,False,False,False,False,False,False,False,False,True,False,False,False,False,True,False,False,False,False,False,False,False,False,False,False,False,False,False,True,False,False,False,False,False,False,False,False,False,False,False,False,False,True,False,False,False,False,False,False,False,False,True,False,False,False,True,False,False,False,True,False,True,False,False,False,False,False,False,True,False,False,False,True,False,False,True,False,False,False,False,False,False,True,False,False,False,False,False,True,True,False,False,False,False,False,False,False,True,True,False,False,False,False,True,False,False,True,False,False,False,False,False,True,False,True,False,False,False,False,False,False,False,True,False,False,False,True,False,False,False,False,True,False,False,False,False,True,True,False,False,False,True,False,False,False,True,True,False,False,False,False,False,False,False,False,False,False,True,False,False,False,True,False,0.1992626404494382,0.9025600706846074,0.49797979797979863,0.13297872340425532,0.3749999999999999,2025.79797979798,False,False,False,False,False,True,False,False,False,False
0.30446735395189006,1.0,0.24468085106382975,0.06870056497175142,0.625,0.33333333333333326,0.9696969696969688,0.9500000000000028,0.1702127659574468,0.0,0.0,0.7361029842012873,0.5660818713450293,0.5249679897567221,0.0,0.0,0.38389513108614237,0.0,0.0,0.5,0.0,0.3333333333333333,0.0,0.42857142857142855,0.5,0.96875,1.0,0.648936170212766,0.3564356435643564,0.09876543209876543,0.0,0.0,0.0,0.0,0.0,0.4545454545454545,0.25,0.3879310344827587,False,False,True,False,True,True,False,False,False,True,False,False,True,False,False,False,False,True,False,False,False,False,False,False,False,False,False,False,False,False,False,False,False,False,False,False,False,False,False,False,False,False,False,False,False,True,False,False,False,False,False,False,False,True,False,False,False,False,False,False,False,False,True,False,True,False,False,False,False,False,True,False,False,False,False,True,False,False,False,False,False,False,False,False,False,False,False,False,False,False,False,False,False,False,False,True,False,False,False,False,False,False,False,False,False,False,False,False,False,False,True,True,False,False,False,True,False,False,False,False,True,False,True,False,False,False,False,False,False,False,False,False,False,True,False,False,False,False,False,False,False,False,False,True,False,False,False,False,False,True,True,False,False,False,False,False,False,False,False,True,False,False,False,False,True,False,True,False,False,False,False,False,False,True,False,True,False,False,False,True,False,False,False,False,False,False,False,False,False,False,False,False,True,False,False,False,False,True,False,True,False,False,True,False,False,False,True,True,False,False,False,False,False,False,False,False,True,False,False,False,False,False,False,True,0.23993445692883897,1.0910498611017514,-0.019696969696965994,0.648936170212766,0.2083333333333333,2025.030303030303,False,False,False,False,True,False,False,False,False,False
0.30515463917525776,0.39999999999999997,0.42553191489361697,0.43239171374764596,0.625,0.33333333333333326,0.8484848484848477,0.75,0.0,0.3965410747374923,0.0,0.15974253949678174,0.3654970760233918,0.3169014084507042,0.7227575982209044,0.0,0.6882022471910112,0.5,0.0,0.5,1.0,1.0,0.0,0.7142857142857142,0.5,0.8333333333333321,0.5,0.44281914893617025,0.3564356435643564,0.8209876543209876,0.0,0.0,0.0,0.0,0.0,0.5454545454545454,0.5,0.5172413793103449,False,False,True,False,True,True,False,False,False,True,False,False,True,False,False,False,False,True,False,False,False,False,False,False,True,False,False,False,False,False,False,False,False,False,False,False,False,False,False,False,False,False,False,False,False,True,False,False,False,False,False,False,False,True,False,False,False,False,False,False,False,False,False,False,False,False,False,True,False,False,True,False,False,False,False,True,False,False,False,False,False,False,False,False,False,False,False,False,False,False,False,False,False,True,False,False,False,False,False,False,False,False,False,False,False,False,False,False,True,False,False,False,True,False,False,True,False,False,True,False,False,False,True,False,False,False,False,True,False,False,False,False,False,True,False,False,True,False,False,True,False,False,False,False,False,False,False,False,False,True,True,False,False,False,False,False,False,False,False,True,False,False,False,False,True,False,True,False,False,False,False,False,False,True,False,False,False,False,True,True,False,False,False,False,False,False,False,True,False,False,False,False,True,False,False,False,False,True,False,True,False,False,True,False,False,False,True,True,False,False,False,False,False,False,False,False,False,False,True,False,False,False,True,False,0.430126404494382,0.682398484474096,-0.09848484848484773,0.22140957446808512,0.2083333333333333,2025.1515151515152,False,False,False,False,False,False,True,True,False,False
0.30584192439862545,0.0,0.45744680851063824,0.5156308851224105,0.5,0.33333333333333326,0.46464646464646364,0.10000000000000142,0.0,0.0,0.0,0.8402574605032183,0.6701754385964913,0.8008962868117797,0.0,0.0,0.5856741573033708,0.0,0.0,0.0,0.0,0.6666666666666667,0.0,0.5714285714285714,0.5,0.4375,0.5,0.4255319148936171,0.0,0.0,0.0,0.0,0.0,0.0,0.0,0.9090909090909091,0.75,0.23275862068965517,False,False,True,False,True,True,False,False,False,True,False,False,True,False,False,False,False,False,False,False,False,False,False,False,False,False,True,False,False,False,False,False,False,False,False,False,False,False,False,False,False,False,False,False,False,True,False,False,False,False,False,False,False,True,False,False,False,False,False,False,False,False,False,False,True,False,False,False,False,False,False,False,True,False,False,True,False,False,False,False,False,False,False,False,False,False,False,False,False,False,False,False,False,False,True,False,False,False,False,False,False,False,False,False,False,False,False,False,False,True,False,False,True,False,False,False,True,False,False,False,True,True,False,False,False,False,False,False,False,True,False,False,False,True,False,False,True,False,False,False,False,False,False,True,False,False,False,False,False,True,True,False,False,False,False,True,False,False,False,True,False,False,False,False,True,False,False,True,False,False,False,False,False,True,False,True,False,False,False,True,False,False,False,False,False,False,False,True,False,False,False,False,True,False,False,False,False,True,False,True,False,False,True,False,True,False,False,True,False,False,False,False,False,False,False,False,False,False,False,False,False,False,True,False,0.2928370786516854,1.471071725408271,-0.3646464646464622,0.21276595744680854,0.16666666666666663,2025.5353535353536,False,False,False,False,False,False,True,False,True,False
0.30790378006872854,0.3,0.21276595744680848,0.42109227871939736,0.5,0.6666666666666667,0.2727272727272734,0.0,0.0,0.0,0.0,0.4564072557050907,0.2865497076023392,0.21895006402048656,0.44180874722016306,0.0,0.43913857677902624,0.0,0.0,0.5,0.0,0.6666666666666667,0.0,0.5714285714285714,0.5,0.23958333333333215,0.0,0.050531914893617,0.0,0.0,0.0,0.0,0.0,0.0,0.0,0.4545454545454545,0.0,0.20517241379310344,False,False,False,True,True,True,False,False,False,True,False,False,False,False,False,False,False,True,False,False,False,False,False,False,False,False,False,False,True,False,False,False,False,False,False,False,False,False,False,False,False,False,False,False,False,True,False,False,False,False,False,False,False,True,False,False,False,False,False,False,False,False,False,False,False,False,False,False,False,False,True,False,False,False,False,True,False,False,False,False,False,False,False,False,False,False,False,False,False,True,False,False,False,False,False,False,False,False,False,False,False,False,False,True,False,False,False,False,False,False,False,False,True,False,False,False,True,False,False,False,True,False,False,False,False,False,False,False,False,True,False,False,False,True,False,False,True,False,False,False,False,False,False,True,False,False,False,False,False,True,True,False,False,False,False,False,False,False,True,True,False,False,False,False,True,False,False,True,False,False,False,False,False,True,False,True,False,False,False,False,False,False,False,True,False,False,False,True,False,False,False,False,True,False,False,False,False,True,False,False,False,False,True,False,False,False,True,True,False,False,False,False,False,False,False,False,False,False,True,False,False,False,True,False,0.21956928838951312,0.5054997716228258,-0.2727272727272734,0.0,0.33333333333333337,2025.7272727272727,False,False,False,False,True,False,False,True,False,False
0.311340206185567,0.39999999999999997,0.4787234042553191,0.4512241054613936,0.75,0.33333333333333326,0.9898989898989896,0.9666666666666686,0.0,0.0,0.0,0.4493856056173201,0.2795321637426901,0.22279129321382846,0.5959970348406226,0.0,0.5393258426966292,0.0,0.0,0.5,1.0,0.6666666666666667,0.0,0.42857142857142855,0.0,0.9791666666666643,0.5,0.6861702127659575,0.0,0.18518518518518517,0.0,0.0,0.0,0.0,0.0,0.4545454545454545,0.75,0.5172413793103449,True,False,False,False,True,True,False,False,False,True,False,False,True,False,False,False,False,True,False,False,False,False,False,False,False,False,False,False,False,False,False,False,False,False,False,False,False,False,False,False,True,False,False,False,False,True,False,False,False,False,False,False,False,True,False,False,False,False,False,False,False,False,False,False,False,False,False,True,False,False,True,False,False,False,False,True,False,False,False,False,False,False,False,False,False,False,False,False,False,False,False,False,False,True,False,False,False,False,False,False,False,False,False,False,False,False,False,False,True,False,False,False,True,False,False,True,False,False,False,False,True,False,True,False,False,False,False,True,False,False,False,False,False,True,False,False,True,False,False,False,False,False,False,True,False,False,False,False,False,True,True,False,False,False,False,False,False,False,False,True,False,False,False,False,True,False,True,False,False,False,False,False,False,True,False,False,True,False,False,True,False,False,False,False,False,False,True,False,False,False,False,False,True,False,False,False,False,True,False,True,False,False,True,False,False,False,True,True,False,False,False,False,False,False,False,False,False,False,True,False,False,False,True,False,0.4044943820224719,0.5023234569565185,-0.02323232323232105,0.34308510638297873,0.24999999999999994,2025.010101010101,False,False,False,False,False,True,False,True,False,False
0.3127147766323024,0.0,0.5319148936170213,0.49642184557438795,0.625,0.6666666666666667,0.6363636363636367,0.38333333333333286,0.7565011820330969,0.5657813465101915,0.0,0.19075482738443533,0.5567251461988305,0.5147247119078104,0.0,0.0,0.3764044943820225,0.0,0.0,0.0,1.0,0.6666666666666667,0.0,0.42857142857142855,0.5,0.6145833333333321,0.5,0.4893617021276596,0.0,0.0,0.0,0.0,0.0,0.0,0.0,0.7272727272727273,0.25,0.3982758620689655,False,False,True,False,True,True,False,False,False,True,False,False,True,False,False,False,False,True,False,False,False,False,False,False,False,False,False,False,False,False,False,False,False,True,False,False,False,False,False,False,False,False,False,False,False,True,False,False,False,False,False,False,False,True,False,False,False,False,False,False,False,False,False,False,True,False,False,False,False,False,False,False,True,False,False,True,False,False,False,False,False,False,False,False,False,False,False,True,False,False,False,False,False,False,False,False,False,False,False,False,False,True,False,False,False,False,False,False,False,False,False,True,False,False,False,False,True,False,False,False,True,True,False,False,False,False,False,False,False,True,False,False,False,True,False,False,True,False,False,False,False,False,False,False,False,False,False,False,False,True,True,False,False,False,False,True,False,False,False,True,False,False,False,False,True,False,False,True,False,False,False,False,False,True,False,False,False,False,True,True,False,False,False,False,False,False,False,True,False,False,False,False,True,False,False,False,False,True,False,True,False,False,True,False,False,False,True,True,False,False,False,False,False,False,False,False,False,False,True,False,False,False,True,False,0.23525280898876405,1.071449858106641,-0.2530303030303038,0.2446808510638298,0.41666666666666674,2025.3636363636363,False,False,False,False,True,False,False,False,True,False
0.31615120274914094,0.39999999999999997,0.4787234042553191,0.37619585687382295,0.75,0.33333333333333326,1.0,0.9833333333333343,0.26004728132387706,0.3360098826436072,0.0,0.16851960210649503,0.3169590643274854,0.25224071702944945,0.8176426982950333,0.0,0.7008426966292135,0.5,0.0,0.5,1.0,0.6666666666666667,0.0,0.7142857142857142,0.0,0.9895833333333321,0.5,0.5212765957446809,0.0,0.9259259259259258,0.0,0.0,0.0,0.0,0.0,0.9999999999999999,0.75,0.7015,True,False,False,False,True,True,False,False,False,False,False,False,True,False,False,False,False,True,False,False,False,False,False,False,False,False,False,False,False,False,False,False,False,False,False,False,False,False,False,False,True,False,False,False,False,False,False,False,False,True,False,False,False,True,False,False,False,False,False,False,False,False,False,False,False,False,False,True,False,False,True,False,False,False,False,True,False,False,False,False,False,False,False,False,False,False,False,False,False,False,False,False,False,True,False,False,False,False,False,False,False,False,False,False,False,False,False,False,True,False,False,False,False,True,False,True,False,False,False,False,True,False,True,False,False,False,False,True,False,False,False,False,False,True,False,False,True,False,False,True,False,False,False,False,False,False,False,False,False,True,True,False,False,False,False,False,False,False,False,True,False,False,False,False,True,False,False,True,False,False,False,False,False,True,False,False,True,False,False,False,False,True,False,False,False,False,False,False,False,False,False,False,True,False,False,False,False,True,False,True,False,False,True,False,False,False,True,True,False,False,False,False,False,False,False,False,True,False,False,False,False,False,False,True,0.5256320224719101,0.5691997813569348,-0.01666666666666572,0.26063829787234044,0.24999999999999994,2025.0,False,False,False,False,False,False,True,True,False,False
0.318213058419244,0.5,0.46808510638297873,0.6763088512241054,0.5,0.9999999999999998,0.2424242424242422,0.75,0.0,0.2013588634959852,0.0,0.22761849034523113,0.24853801169590645,0.26312419974391804,0.6011860637509265,0.0,0.5720973782771536,0.0,0.0,0.0,1.0,0.6666666666666667,0.0,0.42857142857142855,0.5,0.2604166666666643,0.0,0.10638297872340427,0.0,0.0,0.0,0.0,0.0,0.0,0.0,0.6363636363636364,0.5,0.4437931034482758,False,False,True,False,True,True,False,False,False,False,True,False,False,False,False,False,False,True,True,False,False,False,False,False,False,True,False,False,False,False,False,False,False,False,False,False,False,False,False,False,False,False,False,False,False,True,False,False,False,False,False,False,False,True,False,False,False,False,False,False,False,False,False,False,False,False,False,True,False,False,False,False,True,False,False,True,False,False,False,False,False,False,False,False,False,False,False,False,False,False,False,False,True,False,False,False,False,False,False,False,False,False,False,False,False,False,False,True,False,False,False,False,True,False,False,False,True,False,False,False,True,True,False,False,False,False,False,False,False,True,False,False,False,True,False,False,True,False,False,False,True,False,False,False,False,False,False,False,False,True,True,False,False,False,False,True,False,False,False,True,False,False,False,False,False,False,False,True,False,False,False,False,False,True,False,True,False,False,False,False,False,False,False,True,False,False,False,True,False,False,False,False,True,False,False,False,False,True,False,True,False,False,True,False,False,False,True,True,False,False,False,False,False,False,False,False,False,False,True,False,False,False,True,False,0.2860486891385768,0.5116622114398245,0.5075757575757578,0.0,0.4999999999999999,2025.7575757575758,False,False,False,False,False,True,False,False,False,True
0.3209621993127148,0.5,0.5212765957446808,0.4873822975517891,0.375,0.9999999999999998,0.3232323232323253,0.75,0.5295508274231678,0.23841877702285363,0.0,0.20011702750146285,0.256140350877193,0.28809218950064025,0.5604151223128243,0.0,0.5646067415730337,0.0,0.0,0.0,1.0,0.6666666666666667,0.0,0.5714285714285714,1.0,0.2916666666666643,0.0,0.20212765957446807,0.4158415841584158,0.0,0.0,0.0,0.0,0.0,0.0,0.4545454545454545,0.25,0.2982758620689655,False,False,True,False,True,True,False,False,False,True,False,False,True,False,False,False,False,True,False,False,False,False,False,False,False,False,False,False,False,False,False,True,False,False,False,False,False,False,False,False,False,False,False,False,False,False,False,False,False,False,False,False,False,True,False,False,False,False,False,False,False,False,False,False,False,False,False,True,False,False,True,False,False,False,False,True,False,False,False,False,False,False,False,False,False,False,False,False,False,True,False,False,False,False,False,False,False,False,False,False,False,False,False,True,False,False,False,False,False,False,False,False,False,True,False,False,True,False,False,False,True,True,False,False,False,False,False,False,False,True,False,False,False,True,False,False,True,False,False,False,True,False,False,False,False,False,False,False,False,True,True,False,False,False,False,False,False,False,False,True,False,False,False,False,True,False,True,False,False,False,False,False,False,True,False,True,False,False,False,True,False,False,False,False,False,False,False,True,False,False,False,False,True,False,False,False,False,True,False,True,False,False,True,False,False,False,True,True,False,False,False,False,False,False,False,False,False,False,True,False,False,False,True,False,0.21172752808988765,0.5442325403778332,0.4267676767676747,0.0,0.3749999999999999,2025.6767676767677,False,False,False,False,False,True,False,False,True,False
0.3216494845360825,0.0,0.723404255319149,0.6341242937853108,0.75,0.33333333333333326,0.9696969696969688,0.93333333333333,0.5862884160756501,0.0,0.0,0.9514335868929199,0.7812865497076025,0.765685019206146,0.0,0.0,0.5599250936329588,0.0,0.0,0.5,0.0,0.6666666666666667,0.0,0.5714285714285714,0.5,0.9583333333333321,1.0,0.9388297872340426,0.0,0.2716049382716049,0.0,0.0,0.0,0.0,0.0,0.36363636363636365,0.25,0.6551724137931034,False,False,True,False,True,True,False,False,False,False,False,False,True,False,False,False,False,True,False,False,False,False,False,False,False,False,False,False,False,False,False,False,False,False,False,True,False,False,False,False,False,False,False,False,False,True,False,False,False,False,False,False,False,True,False,False,False,False,False,False,False,False,False,False,True,False,False,False,False,False,True,False,False,False,False,True,False,False,False,False,False,False,False,False,False,False,False,False,False,False,False,False,False,True,False,False,False,False,False,False,False,False,False,False,False,False,False,False,True,False,False,False,False,True,False,True,False,False,False,False,True,False,True,False,False,False,False,True,False,False,False,False,False,True,False,False,True,False,False,False,False,False,False,True,False,False,False,False,False,True,True,False,False,False,False,False,False,False,False,True,False,False,False,False,True,False,True,False,False,False,False,False,False,True,False,True,False,False,False,True,False,False,False,False,False,False,True,False,False,False,False,False,True,False,False,False,False,True,False,True,False,False,True,False,False,False,True,True,False,False,False,False,False,False,False,False,False,False,True,False,False,False,True,False,0.4199438202247191,1.5469715689137484,-0.03636363636363882,0.9388297872340426,0.24999999999999994,2025.030303030303,False,False,False,False,False,True,False,False,False,True
0.3223367697594502,0.39999999999999997,0.4893617021276595,0.47314500941619586,0.5,0.33333333333333326,0.8383838383838373,0.7166666666666686,0.2836879432624113,0.2631253860407659,0.0,0.23756582796957285,0.3169590643274854,0.25224071702944945,0.6508524833209784,0.0,0.5955056179775281,0.0,0.0,0.5,1.0,0.6666666666666667,0.0,0.5714285714285714,0.0,0.8229166666666643,0.5,0.4601063829787234,0.3564356435643564,0.43209876543209874,0.0,0.0,0.0,0.0,0.0,0.4545454545454545,0.5,0.4379310344827586,False,False,True,False,True,True,False,False,False,False,False,False,True,False,False,False,False,False,False,False,False,False,False,False,False,False,False,False,False,False,False,False,False,False,False,False,False,False,False,True,False,False,False,False,False,False,False,False,False,False,True,False,False,True,False,False,False,False,False,False,False,False,False,False,False,False,False,True,False,False,True,False,False,False,False,True,False,False,False,False,False,False,False,False,False,False,False,True,False,False,False,False,False,False,False,False,False,False,False,False,False,True,False,False,False,False,False,False,False,False,False,True,False,False,False,True,False,False,False,False,True,False,True,False,False,False,False,True,False,False,False,False,False,True,False,False,True,False,False,True,False,False,False,False,False,False,False,False,False,True,True,False,False,False,False,False,False,False,False,True,False,False,False,False,True,False,True,False,False,False,False,False,False,True,False,False,True,False,False,True,False,False,False,False,False,False,True,False,False,False,False,False,True,False,False,False,False,True,False,True,False,False,True,False,False,False,True,True,False,False,False,False,False,False,False,False,False,False,True,False,False,False,True,False,0.29775280898876405,0.5691997813569348,-0.12171717171716878,0.2300531914893617,0.16666666666666663,2025.1616161616162,False,False,False,False,False,False,True,False,True,False
0.32577319587628867,1.0,0.11702127659574463,0.17476459510357817,0.75,0.33333333333333326,0.9090909090909101,0.8333333333333357,0.0,0.7387276096355776,0.0,0.1743709771796372,0.7040935672514621,0.7772087067861717,0.0,0.0,0.5683520599250936,0.5,0.0,0.5,0.0,0.3333333333333333,0.0,0.42857142857142855,0.0,0.8958333333333321,0.5,0.45079787234042556,0.2376237623762376,0.2962962962962963,0.0,0.0,0.0,0.0,0.0,0.6363636363636364,0.25,0.6586206896551724,False,False,True,False,True,True,False,False,False,True,False,False,True,False,False,False,False,True,False,False,False,False,False,False,False,False,False,False,False,False,False,False,False,False,False,False,False,False,False,False,False,True,False,False,False,True,False,False,False,False,False,False,False,True,False,False,False,False,False,False,False,False,True,False,True,False,False,False,False,False,True,False,False,False,False,True,False,False,False,False,False,False,False,False,False,False,True,False,False,False,False,False,False,False,False,False,False,False,False,False,True,False,False,False,False,False,False,False,False,False,False,False,True,False,False,True,False,False,False,False,True,False,True,False,False,False,False,True,False,False,False,False,False,True,False,False,False,False,False,True,False,False,False,False,False,False,False,False,False,True,True,False,False,False,False,False,False,False,False,True,False,False,False,False,True,False,False,False,False,False,False,False,False,True,False,False,True,False,False,True,False,False,False,False,False,False,True,False,False,False,False,False,True,False,False,False,False,True,False,True,False,False,True,False,False,False,True,True,False,False,False,False,False,False,False,False,False,False,True,False,False,False,True,False,0.4262640449438202,1.4813022740376338,-0.07575757575757436,0.22539893617021278,0.24999999999999994,2025.090909090909,False,False,False,False,False,True,False,False,False,False
0.32714776632302406,0.0,0.4787234042553191,0.7619585687382298,0.5,0.33333333333333326,0.8787878787878789,0.7999999999999972,0.508274231678487,0.6139592340951204,0.0,0.28320655354008195,0.6947368421052631,0.6754161331626121,0.0,0.0,0.49391385767790263,0.5,0.0,0.5,0.0,0.6666666666666667,0.0,0.5714285714285714,0.5,0.8645833333333321,0.5,0.4627659574468085,0.34653465346534656,0.24074074074074073,0.0,0.0,0.0,0.0,0.0,0.2727272727272727,0.5,0.513448275862069,False,False,True,False,True,True,False,False,False,True,False,False,True,False,False,False,False,True,True,False,False,False,False,False,True,False,False,False,False,False,False,False,False,False,False,False,False,False,False,False,False,False,False,False,False,True,False,False,False,False,False,False,False,True,False,False,False,False,False,False,False,False,False,False,True,False,False,False,False,False,True,False,False,False,False,True,False,False,False,False,False,False,False,False,False,False,False,False,False,False,False,False,False,True,False,False,False,False,False,False,False,False,False,False,False,False,False,False,True,False,False,True,False,False,False,False,True,False,False,False,True,False,True,False,False,False,False,True,False,False,False,False,False,True,True,False,False,False,False,True,False,False,False,False,False,False,False,False,False,True,True,False,False,False,False,False,False,False,False,True,False,False,False,False,True,False,True,False,False,False,False,False,False,True,False,False,False,False,True,True,False,False,False,False,False,False,False,False,False,False,False,False,True,False,False,False,False,True,False,True,False,False,True,False,False,False,True,True,False,False,False,False,False,False,False,False,False,False,True,False,False,False,True,False,0.24695692883895132,1.3701529752678752,-0.07878787878788174,0.23138297872340424,0.16666666666666663,2025.121212121212,False,False,False,False,False,True,False,False,False,True
0.3285223367697595,0.0,0.5212765957446808,0.5745386064030131,0.75,0.33333333333333326,0.9797979797979792,0.9666666666666686,0.7943262411347518,0.7955528103767758,0.0,0.24400234055002926,0.827485380116959,0.8194622279129322,0.0,0.0,0.599250936329588,0.5,0.0,0.5,0.0,0.6666666666666667,0.0,0.5714285714285714,0.5,0.96875,1.0,0.8856382978723404,0.5148514851485149,0.2716049382716049,0.0,0.0,0.0,0.0,0.0,0.7272727272727273,0.75,0.8172413793103448,False,False,True,False,True,True,False,False,False,True,False,False,True,False,False,False,False,True,False,False,False,False,False,False,True,False,False,False,False,False,False,False,False,False,False,False,False,False,False,False,False,False,False,False,False,True,False,False,False,False,False,False,False,True,False,False,False,False,False,False,False,False,False,False,True,False,False,False,False,False,False,False,True,False,False,True,False,False,False,False,False,False,False,False,False,False,False,False,False,False,False,False,False,True,False,False,False,False,False,False,False,False,False,False,False,False,False,False,True,False,False,False,False,True,False,True,False,False,False,False,True,False,True,False,False,False,False,False,False,False,False,False,False,True,True,False,False,False,False,True,False,False,False,False,False,False,False,False,False,True,True,False,False,False,False,False,False,False,False,True,False,False,False,False,True,False,True,False,False,False,False,False,False,True,False,True,False,False,False,True,False,False,False,False,False,False,True,False,False,False,False,False,True,False,False,False,False,True,False,True,False,False,True,False,False,False,True,True,False,False,False,False,False,False,False,False,False,False,True,False,False,False,True,False,0.449438202247191,1.6469476080298913,-0.013131313131310662,0.8856382978723404,0.24999999999999994,2025.020202020202,False,False,False,False,False,False,True,False,True,False
0.331958762886598,1.0,0.021276595744680826,0.11224105461393596,0.5,0.33333333333333326,0.8888888888888893,0.7999999999999972,0.27423167848699764,0.5540457072266832,0.0,0.18665886483323582,0.5415204678362573,0.498079385403329,0.0,0.0,0.3642322097378278,0.5,0.0,0.5,0.0,0.3333333333333333,0.0,0.28571428571428564,0.0,0.875,0.5,0.32180851063829785,0.0,0.7716049382716049,0.0,0.0,0.0,0.0,0.0,0.36363636363636365,0.0,0.35862068965517246,False,False,False,True,True,True,False,False,False,True,False,False,True,False,False,True,False,False,False,False,False,False,False,False,False,False,False,False,False,False,True,False,False,False,False,False,False,False,False,False,False,False,False,False,False,True,False,False,False,False,False,False,False,True,False,False,False,False,False,False,False,True,False,False,True,False,False,False,False,False,False,False,True,False,False,True,False,False,False,False,False,False,False,False,False,False,False,False,False,False,False,False,False,True,False,False,False,False,False,False,False,False,False,False,False,False,False,False,True,False,False,True,False,False,False,False,True,False,False,False,True,False,True,False,False,False,False,False,False,False,False,False,False,True,False,False,True,False,False,True,False,False,False,False,False,False,False,False,False,True,True,False,False,False,False,False,False,False,False,True,False,False,False,False,True,False,False,True,False,False,False,False,False,True,False,False,True,False,False,True,False,False,False,False,False,False,False,True,False,False,False,False,True,False,False,False,False,True,False,True,False,False,True,False,False,False,True,True,False,False,False,False,False,False,False,False,False,False,True,False,False,False,True,False,0.1821161048689139,1.0395998532395863,-0.08888888888889213,0.16090425531914893,0.16666666666666663,2025.111111111111,False,False,False,False,True,False,False,False,False,False
0.33402061855670107,0.0,0.5212765957446808,0.5483239171374764,0.375,0.9999999999999998,0.5555555555555571,0.25,0.3971631205673759,0.516368128474367,0.0,0.13867758923346987,0.4578947368421053,0.40653008962868115,0.0,0.0,0.29728464419475653,0.5,0.0,0.0,1.0,0.6666666666666667,0.0,0.42857142857142855,0.0,0.53125,0.5,0.47207446808510645,0.0,0.0,0.0,0.0,0.0,0.0,0.0,0.4545454545454545,0.25,0.3310344827586207,False,False,True,False,True,True,False,False,False,True,False,False,True,False,False,False,False,True,False,False,False,False,False,False,False,False,False,False,False,False,False,True,False,False,False,False,False,False,False,False,False,False,False,False,False,True,False,False,False,False,False,False,False,True,False,False,False,False,False,False,False,False,False,False,True,False,False,False,False,False,False,False,True,False,False,True,False,False,False,False,False,False,False,False,False,False,False,False,False,True,False,False,False,False,False,False,False,False,False,False,False,False,False,True,False,False,False,False,False,False,False,True,False,False,False,False,True,False,False,False,True,True,False,False,False,False,False,False,False,True,False,False,False,True,False,False,True,False,False,False,False,False,False,False,False,False,False,False,False,True,True,False,False,False,False,False,False,False,True,True,False,False,False,False,True,False,False,True,False,False,False,False,False,True,False,False,True,False,False,True,False,False,False,False,False,False,True,False,False,False,False,False,True,False,False,False,False,True,False,True,False,False,True,False,False,False,True,True,False,False,False,False,False,False,False,False,False,False,True,False,False,False,True,False,0.1114817415730337,0.8644248264707864,-0.30555555555555713,0.23603723404255322,0.3749999999999999,2025.4444444444443,False,False,False,False,False,False,False,False,True,False
0.33814432989690724,0.39999999999999997,0.7978723404255318,0.9467419962335216,0.5,0.33333333333333326,0.9696969696969688,0.93333333333333,0.0,0.0,0.0,0.42598010532475133,0.256140350877193,0.18565941101152367,0.5396590066716086,0.0,0.47659176029962547,0.0,0.0,0.5,1.0,0.6666666666666667,0.0,0.7142857142857142,0.0,0.9583333333333321,0.5,0.35771276595744683,0.0,0.0,0.0,0.0,0.0,0.0,0.0,0.36363636363636365,0.0,0.3889137931034483,False,False,True,False,True,True,False,False,False,False,False,False,True,False,False,False,False,False,False,False,False,False,False,False,False,False,False,True,False,False,False,False,False,False,False,False,False,False,False,False,False,False,False,False,False,True,False,False,False,False,False,False,False,True,False,False,False,False,False,False,False,False,False,False,False,False,False,True,False,False,True,False,False,False,False,True,False,False,False,False,False,False,False,False,False,False,False,False,False,False,False,False,False,True,False,False,False,False,False,False,False,False,False,False,False,False,False,False,True,False,False,False,True,False,False,True,False,False,False,False,True,False,True,False,False,False,False,True,False,False,False,False,False,True,False,False,True,False,False,False,False,False,False,True,False,False,False,False,False,True,True,False,False,False,False,False,True,False,False,True,False,False,False,False,True,False,False,True,False,False,False,False,False,True,False,False,True,False,False,True,False,False,False,False,False,False,True,False,False,False,False,False,True,False,False,False,False,True,False,True,False,False,True,False,False,False,True,True,False,False,False,False,False,False,False,False,True,False,False,False,False,False,False,True,0.23829588014981273,0.44179976188871667,-0.03636363636363882,0.17885638297872342,0.16666666666666663,2025.030303030303,False,False,False,False,True,False,False,False,False,True
0.3415807560137457,0.3,0.3191489361702128,0.46026365348399245,0.625,0.6666666666666667,0.15151515151515227,0.0,0.0,0.20321185917232862,0.0,0.40784084259801057,0.4304093567251462,0.4449423815620998,0.5092661230541141,0.0,0.647003745318352,0.5,0.0,0.5,0.0,1.0,0.0,0.7142857142857142,0.0,0.11458333333333215,0.0,0.10638297872340427,0.0,0.6172839506172839,0.0,0.0,0.0,0.0,0.0,0.4545454545454545,0.5,0.4275862068965517,False,False,True,False,True,False,True,False,False,True,False,False,True,False,False,False,False,True,False,False,False,False,True,False,False,False,False,False,False,False,False,False,False,False,False,False,False,False,False,False,False,False,False,False,False,True,False,False,False,False,False,False,False,True,False,False,False,False,False,False,False,False,False,False,False,False,False,False,False,False,True,False,False,False,False,True,False,False,False,False,False,False,False,False,False,False,False,False,False,False,False,False,False,False,True,False,False,False,False,False,False,False,False,False,False,False,False,False,False,True,False,False,True,False,False,False,True,False,True,False,False,False,True,False,False,False,False,False,False,True,False,False,False,True,False,False,True,False,False,False,False,False,True,False,False,False,False,False,False,True,True,False,False,False,False,False,False,False,False,True,False,False,False,False,True,False,False,True,False,False,False,False,False,True,False,False,True,False,False,False,False,False,False,True,False,False,False,True,False,False,False,False,True,False,False,False,False,True,False,False,False,False,True,False,False,False,False,True,False,False,False,False,False,False,False,False,False,False,True,False,False,False,True,False,0.40437734082397003,0.875351738287246,-0.15151515151515227,0.0,0.41666666666666674,2025.8484848484848,False,False,False,False,False,False,True,False,True,False
0.3422680412371134,0.0,0.3723404255319148,0.36082862523540493,0.375,0.9999999999999998,0.5757575757575779,0.8999999999999986,0.21040189125295508,0.2779493514515133,0.0,0.24224692802808662,0.33567251461988307,0.295134443021767,0.0,0.0,0.21582397003745318,0.0,0.0,0.0,0.0,0.6666666666666667,0.0,0.28571428571428564,0.0,0.5520833333333321,0.0,0.1702127659574468,0.15841584158415842,0.0,0.0,0.0,0.0,0.0,0.0,0.4545454545454545,0.75,0.2413793103448276,False,False,True,False,True,True,False,False,False,True,False,False,True,False,False,False,False,True,False,False,False,False,False,False,False,False,False,False,False,False,False,False,False,False,False,False,False,False,True,False,False,False,False,False,False,True,False,False,False,False,False,False,False,True,False,False,False,False,False,False,False,False,False,False,True,False,False,False,False,False,False,False,True,False,False,True,False,False,False,False,False,False,False,False,False,False,False,True,False,False,False,False,False,False,False,False,False,False,False,False,False,True,False,False,False,False,False,False,False,False,False,True,False,False,False,False,True,False,False,False,True,False,True,False,False,False,False,False,False,True,False,False,False,True,False,False,True,False,False,False,False,False,False,False,False,False,False,False,False,True,True,False,False,False,False,False,False,False,False,True,False,False,False,False,True,False,True,False,False,False,False,False,False,True,False,False,True,False,False,True,False,False,False,False,False,False,False,False,False,False,False,False,True,False,False,False,False,True,False,True,False,False,True,False,True,False,False,True,False,False,False,False,False,False,False,False,False,False,True,False,False,False,True,False,0.08093398876404495,0.6308069576416501,0.32424242424242067,0.0,0.3749999999999999,2025.4242424242425,False,False,False,False,False,False,False,False,False,False
0.34432989690721655,0.39999999999999997,0.4787234042553191,0.511713747645951,0.625,0.33333333333333326,0.9595959595959584,0.9166666666666643,0.0,0.24706609017912293,0.0,0.272674078408426,0.3368421052631579,0.27400768245838664,0.6686434395848777,0.0,0.6226591760299626,0.0,0.0,0.5,1.0,0.6666666666666667,0.0,0.5714285714285714,0.0,0.9479166666666643,0.5,0.589095744680851,0.0,0.6666666666666666,0.0,0.0,0.0,0.0,0.0,0.09090909090909091,0.5,0.5748275862068966,True,False,False,False,True,True,False,False,False,True,False,False,True,False,False,False,False,True,False,False,False,False,False,False,False,False,False,False,False,False,False,False,False,False,False,False,False,False,False,False,True,False,False,False,False,True,False,False,False,False,False,False,False,True,False,False,False,False,False,False,False,False,False,False,False,False,False,True,False,False,True,False,False,False,False,True,False,False,False,False,False,False,False,False,False,False,False,False,False,False,False,False,False,True,False,False,False,False,False,False,False,False,False,False,False,False,False,False,True,False,False,False,True,False,False,True,False,False,False,False,True,False,True,False,False,False,False,True,False,False,False,False,False,True,False,False,True,False,False,True,False,False,False,False,False,False,False,False,False,True,True,False,False,False,False,False,True,False,False,True,False,False,False,False,True,False,True,False,False,False,False,False,False,True,False,False,True,False,False,True,False,False,False,False,False,False,True,False,False,False,False,False,True,False,False,False,False,True,False,True,False,False,True,False,False,False,True,True,False,False,False,False,False,False,False,False,False,False,True,False,False,False,True,False,0.3891619850187266,0.6108497877215445,-0.04292929292929415,0.2945478723404255,0.2083333333333333,2025.0404040404042,False,False,False,False,False,False,True,False,True,False
0.347766323024055,0.39999999999999997,0.5319148936170213,0.49295668549905836,0.75,0.33333333333333326,0.8383838383838373,0.7333333333333343,0.29550827423167847,0.2347127856701668,0.0,0.23229959040374487,0.28479532163742693,0.4014084507042253,0.6271312083024463,0.0,0.6896067415730337,0.0,0.0,0.5,1.0,0.6666666666666667,0.0,0.7142857142857142,0.5,0.8229166666666643,0.5,0.41356382978723405,0.4504950495049505,0.5,0.0,0.0,0.0,0.0,0.0,0.7272727272727273,0.0,0.5344827586206896,False,False,True,False,True,True,False,False,False,False,False,False,True,False,False,False,False,True,False,False,False,False,False,False,False,False,False,False,False,False,False,False,False,False,False,False,False,False,False,True,False,False,False,False,False,True,False,False,False,False,False,False,False,True,False,False,False,False,False,False,False,False,False,False,False,False,False,True,False,False,True,False,False,False,False,True,False,False,False,False,False,False,False,False,False,False,False,False,False,False,False,False,False,True,False,False,False,False,False,False,False,False,False,False,False,False,False,False,True,False,False,True,False,False,False,True,False,False,False,False,True,False,True,False,False,False,False,True,False,False,False,False,False,True,False,False,True,False,False,True,False,False,False,False,False,False,False,False,False,True,True,False,False,False,False,False,False,False,False,True,False,False,False,False,True,False,True,False,False,False,False,False,False,True,False,False,False,False,True,True,False,False,False,False,False,False,True,False,False,False,False,False,True,False,False,False,False,True,False,True,False,False,True,False,False,False,True,True,False,False,False,False,False,False,False,False,False,False,True,False,False,False,True,False,0.5172050561797753,0.6862037723416523,-0.10505050505050306,0.20678191489361702,0.24999999999999994,2025.1616161616162,False,False,False,False,False,False,True,False,True,False
0.3484536082474227,0.0,0.4787234042553191,0.3654990583804143,0.5,0.33333333333333326,1.0,0.9833333333333343,0.0,0.016676961087090797,0.0,0.6968987712112347,0.5426900584795322,0.499359795134443,0.0,0.0,0.3651685393258427,0.0,0.0,0.5,0.0,0.3333333333333333,0.0,0.14285714285714285,0.0,0.9895833333333321,0.5,0.6861702127659575,0.0,0.6296296296296295,0.0,0.0,0.0,0.0,0.0,0.7272727272727273,0.75,0.5113793103448276,True,False,False,False,True,True,False,False,False,False,False,False,True,False,False,False,False,True,False,False,False,False,False,False,False,False,False,False,False,False,False,False,False,False,False,False,False,False,False,False,True,False,False,False,False,True,False,False,False,False,False,False,False,True,False,False,False,False,False,False,False,False,False,False,True,False,False,False,False,False,True,False,False,False,False,True,False,False,False,False,False,False,False,False,False,False,False,False,False,False,False,False,False,True,False,False,False,False,False,False,False,False,False,False,False,False,False,False,True,False,False,False,True,False,False,True,False,False,False,False,True,False,True,False,False,False,False,True,False,False,False,False,False,True,False,False,True,False,False,True,False,False,False,False,False,False,False,False,False,True,True,False,False,False,False,False,False,False,False,True,False,False,False,False,True,False,True,False,False,False,False,False,False,True,False,False,True,False,False,True,False,False,False,False,False,False,False,False,False,False,False,False,True,False,False,False,False,True,False,True,False,False,True,False,False,False,True,True,False,False,False,False,False,False,False,False,True,False,False,False,False,False,False,True,0.18258426966292135,1.0420498536139753,-0.01666666666666572,0.34308510638297873,0.16666666666666663,2025.0,False,False,False,False,True,False,False,True,False,False
0.3498281786941581,0.0,0.5319148936170213,0.49642184557438795,0.375,0.6666666666666667,0.4949494949494948,0.14999999999999858,0.3120567375886525,0.6121062384187771,0.0,0.029256875365710942,0.4391812865497076,0.38604353393085783,0.0,0.0,0.28230337078651685,0.5,0.0,0.0,0.0,0.6666666666666667,0.0,0.42857142857142855,0.0,0.46875,0.0,0.14627659574468085,0.5544554455445545,0.5432098765432098,0.0,0.0,0.0,0.0,0.0,0.5454545454545454,0.75,0.22241379310344825,False,False,True,False,True,True,False,False,False,True,False,False,True,False,False,False,False,False,False,False,False,False,False,False,False,False,False,False,False,False,False,True,False,False,False,False,False,False,False,False,False,False,False,False,False,True,False,False,False,False,False,False,False,True,False,False,False,False,False,False,False,False,False,False,True,False,False,False,False,False,True,False,False,False,False,True,False,False,False,False,False,False,False,False,False,False,False,False,False,True,False,False,False,False,False,False,False,False,False,False,False,False,False,True,False,False,False,False,False,False,False,True,False,False,False,False,True,False,False,False,True,True,False,False,False,False,False,False,False,True,False,False,False,True,False,False,True,False,False,False,False,False,False,False,False,False,False,False,False,True,True,False,False,False,False,False,False,False,False,True,False,False,False,False,True,False,False,True,False,False,False,False,False,True,False,False,True,False,False,True,False,False,False,False,False,False,True,False,False,False,False,False,True,False,False,False,False,True,False,True,False,False,True,False,True,False,False,True,False,False,False,False,False,False,False,False,False,False,True,False,False,False,True,False,0.10586376404494383,0.8252248204805654,-0.3449494949494962,0.0,0.25,2025.5050505050506,False,False,False,False,False,False,False,False,True,False
0.3512027491408935,1.0,0.10638297872340424,0.2848964218455744,0.625,0.33333333333333326,0.9595959595959584,0.93333333333333,0.2222222222222222,0.0,0.0,0.8004681100058514,0.6304093567251463,0.5953905249679898,0.0,0.0,0.4353932584269663,0.0,0.0,0.5,0.0,0.3333333333333333,0.0,0.42857142857142855,0.5,0.9479166666666643,0.5,0.41755319148936176,0.32673267326732675,0.21604938271604937,0.0,0.0,0.0,0.0,0.0,0.1818181818181818,0.0,0.491948275862069,False,False,True,False,True,True,False,False,False,False,False,False,True,False,False,False,False,True,False,False,False,False,False,False,False,False,False,False,False,False,False,False,False,False,False,True,False,False,False,False,False,False,False,False,False,True,False,False,False,False,False,False,False,True,False,False,False,False,False,False,False,False,True,False,True,False,False,False,False,False,True,False,False,False,False,True,False,False,False,False,False,False,False,False,False,False,False,False,False,False,False,False,False,True,False,False,False,False,False,False,False,False,False,False,False,False,False,False,True,False,False,False,False,True,False,True,False,False,False,False,True,False,True,False,False,False,False,True,False,False,False,False,False,True,False,False,True,False,False,False,False,False,False,True,False,False,False,False,False,True,True,False,False,False,False,False,False,False,False,True,False,False,False,False,True,False,True,False,False,False,False,False,False,True,False,True,False,False,False,True,False,False,False,False,False,False,True,False,False,False,False,False,True,False,False,False,False,True,False,True,False,False,True,False,False,False,True,True,False,False,False,False,False,False,False,False,True,False,False,False,False,False,False,True,0.27212078651685395,1.2257998816931361,-0.02626262626262843,0.20877659574468088,0.2083333333333333,2025.0404040404042,False,False,False,False,True,False,False,False,False,False
0.35807560137457045,0.0,0.6382978723404255,0.6763088512241054,0.5,0.6666666666666667,0.47474747474747403,0.11666666666666714,0.0,0.4799258801729463,0.0,0.2732592159157402,0.5578947368421052,0.5160051216389245,0.0,0.0,0.37734082397003743,0.0,0.0,0.0,1.0,0.6666666666666667,0.0,0.42857142857142855,1.0,0.4479166666666643,0.0,0.23404255319148934,0.0,0.24691358024691357,0.0,0.0,0.0,0.0,0.0,0.36363636363636365,0.25,0.31034482758620696,False,False,True,False,True,True,False,False,False,False,False,False,True,False,False,False,False,False,False,False,False,False,False,False,False,False,False,False,False,False,False,True,False,False,False,False,False,False,False,False,False,False,False,False,True,False,False,False,False,False,False,False,False,True,False,False,False,False,False,False,False,False,False,False,True,False,False,False,False,False,True,False,False,False,False,True,False,False,False,False,False,False,False,False,False,False,False,False,False,False,False,False,False,True,False,False,False,False,False,False,False,False,False,False,False,False,False,False,True,False,False,False,True,False,False,False,True,False,False,False,True,True,False,False,False,False,False,False,False,True,False,False,False,True,False,False,True,False,False,False,False,False,True,False,False,False,False,False,False,True,True,False,False,False,False,False,False,False,False,True,False,False,False,False,False,False,False,True,False,False,False,False,False,True,False,True,False,False,False,True,False,False,False,False,False,False,False,True,False,False,False,False,True,False,False,False,False,True,False,True,False,False,True,False,False,False,True,True,False,False,False,False,False,False,False,False,False,False,True,False,False,False,True,False,0.18867041198501872,1.0738998584810298,-0.3580808080808069,0.0,0.33333333333333337,2025.5252525252524,False,False,False,False,True,False,False,False,False,True
0.3608247422680413,0.0,0.34042553191489355,0.33822975517890774,0.625,0.33333333333333326,0.9595959595959584,0.9166666666666643,0.0,0.0,0.0,0.7355178466939731,0.5654970760233919,0.530089628681178,0.0,0.0,0.3876404494382023,0.0,0.0,0.5,0.0,0.6666666666666667,0.0,0.42857142857142855,0.5,0.9479166666666643,0.5,0.3896276595744681,0.09405940594059406,0.8888888888888888,0.0,0.0,0.0,0.0,0.0,0.2727272727272727,0.0,0.4,True,False,False,False,True,False,True,False,False,True,False,False,True,False,False,False,False,True,False,False,False,False,False,False,False,False,False,False,False,False,False,False,False,False,False,False,False,False,False,False,True,False,False,False,False,True,False,False,False,False,False,False,False,True,False,False,False,False,False,False,False,False,False,False,True,False,False,False,False,False,True,False,False,False,False,True,False,False,False,False,False,False,False,False,False,False,False,False,False,False,False,False,False,True,False,False,False,False,False,False,False,False,False,False,False,False,False,False,True,False,False,False,True,False,False,True,False,False,False,False,True,False,True,False,False,False,False,True,False,False,False,False,False,True,False,False,True,False,False,False,False,False,False,True,False,False,False,False,False,True,True,False,False,False,False,False,False,False,False,True,False,False,False,False,True,False,True,False,False,False,False,False,False,True,False,False,False,False,True,True,False,False,False,False,False,False,False,True,False,False,False,False,True,False,False,False,False,True,False,True,False,False,True,False,False,False,True,True,False,False,False,False,False,False,False,False,False,False,True,False,False,False,True,False,0.24227528089887646,1.09558670470457,-0.04292929292929415,0.19481382978723405,0.2083333333333333,2025.0404040404042,False,False,False,False,True,False,False,False,False,False
0.36426116838487976,0.6000000000000001,0.5851063829787234,0.5416195856873823,0.5,0.33333333333333326,0.787878787878789,0.6499999999999986,0.5177304964539007,0.48363187152563314,0.0,0.39672322995904036,0.684795321637427,0.6856594110115237,0.0,0.0,0.5014044943820225,0.5,0.0,0.5,0.0,0.6666666666666667,0.0,0.28571428571428564,0.5,0.7708333333333321,0.5,0.5851063829787234,0.5544554455445545,0.0,0.0,0.0,0.0,0.0,0.0,0.6363636363636364,0.5,0.39655172413793105,False,False,True,False,True,True,False,False,False,True,False,False,True,False,False,False,False,True,False,False,False,False,False,False,False,False,False,False,False,False,False,False,False,False,False,False,False,False,False,False,False,False,True,False,False,True,False,False,False,False,False,False,False,True,False,False,False,False,False,False,False,False,False,False,False,False,False,False,False,True,True,False,False,False,False,True,False,False,False,False,False,False,False,False,False,False,False,True,False,False,False,False,False,False,False,False,False,False,False,False,False,True,False,False,False,False,False,False,False,False,False,True,False,False,False,True,False,False,False,False,True,True,False,False,False,False,False,True,False,False,False,False,False,True,False,False,False,False,False,True,False,False,False,False,False,False,False,False,False,True,True,False,False,False,False,False,False,False,False,True,False,False,False,False,True,False,True,False,False,False,False,False,False,True,True,False,False,False,False,True,False,False,False,False,False,False,True,False,False,False,False,False,True,False,False,False,False,True,False,True,False,False,True,False,False,False,True,True,False,False,False,False,False,False,False,False,False,False,True,False,False,False,False,False,0.25070224719101125,1.3704547326489507,-0.13787878787879038,0.2925531914893617,0.16666666666666663,2025.2121212121212,False,False,False,False,False,True,False,False,True,False
0.36701030927835054,0.39999999999999997,0.46808510638297873,0.45544256120527304,0.75,0.33333333333333326,0.9494949494949516,0.8999999999999986,0.0,0.0,0.0,0.4136922176711527,0.24385964912280705,0.17221510883482716,0.5240919199406968,0.0,0.45692883895131087,0.0,0.0,0.5,1.0,0.6666666666666667,0.0,0.42857142857142855,0.5,0.9375,0.5,0.3231382978723404,0.24752475247524752,0.21604938271604937,0.0,0.0,0.0,0.0,0.0,0.8181818181818182,0.0,0.40689655172413797,False,False,True,False,True,True,False,False,False,False,False,False,True,False,False,False,False,True,False,False,False,False,False,False,False,False,False,True,False,False,False,False,False,False,False,False,False,False,False,False,False,False,False,False,False,True,False,False,False,False,False,False,False,True,False,False,False,False,False,False,False,False,False,False,False,False,False,True,False,False,True,False,False,False,False,True,False,False,False,False,False,False,False,False,False,False,False,False,False,False,False,False,False,True,False,False,False,False,False,False,False,False,False,False,False,False,False,False,True,False,False,False,True,False,False,True,False,False,False,False,True,False,True,False,False,False,False,False,False,False,True,False,False,False,False,False,False,False,False,False,False,False,False,True,False,False,False,False,False,True,True,False,False,False,False,False,False,False,False,True,False,False,False,False,True,False,True,False,False,False,False,False,False,True,False,True,False,False,False,True,False,False,False,False,False,False,False,False,False,False,False,False,True,False,False,False,False,True,False,True,False,False,True,False,False,False,True,True,False,False,False,False,False,False,False,False,False,False,True,False,False,False,True,False,0.34269662921348315,0.4160747579576342,-0.04949494949495303,0.1615691489361702,0.24999999999999994,2025.050505050505,False,False,False,False,True,False,False,False,True,False
0.36838487972508593,0.39999999999999997,0.2872340425531914,0.44549905838041426,0.625,0.33333333333333326,0.8888888888888893,0.8166666666666629,0.0,0.0,0.0,0.5149210064365126,0.34502923976608185,0.2829705505761844,0.625648628613788,0.0,0.6020599250936329,0.0,0.0,0.5,1.0,0.6666666666666667,0.0,0.7142857142857142,0.0,0.875,0.5,0.4880319148936171,0.297029702970297,0.95679012345679,0.0,0.0,0.0,0.0,0.0,0.5454545454545454,0.5,0.4413793103448276,False,False,True,False,True,True,False,False,False,False,False,False,True,False,True,False,False,False,False,False,False,False,False,False,True,False,False,False,False,False,False,False,False,False,False,False,False,False,False,False,False,False,False,False,False,True,False,False,False,False,False,False,False,True,False,False,False,False,False,False,False,False,False,False,False,False,False,True,False,False,True,False,False,False,False,True,False,False,False,False,False,False,False,False,False,False,False,False,False,False,False,False,False,True,False,False,False,False,False,False,False,False,False,False,False,False,False,False,True,False,False,False,True,False,False,False,True,False,False,False,True,False,True,False,False,False,False,True,False,False,False,False,False,True,False,False,False,False,False,False,False,False,False,True,False,False,False,False,False,True,True,False,False,False,False,False,False,False,False,True,False,False,False,False,True,False,True,False,False,False,False,False,False,True,False,False,True,False,False,True,False,False,False,False,False,False,False,False,False,False,False,False,True,False,False,False,False,True,False,True,False,False,True,False,False,False,True,True,False,False,False,False,False,False,False,False,False,False,True,False,False,False,True,False,0.3762874531835206,0.6279997903422663,-0.0722222222222264,0.24401595744680854,0.2083333333333333,2025.111111111111,False,False,False,False,False,False,True,True,False,False
0.37594501718213064,0.6499999999999999,0.25531914893617014,0.3189453860640301,0.375,0.9999999999999998,0.6060606060606055,0.3333333333333357,0.0,0.3823347745521927,0.0,0.0871854885898186,0.2795321637426901,0.2112676056338028,0.0,0.0,0.1544943820224719,0.5,0.0,0.0,0.0,0.3333333333333333,0.0,0.28571428571428564,0.0,0.7604166666666643,0.5,0.6170212765957447,0.25742574257425743,0.0,0.0,0.0,0.0,0.0,0.0,0.2727272727272727,0.25,0.2396551724137931,False,False,True,False,True,True,False,False,False,True,False,False,True,False,False,False,False,True,False,False,False,False,False,False,False,False,False,False,False,False,True,False,False,False,False,False,False,False,False,False,False,False,False,False,False,True,False,False,False,False,False,False,False,True,False,False,False,False,False,False,False,False,False,False,False,False,False,False,True,False,True,False,False,False,False,True,False,False,False,False,False,False,False,False,False,False,False,False,False,False,False,False,False,True,False,False,False,False,False,False,False,False,False,False,False,False,False,False,True,False,False,False,True,False,False,False,True,False,True,False,False,True,False,False,False,False,False,True,False,False,False,False,False,True,False,False,False,False,False,False,False,False,False,False,False,False,False,False,False,True,True,False,False,False,False,False,False,False,False,True,False,False,False,False,True,False,False,True,False,False,False,False,False,True,False,False,True,False,False,False,False,False,False,True,False,False,False,True,False,False,False,False,True,False,False,False,False,True,False,True,False,False,True,False,False,False,True,True,False,False,False,False,False,False,False,False,False,False,True,False,False,False,True,False,0.05793539325842696,0.4907997693764929,-0.2727272727272698,0.30851063829787234,0.3749999999999999,2025.3939393939395,False,False,False,False,False,False,False,False,False,False
0.3786941580756014,0.0,0.21276595744680848,0.22523540489642185,0.375,0.6666666666666667,0.47474747474747403,0.11666666666666714,0.0,0.19024088943792467,0.0,0.3627852545348157,0.37309941520467843,0.3137003841229193,0.0,0.0,0.22940074906367042,0.0,0.0,0.0,0.0,0.6666666666666667,0.0,0.28571428571428564,0.0,0.4479166666666643,0.0,0.1702127659574468,0.0,0.0,0.0,0.0,0.0,0.0,0.0,0.4545454545454545,0.5,0.1810344827586207,False,False,False,True,True,True,False,False,False,True,False,False,True,False,False,False,False,True,False,False,False,False,False,False,False,False,False,False,False,False,False,False,False,False,False,False,True,False,False,False,False,False,False,False,False,True,False,False,False,False,False,False,False,True,False,False,False,False,False,False,False,False,False,False,True,False,False,False,False,False,False,False,True,False,False,True,False,False,False,False,False,False,False,False,True,False,False,False,False,False,False,False,False,False,False,False,False,False,True,False,False,False,False,False,False,False,False,False,False,False,False,False,True,False,False,False,True,False,False,False,True,True,False,False,False,False,False,False,False,True,False,False,False,True,False,False,True,False,False,False,False,False,True,False,False,False,False,False,False,True,True,False,False,False,False,False,True,False,False,True,False,False,False,False,False,False,False,True,False,False,False,False,False,True,False,False,True,False,False,True,False,False,False,False,False,False,False,False,False,False,False,False,True,False,False,False,False,True,False,True,False,False,True,False,False,False,True,True,False,False,False,False,False,False,False,False,False,False,True,False,False,False,True,False,0.0860252808988764,0.6867997993275977,-0.3580808080808069,0.0,0.25,2025.5252525252524,False,False,False,False,False,False,False,False,False,False
0.3793814432989691,0.0,0.6063829787234042,0.6128813559322034,0.75,0.33333333333333326,0.9696969696969688,0.93333333333333,0.5910165484633569,0.0,0.0,1.0,0.8298245614035089,0.8188220230473753,0.0,0.0,0.5987827715355806,0.0,0.0,0.5,0.0,0.6666666666666667,0.0,0.5714285714285714,0.5,0.9583333333333321,1.0,0.9946808510638298,0.4183168316831683,0.24074074074074073,0.0,0.0,0.0,0.0,0.0,0.5454545454545454,0.75,0.6741379310344827,False,False,True,False,True,True,False,False,False,False,False,False,True,False,False,False,False,True,False,False,False,False,False,False,False,False,False,False,False,False,False,False,False,False,False,True,False,False,False,False,False,False,False,False,False,True,False,False,False,False,False,False,False,True,False,False,False,False,False,False,False,False,False,False,True,False,False,False,False,False,True,False,False,False,False,True,False,False,False,False,False,False,False,False,False,False,False,False,False,False,False,False,False,True,False,False,False,False,False,False,False,False,False,False,False,False,False,False,True,False,False,False,False,True,False,True,False,False,False,False,True,False,True,False,False,False,False,False,False,False,False,False,False,True,False,False,False,False,False,False,False,False,False,True,False,False,False,False,False,True,True,False,False,False,False,False,False,False,False,True,False,False,False,False,True,False,True,False,False,False,False,False,False,True,False,True,False,False,False,True,False,False,False,False,False,False,True,False,False,False,False,False,True,False,False,False,False,True,False,True,False,False,True,False,False,False,True,True,False,False,False,False,False,False,False,False,False,False,True,False,False,False,True,False,0.4490870786516854,1.6486465844508842,-0.03636363636363882,0.9946808510638298,0.24999999999999994,2025.030303030303,False,False,False,False,False,False,True,False,False,True
0.3807560137457045,0.39999999999999997,0.5851063829787234,0.5736346516007533,0.625,0.33333333333333326,0.9393939393939412,0.8999999999999986,0.6903073286052009,0.5348980852378011,0.0,0.07723815096547688,0.41403508771929826,0.3636363636363636,0.770941438102298,0.0,0.752808988764045,0.5,0.0,0.5,1.0,0.6666666666666667,0.0,0.7142857142857142,0.5,0.9270833333333321,1.0,0.9454787234042553,0.7920792079207921,0.38271604938271603,0.0,0.0,0.0,0.0,0.0,0.6363636363636364,0.5,0.7724137931034483,False,False,True,False,True,True,False,False,False,True,False,False,True,False,False,False,False,True,False,False,False,False,False,False,False,False,False,False,False,False,False,False,False,False,False,True,False,False,False,False,False,False,False,False,False,True,False,False,False,False,False,False,False,True,False,False,False,False,False,False,False,False,False,False,False,False,False,True,False,False,True,False,False,False,False,True,False,False,False,False,False,False,False,False,False,False,False,False,False,False,False,False,False,True,False,False,False,False,False,False,False,False,False,False,False,False,False,False,True,False,False,True,False,False,False,True,False,False,False,False,True,False,True,False,False,False,False,True,False,False,False,False,False,True,False,False,True,False,False,True,False,False,False,False,False,False,False,False,False,True,True,False,False,False,False,False,False,False,False,True,False,False,False,False,True,False,True,False,False,False,False,False,False,True,False,True,False,False,False,False,False,True,False,False,False,False,True,False,False,False,False,False,True,False,False,False,False,True,False,True,False,False,True,False,False,False,True,True,False,False,False,False,False,False,False,False,False,False,True,False,False,False,True,False,0.4705056179775281,0.7776714513556618,-0.039393939393942645,0.9454787234042553,0.2083333333333333,2025.060606060606,False,False,False,False,False,False,True,False,True,False
0.3896907216494846,0.0,0.42553191489361697,0.5394350282485876,0.625,0.33333333333333326,0.9494949494949516,0.8999999999999986,0.3971631205673759,0.0012353304508956147,0.0,0.8864833235810415,0.7175438596491228,0.7023047375160052,0.0,0.0,0.5135767790262172,0.0,0.0,0.5,0.0,0.6666666666666667,0.0,0.5714285714285714,0.0,0.9375,0.5,0.49468085106382975,0.0,0.0,0.0,0.0,0.0,0.0,0.0,0.1818181818181818,1.0,0.5310344827586208,False,False,True,False,True,True,False,False,False,False,False,False,True,False,False,False,False,True,False,False,False,False,False,False,False,False,False,False,False,False,False,False,False,False,False,True,False,False,False,False,False,False,False,False,False,True,False,False,False,False,False,False,False,True,False,False,False,False,False,False,False,False,False,False,True,False,False,False,False,False,True,False,False,False,False,True,False,False,False,False,False,False,False,False,False,False,False,False,False,False,False,False,False,True,False,False,False,False,False,False,False,False,False,False,False,False,False,False,True,False,False,True,False,False,False,True,False,False,False,False,True,False,True,False,False,False,False,True,False,False,False,False,False,True,False,False,True,False,False,True,False,False,False,False,False,False,False,False,False,True,True,False,False,False,False,False,False,False,False,True,False,False,False,False,True,False,True,False,False,False,False,False,False,True,False,False,True,False,False,True,False,False,False,False,False,False,True,False,False,False,False,False,True,False,False,False,False,True,False,True,False,False,True,False,False,False,True,True,False,False,False,False,False,False,False,False,False,False,True,False,False,False,True,False,0.3209854868913858,1.419848597165128,-0.04949494949495303,0.24734042553191488,0.2083333333333333,2025.050505050505,False,False,False,False,False,True,False,False,True,False
0.3924398625429554,0.0,0.3191489361702128,0.32557438794726934,0.5,0.6666666666666667,0.4949494949494948,0.14999999999999858,0.48936170212765956,0.2557134033353922,0.0,0.26331187829139846,0.33567251461988307,0.27272727272727276,0.0,0.0,0.199438202247191,0.5,0.0,0.0,0.0,0.3333333333333333,0.0,0.14285714285714285,0.0,0.46875,0.0,0.1702127659574468,0.4158415841584158,0.0,0.0,0.0,0.0,0.0,0.0,0.8181818181818182,0.0,0.20689655172413793,False,False,True,False,True,True,False,False,False,True,False,False,True,False,False,False,False,True,False,False,False,False,False,False,False,False,False,False,False,False,False,True,False,False,False,False,False,False,False,False,False,False,False,False,False,True,False,False,False,False,False,False,False,True,False,False,False,False,False,False,False,False,False,False,True,False,False,False,False,False,True,False,False,False,False,True,False,False,False,False,False,False,False,False,False,False,False,False,False,False,False,False,False,False,False,True,False,False,False,False,False,False,False,False,False,False,False,False,False,False,True,True,False,False,False,False,True,False,False,False,True,True,False,False,False,False,False,False,False,True,False,False,False,True,False,False,True,False,True,False,False,False,False,False,False,False,False,False,False,True,True,False,False,False,False,False,False,False,False,True,False,False,False,False,True,False,True,False,False,False,False,False,False,True,False,False,True,False,False,True,False,False,False,False,False,False,False,True,False,False,False,False,True,False,False,False,False,True,False,True,False,False,True,False,False,False,True,True,False,False,False,False,False,False,False,False,False,False,True,False,False,False,False,False,0.0997191011235955,0.6083997873471558,-0.3449494949494962,0.0,0.33333333333333337,2025.5050505050506,False,False,False,False,False,False,False,False,False,False
0.39312714776632307,0.39999999999999997,0.5638297872340425,0.7645197740112994,0.625,0.33333333333333326,1.0,0.9833333333333343,0.0,0.0,0.0,0.4950263311878291,0.32514619883040935,0.2612035851472471,0.6271312083024463,0.0,0.5870786516853933,0.0,0.0,0.5,1.0,0.6666666666666667,0.0,0.42857142857142855,0.0,0.9895833333333321,0.5,0.651595744680851,0.5148514851485149,0.7037037037037037,0.0,0.0,0.0,0.0,0.0,0.5454545454545454,0.75,0.5672413793103448,False,False,True,False,True,True,False,False,False,False,True,False,False,False,False,False,False,False,False,False,False,False,False,False,False,False,False,False,False,False,False,False,False,False,False,False,False,False,False,False,False,False,True,False,False,True,False,False,False,False,False,False,False,True,False,False,False,False,False,False,False,False,False,False,False,False,False,True,False,False,True,False,False,False,False,True,False,False,False,False,False,False,False,False,False,False,False,False,False,False,False,False,False,True,False,False,False,False,False,False,False,False,False,False,False,False,False,False,True,False,False,False,True,False,False,False,True,False,False,False,True,False,True,False,False,False,False,False,False,False,False,False,False,True,False,False,False,False,False,False,False,False,False,True,False,False,False,False,False,True,True,False,False,False,False,False,True,False,False,True,False,False,False,False,True,False,True,False,False,False,False,False,False,True,False,False,True,False,False,True,False,False,False,False,False,False,True,False,False,False,False,False,True,False,False,False,False,True,False,True,False,False,True,False,False,False,True,True,False,False,False,False,False,False,False,False,True,False,False,False,False,False,False,True,0.3669241573033708,0.5863497839776565,-0.01666666666666572,0.3257978723404255,0.2083333333333333,2025.0,False,False,False,False,False,False,True,False,False,True
0.39381443298969077,0.6000000000000001,0.4893617021276595,0.5240677966101694,0.625,0.33333333333333326,0.9090909090909101,0.8333333333333357,0.0,0.0,0.0,0.22469280280866005,0.05497076023391814,0.21510883482714466,0.48628613787991104,0.0,0.46441947565543074,0.0,0.0,0.5,1.0,0.6666666666666667,0.0,0.7142857142857142,0.5,0.8958333333333321,0.5,0.3191489361702128,0.24752475247524752,0.0,0.0,0.0,0.0,0.0,0.0,0.9999999999999999,0.25,0.3793103448275862,False,False,True,False,True,True,False,False,False,False,False,False,True,False,False,False,False,True,False,False,False,False,False,False,False,False,False,True,False,False,False,False,False,False,False,False,False,False,False,False,False,False,False,False,False,True,False,False,False,False,False,False,False,True,False,False,False,False,False,False,False,False,False,False,False,False,False,False,False,True,True,False,False,False,False,True,False,False,False,False,False,False,False,False,False,False,False,False,False,False,False,False,False,True,False,False,False,False,False,False,False,False,False,False,False,False,False,False,True,False,False,False,True,False,False,False,True,False,False,False,True,False,True,False,False,False,False,True,False,False,False,False,False,True,False,False,True,False,False,False,False,False,False,True,False,False,False,False,False,True,True,False,False,False,False,False,False,False,False,True,False,False,False,False,True,False,False,True,False,False,False,False,False,True,False,False,False,False,True,False,False,True,False,False,False,False,True,False,False,False,False,False,True,False,False,False,False,True,False,True,False,False,True,False,False,False,True,True,False,False,False,False,False,False,False,False,False,False,True,False,False,False,True,False,0.29026217228464424,0.2700795950610628,-0.07575757575757436,0.1595744680851064,0.2083333333333333,2025.090909090909,False,False,False,False,True,False,False,False,True,False
0.39793814432989694,0.3,0.5425531914893617,0.688512241054614,0.375,0.33333333333333326,0.4444444444444464,0.06666666666666288,0.7919621749408984,0.0,0.0,0.6143943826799297,0.4444444444444445,0.3918053777208707,0.5522609340252038,0.0,0.6352996254681648,0.0,0.0,0.5,0.0,1.0,0.0,0.5714285714285714,0.0,0.4166666666666643,0.0,0.25531914893617025,0.0,0.0,0.0,0.0,0.0,0.0,0.0,0.9090909090909091,0.5,0.246551724137931,False,False,False,True,True,False,False,False,False,True,False,False,True,False,False,False,False,True,False,False,False,False,False,False,False,False,False,False,False,False,False,False,False,False,False,False,True,False,False,False,False,False,False,False,False,True,False,False,False,False,False,False,False,True,False,False,False,False,False,False,False,False,False,False,False,False,False,False,False,False,True,False,False,False,False,True,False,False,False,False,False,False,False,False,False,False,False,False,False,True,False,False,False,False,False,False,False,False,False,False,False,False,False,True,False,False,False,False,False,False,False,True,False,False,False,False,True,False,False,False,True,False,False,False,False,False,False,False,False,True,False,False,False,True,False,False,True,False,False,False,False,False,False,True,False,False,False,False,False,True,True,False,False,False,False,False,False,False,False,False,True,False,False,False,False,False,False,True,False,False,False,False,False,True,False,False,True,False,False,True,False,False,False,False,False,False,False,True,True,False,False,False,False,False,False,False,False,True,False,True,False,False,True,False,False,False,True,True,False,False,False,False,False,False,False,False,False,False,True,False,False,False,True,False,0.2382373595505618,0.8362498221653152,-0.37777777777778354,0.0,0.12499999999999997,2025.5555555555557,False,False,False,False,False,False,True,False,False,True
0.4034364261168385,0.6499999999999999,0.46808510638297873,0.4316384180790961,0.375,0.6666666666666667,0.7272727272727266,0.5333333333333314,0.0,0.4150710315009265,0.0,0.09830310122878877,0.32163742690058483,0.2701664532650448,0.0,0.0,0.19756554307116103,0.5,0.0,0.0,0.0,0.3333333333333333,0.0,0.14285714285714285,0.0,0.8541666666666643,0.5,0.4893617021276596,0.0,0.0,0.0,0.0,0.0,0.0,0.0,0.5454545454545454,0.75,0.2655172413793103,False,False,True,False,True,True,False,False,False,False,False,False,True,False,False,False,False,True,False,False,False,False,False,False,False,False,False,False,False,False,False,False,False,False,False,False,False,False,True,False,False,False,False,False,False,True,False,False,False,False,False,False,False,True,False,False,False,False,False,False,False,False,False,False,False,False,False,False,True,False,False,False,True,False,False,True,False,False,False,False,False,False,False,False,False,False,False,True,False,False,False,False,False,False,False,False,False,False,False,False,False,True,False,False,False,False,False,False,False,False,False,False,True,False,False,False,True,False,False,False,True,True,False,False,False,False,False,False,False,True,False,False,False,True,False,False,False,False,False,False,False,False,False,False,False,False,False,False,False,True,True,False,False,False,False,False,False,False,True,True,False,False,False,False,True,False,False,True,False,False,False,False,False,True,False,False,True,False,False,False,False,False,False,True,False,False,False,True,False,False,False,False,True,False,False,False,False,True,False,True,False,False,True,False,False,False,True,True,False,False,False,False,False,False,False,False,False,False,True,False,False,False,True,False,0.07408707865168539,0.5918038801656296,-0.1939393939393952,0.2446808510638298,0.25,2025.2727272727273,False,False,False,False,False,False,False,True,False,False
0.40549828178694164,0.39999999999999997,0.36170212765957444,0.4,0.625,0.33333333333333326,0.9494949494949516,0.8999999999999986,0.0,0.3026559604694256,0.0,0.16383850204798128,0.28070175438596495,0.21254801536491674,0.6019273535952557,0.0,0.5355805243445693,0.0,0.0,0.5,1.0,0.6666666666666667,0.0,0.42857142857142855,0.0,0.9375,0.5,0.4787234042553191,0.0,0.2777777777777778,0.0,0.0,0.0,0.0,0.0,0.7272727272727273,0.5,0.4341379310344827,False,False,True,False,True,True,False,False,False,True,False,False,True,False,False,False,False,True,False,False,False,False,False,False,True,False,False,False,False,False,False,False,False,False,False,False,False,False,False,False,False,False,False,False,False,True,False,False,False,False,False,False,False,True,False,False,False,False,False,False,False,False,False,False,False,False,False,True,False,False,True,False,False,False,False,True,False,False,False,False,False,False,False,False,False,False,False,False,False,False,False,False,False,True,False,False,False,False,False,False,False,False,False,False,False,False,False,False,True,False,False,False,True,False,False,True,False,False,False,False,True,False,True,False,False,False,False,True,False,False,False,False,False,True,False,False,True,False,False,True,False,False,False,False,False,False,False,False,False,True,True,False,False,False,False,False,False,False,False,True,False,False,False,False,True,False,True,False,False,False,False,False,False,True,False,False,True,False,False,True,False,False,False,False,False,False,True,False,False,False,False,False,True,False,False,False,False,True,False,True,False,False,True,False,False,False,True,True,False,False,False,False,False,False,False,False,False,False,True,False,False,False,True,False,0.33473782771535576,0.4932497697508817,-0.04949494949495303,0.23936170212765956,0.2083333333333333,2025.050505050505,False,False,False,False,False,True,False,True,False,False
0.4082474226804124,0.0,0.6170212765957447,0.3751412429378531,0.375,0.6666666666666667,0.6565656565656575,0.4166666666666643,0.0,0.0,0.0,0.5406670567583383,0.3707602339181287,0.3111395646606914,0.0,0.0,0.22752808988764045,0.0,0.0,0.0,0.0,0.6666666666666667,0.0,0.28571428571428564,0.0,0.6979166666666643,0.0,0.15957446808510636,0.0,0.0,0.0,0.0,0.0,0.0,0.0,0.2727272727272727,0.5,0.17241379310344826,False,False,True,False,True,True,False,False,False,False,False,False,True,False,False,False,False,True,False,False,False,False,False,False,True,False,False,False,False,False,False,False,False,False,False,False,False,False,False,False,False,False,False,False,False,True,False,False,False,False,False,False,False,True,False,False,False,False,False,False,False,False,False,False,True,False,False,False,False,False,False,False,True,False,False,True,False,False,False,False,False,False,False,False,False,False,False,True,False,False,False,False,False,False,False,False,False,False,False,False,False,True,False,False,False,False,False,False,False,False,False,False,True,False,False,False,True,False,False,False,True,True,False,False,False,False,False,True,False,False,False,False,False,True,False,False,True,False,False,False,False,False,False,True,False,False,False,False,False,True,True,False,False,False,False,False,False,False,True,True,False,False,False,False,True,False,False,True,False,False,False,False,False,True,False,False,True,False,False,False,False,False,False,True,False,False,False,True,False,False,False,False,True,False,False,False,False,True,False,True,False,False,True,False,True,False,False,True,False,False,False,False,False,False,False,False,False,False,True,False,False,False,True,False,0.08532303370786518,0.6818997985788201,-0.23989898989899316,0.0,0.25,2025.3434343434344,False,False,False,False,False,False,False,True,False,False
0.4096219931271478,0.5,0.3191489361702128,0.04444444444444445,0.5,0.9999999999999998,0.0,0.7166666666666686,0.0,0.0,0.0,0.4002340550029257,0.23040935672514623,0.15749039692701666,0.5070422535211268,0.0,0.4353932584269663,0.0,0.0,0.0,0.0,0.6666666666666667,0.0,0.5714285714285714,0.0,0.1666666666666643,0.0,0.07446808510638295,0.0,0.9753086419753085,0.0,0.0,0.0,0.0,0.0,0.8181818181818182,0.0,0.18794482758620687,False,False,False,True,True,False,False,False,False,True,False,False,True,False,False,False,False,True,False,False,False,False,False,False,False,False,False,False,False,False,False,False,False,False,False,False,True,False,False,False,False,False,False,False,False,True,False,False,False,False,False,False,False,True,False,False,False,False,False,False,False,False,False,False,False,False,False,True,False,False,True,False,False,False,False,True,False,False,False,False,False,False,False,False,False,False,False,False,False,False,False,False,False,True,False,False,False,False,False,False,False,False,False,False,False,False,False,False,True,False,False,False,True,False,False,False,True,False,False,False,True,True,False,False,False,False,False,False,False,True,False,False,False,True,False,False,True,False,False,False,False,False,False,True,False,False,False,False,False,True,True,False,False,False,False,False,False,False,False,False,False,False,False,False,False,False,False,True,False,False,False,False,False,True,False,False,True,False,False,False,False,False,False,True,False,False,False,True,False,False,False,False,True,True,False,False,False,False,False,False,False,False,True,False,False,False,True,True,False,False,False,False,False,False,False,False,False,False,True,False,False,False,True,False,0.21769662921348315,0.3878997536521629,0.7166666666666686,0.0,0.4999999999999999,2026.0,False,False,False,False,True,False,False,False,False,False
0.4123711340206186,0.39999999999999997,0.46808510638297873,0.5963841807909604,0.75,0.33333333333333326,0.9595959595959584,0.9166666666666643,0.6619385342789598,0.3372452130945028,0.0,0.29959040374488005,0.44912280701754387,0.39692701664532654,0.6271312083024463,0.0,0.6863295880149812,0.5,0.0,0.5,1.0,0.6666666666666667,0.0,0.7142857142857142,0.5,0.9270833333333321,0.5,0.7659574468085106,0.4430693069306931,0.37037037037037035,0.0,0.0,0.0,0.0,0.0,0.4545454545454545,0.0,0.7413793103448276,False,False,True,False,True,True,False,False,False,True,False,False,True,False,False,False,False,True,False,False,False,False,False,False,False,False,False,False,False,False,False,False,False,False,False,True,False,False,False,False,False,False,False,False,False,True,False,False,False,False,False,False,False,True,False,False,False,False,False,False,False,False,False,False,False,False,False,True,False,False,True,False,False,False,False,True,False,False,False,False,False,False,False,False,False,False,False,False,False,False,False,False,False,True,False,False,False,False,False,False,False,False,False,False,False,False,False,False,True,False,False,True,False,False,False,True,False,False,False,False,True,False,True,False,False,False,False,True,False,False,False,False,False,True,False,False,False,False,False,True,False,False,False,False,False,False,False,False,False,True,True,False,False,False,False,False,False,False,False,True,False,False,False,False,True,False,False,False,False,False,False,False,False,True,False,True,False,False,False,False,False,True,False,False,False,False,False,False,False,False,False,False,True,False,False,False,False,True,False,True,False,False,True,False,False,False,True,True,False,False,False,False,False,False,False,False,False,False,True,False,False,False,True,False,0.5147471910112359,0.8460498236628704,-0.04292929292929415,0.3829787234042553,0.24999999999999994,2025.0404040404042,False,False,False,False,False,False,True,False,False,True
0.413745704467354,0.39999999999999997,0.5319148936170213,0.5296421845574388,0.75,0.33333333333333326,0.8282828282828305,0.7000000000000028,0.0,0.48733786287832,0.0,0.06963136337039204,0.3614035087719299,0.31306017925736235,0.7323943661971831,0.0,0.6914794007490637,0.5,0.0,0.5,1.0,0.6666666666666667,0.0,0.7142857142857142,0.5,0.8125,0.5,0.4601063829787234,0.297029702970297,0.9259259259259258,0.0,0.0,0.0,0.0,0.0,0.09090909090909091,0.0,0.5517241379310345,False,False,True,False,True,True,False,False,False,False,False,False,True,False,False,False,False,True,False,False,False,False,False,False,False,False,False,False,False,False,False,False,False,False,False,False,False,False,False,True,False,False,False,False,False,True,False,False,False,False,False,False,False,True,False,False,False,False,False,False,False,False,False,False,False,False,False,True,False,False,True,False,False,False,False,True,False,False,False,False,False,False,False,False,False,False,False,True,False,False,False,False,False,False,False,False,False,False,False,False,False,True,False,False,False,False,False,False,False,False,False,False,True,False,False,True,False,False,False,False,True,False,True,False,False,False,False,True,False,False,False,False,False,True,False,True,False,False,False,True,False,False,False,False,False,False,False,False,False,True,True,False,False,False,False,False,False,False,False,True,False,False,False,False,True,False,True,False,False,False,False,False,False,True,False,False,False,False,True,True,False,False,False,False,False,False,False,False,False,False,False,False,True,False,False,False,False,True,False,True,False,False,True,False,False,False,True,True,False,False,False,False,False,False,False,False,False,False,True,False,False,False,False,False,0.5186095505617978,0.6744636880292922,-0.12828282828282767,0.2300531914893617,0.24999999999999994,2025.171717171717,False,False,False,False,False,False,True,False,True,False
0.41512027491408937,0.0,0.6170212765957447,0.7377024482109228,0.625,0.33333333333333326,0.9292929292929308,0.8666666666666671,0.23404255319148937,0.5694873378628783,0.0,0.3346986541837332,0.7040935672514621,0.676056338028169,0.0,0.0,0.4943820224719101,0.5,0.0,0.5,0.0,0.6666666666666667,0.0,0.42857142857142855,0.5,0.9166666666666643,0.5,0.4920212765957447,0.4752475247524752,0.2222222222222222,0.0,0.0,0.0,0.0,0.0,0.7272727272727273,0.5,0.5551724137931034,False,False,True,False,True,True,False,False,False,False,False,False,True,False,False,False,False,True,False,False,False,False,False,False,True,False,False,False,False,False,False,False,False,False,False,False,False,False,False,False,False,False,False,False,False,True,False,False,False,False,False,False,False,True,False,False,False,False,False,False,False,False,False,False,True,False,False,False,False,False,True,False,False,False,False,True,False,False,False,False,False,False,False,False,False,False,False,False,False,False,False,False,False,True,False,False,False,False,False,False,False,False,False,False,False,False,False,False,True,False,False,True,False,False,False,True,False,False,False,False,True,False,True,False,False,False,False,True,False,False,False,False,False,True,False,True,False,False,False,True,False,False,False,False,False,False,False,False,False,True,True,False,False,False,False,False,False,False,False,True,False,False,False,False,True,False,True,False,False,False,False,False,False,True,False,False,False,False,True,True,False,False,False,False,False,False,True,False,False,False,False,False,True,False,False,False,False,True,False,True,False,False,True,False,False,False,True,True,False,False,False,False,False,False,False,False,False,False,True,False,False,False,True,False,0.3089887640449438,1.380149905279631,-0.0626262626262637,0.24601063829787234,0.2083333333333333,2025.0707070707072,False,False,False,False,False,True,False,False,False,True
0.41649484536082476,0.0,0.553191489361702,0.712165725047081,0.375,0.33333333333333326,0.8686868686868685,0.7666666666666657,0.0,0.45213094502779494,0.0,0.1802223522527794,0.43859649122807015,0.3854033290653009,0.0,0.0,0.2818352059925094,0.5,0.0,0.0,0.0,0.6666666666666667,0.0,0.42857142857142855,0.0,0.8958333333333321,0.5,0.5531914893617021,0.4158415841584158,0.0,0.0,0.0,0.0,0.0,0.0,0.9090909090909091,0.75,0.3172413793103448,False,False,True,False,True,True,False,True,False,False,False,True,False,False,False,False,False,False,True,False,False,False,False,False,True,False,False,False,False,False,False,False,False,False,False,False,False,False,False,False,False,False,False,False,False,True,False,False,False,False,False,False,False,True,False,False,False,False,False,False,False,False,False,False,True,False,False,False,False,False,True,False,False,False,False,True,False,False,False,False,False,False,False,False,False,False,False,False,False,False,False,False,False,True,False,False,False,False,False,False,False,False,False,False,False,False,False,False,True,False,False,False,True,False,False,False,True,False,True,False,False,False,True,False,False,False,False,True,False,False,False,False,False,True,False,False,True,False,False,True,False,False,False,False,False,False,False,False,False,True,True,False,False,False,False,False,True,False,False,True,False,False,False,False,True,False,True,False,False,False,False,False,False,True,False,False,True,False,False,False,False,False,False,True,False,False,False,True,False,False,False,False,True,False,False,False,False,True,False,True,False,False,True,False,False,False,False,True,False,False,False,False,False,False,False,False,False,False,True,False,False,False,True,False,0.10568820224719103,0.823999820293371,-0.10202020202020279,0.2765957446808511,0.12499999999999997,2025.1313131313132,False,False,False,False,False,False,False,False,False,True
0.4226804123711341,0.6499999999999999,0.5319148936170213,0.4361581920903955,0.5,0.9999999999999998,0.5353535353535364,0.21666666666666856,0.36879432624113473,0.471278567016677,0.0,0.10122878876535986,0.3777777777777778,0.39436619718309857,0.0,0.0,0.2883895131086142,0.5,0.0,0.0,0.0,0.6666666666666667,0.0,0.42857142857142855,0.0,0.5104166666666643,0.5,0.4255319148936171,0.297029702970297,0.0,0.0,0.0,0.0,0.0,0.0,0.36363636363636365,1.0,0.26724137931034486,False,False,True,False,True,True,False,False,False,True,False,False,True,False,False,False,False,True,False,False,False,False,False,False,False,False,False,False,False,False,False,True,False,False,False,False,False,False,False,False,False,False,False,False,True,False,False,False,False,False,False,False,False,True,False,False,False,False,False,False,False,False,False,False,False,False,False,False,True,False,True,False,False,False,False,True,False,False,False,False,False,False,False,False,False,False,False,False,False,True,False,False,False,False,False,False,False,False,False,False,False,False,False,True,False,False,False,False,False,False,False,True,False,False,False,False,True,False,True,False,False,False,True,False,False,False,False,False,False,True,False,False,False,True,True,False,False,False,False,True,False,False,False,False,False,False,False,False,False,True,True,False,False,False,False,False,False,False,False,True,False,False,False,False,True,False,True,False,False,False,False,False,False,True,False,False,True,False,False,True,False,False,False,False,False,False,True,False,False,False,False,False,True,False,False,False,False,True,False,True,False,False,True,False,True,False,False,True,False,False,False,False,False,False,False,False,False,False,True,False,False,False,False,False,0.1441947565543071,0.7721439749608764,-0.3186868686868678,0.21276595744680854,0.4999999999999999,2025.4646464646464,False,False,False,False,False,False,False,True,False,False
0.42405498281786946,0.25,0.3085106382978723,0.31766478342749527,0.5,0.6666666666666667,0.4444444444444464,0.06666666666666288,0.0,0.0,0.0,0.4868344060854301,0.3169590643274854,0.25224071702944945,0.0,0.0,0.18445692883895132,0.0,0.0,0.0,0.0,0.3333333333333333,0.0,0.14285714285714285,0.0,0.5,0.5,0.4893617021276596,0.0,0.0,0.0,0.0,0.0,0.0,0.0,0.4545454545454545,0.5,0.15689655172413794,False,False,True,False,True,True,False,False,False,True,True,False,False,False,False,False,False,False,True,False,False,False,False,False,False,False,False,False,False,False,False,True,False,False,False,False,False,False,False,False,False,False,False,False,False,False,False,False,False,False,False,False,False,True,False,False,False,False,False,False,False,False,False,True,False,False,False,False,False,False,True,False,False,False,False,True,False,False,False,False,False,False,False,False,False,False,False,False,False,True,False,False,False,False,False,False,False,False,False,False,False,False,False,True,False,False,False,False,False,False,False,False,True,False,False,False,True,False,False,False,True,True,False,False,False,False,False,False,False,True,False,False,False,True,False,False,True,False,False,False,False,False,False,True,False,False,False,False,False,True,True,False,False,False,False,False,True,False,False,True,False,False,False,False,True,False,True,False,False,False,False,False,False,True,False,False,True,False,False,False,False,False,False,True,False,False,False,True,False,False,False,False,True,False,False,False,False,True,False,True,False,False,True,False,False,False,True,True,False,False,False,False,False,False,False,False,False,False,True,False,False,False,True,False,0.09222846441947566,0.5691997813569348,-0.37777777777778354,0.2446808510638298,0.33333333333333337,2025.5555555555557,False,False,False,False,False,False,False,False,False,False
0.42542955326460485,0.39999999999999997,0.5851063829787234,0.6955932203389831,0.75,0.33333333333333326,0.9393939393939412,0.8833333333333329,0.5342789598108747,0.5379864113650402,0.0,0.3575190169689877,0.697076023391813,0.6683738796414853,0.5782060785767235,0.0,0.8539325842696629,0.5,0.0,0.5,1.0,1.0,0.0,0.9999999999999998,1.0,0.9270833333333321,1.0,0.7832446808510638,0.4158415841584158,0.0,0.0,0.0,0.0,0.0,0.0,0.6363636363636364,0.5,0.8448275862068966,False,False,True,False,True,True,False,False,False,True,False,False,True,False,False,False,False,True,False,False,False,False,False,False,False,False,False,False,False,False,False,False,False,False,False,False,False,False,False,False,False,False,True,False,False,True,False,False,False,False,False,False,False,True,False,False,False,False,False,False,False,False,False,False,False,False,False,True,False,False,False,False,True,False,False,True,False,False,False,False,False,False,False,False,False,False,False,False,False,False,False,False,False,True,False,False,False,False,False,False,False,False,False,False,False,False,False,False,True,False,False,False,False,True,False,True,False,False,False,False,True,False,True,False,False,False,False,True,False,False,False,False,False,True,True,False,False,False,False,True,False,False,False,False,False,False,False,False,False,True,True,False,False,False,False,False,False,False,False,True,False,False,False,False,True,False,True,False,False,False,False,False,False,True,False,True,False,False,False,True,False,False,False,False,False,False,False,False,False,False,False,False,True,False,False,False,False,True,False,True,False,False,True,False,False,False,True,True,False,False,False,False,False,False,False,False,False,False,True,False,False,False,True,False,0.6404494382022472,1.3654499030332983,-0.056060606060608364,0.7832446808510638,0.24999999999999994,2025.060606060606,False,False,False,False,False,False,True,False,False,True
0.42749140893470794,0.0,0.43617021276595747,0.3053860640301318,0.375,0.6666666666666667,0.6767676767676782,0.45000000000000284,0.36170212765957444,0.3458925262507721,0.0,0.24575775307197192,0.40350877192982454,0.34699103713188223,0.0,0.0,0.25374531835205993,0.0,0.0,0.0,0.0,0.6666666666666667,0.0,0.42857142857142855,0.0,0.75,0.5,0.4308510638297872,0.4752475247524752,0.0,0.0,0.0,0.0,0.0,0.0,0.5454545454545454,0.75,0.2586206896551724,False,False,True,False,True,True,False,False,False,True,False,False,True,False,False,False,False,True,False,False,False,False,False,False,False,False,False,False,False,False,False,False,False,False,False,False,False,False,True,False,False,False,False,False,False,True,False,False,False,False,False,False,False,True,False,False,False,False,False,False,False,False,False,False,True,False,False,False,False,False,True,False,False,False,False,True,False,False,False,False,False,False,False,False,False,False,False,False,False,False,True,False,False,False,False,False,False,False,False,False,False,False,False,False,False,True,False,False,False,False,False,True,False,False,False,False,True,False,False,False,True,True,False,False,False,False,False,False,False,True,False,False,False,True,False,False,True,False,True,False,False,False,False,False,False,False,False,False,False,True,True,False,False,False,False,False,False,False,True,True,False,False,False,False,True,False,False,True,False,False,False,False,False,True,False,False,True,False,False,False,False,False,False,True,False,False,False,True,False,False,False,False,True,False,False,False,False,True,False,True,False,False,True,False,False,False,True,True,False,False,False,False,False,False,False,False,False,False,True,False,False,False,True,False,0.09515449438202248,0.7504998090617068,-0.2267676767676754,0.2154255319148936,0.25,2025.3232323232323,False,False,False,False,False,False,False,False,False,False
0.4336769759450172,1.0,0.04255319148936165,0.11902071563088512,0.75,0.33333333333333326,0.9696969696969688,0.93333333333333,0.2553191489361702,0.014823965410747375,0.0,0.8952603861907549,0.7391812865497076,0.7144686299615877,0.0,0.0,0.5224719101123596,0.0,0.0,0.5,0.0,0.3333333333333333,0.0,0.42857142857142855,0.5,0.9583333333333321,0.5,0.6210106382978724,0.38613861386138615,0.4506172839506173,0.0,0.0,0.0,0.0,0.0,0.6363636363636364,0.25,0.5155172413793103,False,False,True,False,True,True,False,False,False,True,False,False,True,False,False,False,False,True,False,False,False,False,False,False,False,False,False,False,False,False,False,False,False,False,False,True,False,False,False,False,False,False,False,False,False,True,False,False,False,False,False,False,False,True,False,False,False,False,False,False,False,True,False,False,True,False,False,False,False,False,True,False,False,False,False,True,False,False,False,False,False,False,False,False,False,False,False,False,False,False,False,False,False,True,False,False,False,False,False,False,False,False,False,False,False,False,False,False,True,False,False,False,False,True,False,True,False,False,False,False,True,False,True,False,False,False,False,True,False,False,True,False,False,False,False,True,False,False,False,True,False,False,False,False,False,False,False,False,False,True,True,False,False,False,False,False,False,False,False,True,False,False,False,False,True,False,True,False,False,False,False,False,False,True,False,True,False,False,False,True,False,False,False,False,False,False,True,False,False,False,False,False,True,False,False,False,False,True,False,True,False,False,True,False,False,False,True,True,False,False,False,False,False,False,False,False,False,False,True,False,False,False,True,False,0.3918539325842697,1.4536499165112953,-0.03636363636363882,0.3105053191489362,0.24999999999999994,2025.030303030303,False,False,False,False,False,True,False,False,False,False
0.4343642611683849,0.0,0.5851063829787234,0.6696798493408663,0.625,0.33333333333333326,0.6767676767676782,0.45000000000000284,0.4940898345153664,0.5077208153180977,0.0,0.33001755412521944,0.6409356725146198,0.6229193341869399,0.0,0.0,0.45552434456928836,0.0,0.0,0.5,0.0,0.6666666666666667,0.0,0.42857142857142855,0.5,0.65625,0.5,0.5106382978723404,0.4752475247524752,0.0,0.0,0.0,0.0,0.0,0.0,0.2727272727272727,0.75,0.07758620689655174,False,False,True,False,True,True,False,False,False,True,False,False,True,False,False,False,False,True,False,False,False,False,False,False,False,False,False,False,False,False,False,False,False,True,False,False,False,False,False,False,False,False,False,False,False,True,False,False,False,False,False,False,False,True,False,False,False,False,False,False,False,False,False,False,True,False,False,False,False,False,False,False,True,False,False,True,False,False,False,False,False,False,False,False,False,False,False,False,False,False,True,False,False,False,False,False,False,False,False,False,False,False,False,False,False,True,False,False,False,False,False,True,False,False,False,False,True,False,True,False,False,True,False,False,False,False,False,False,False,True,False,False,False,True,False,False,True,False,False,False,False,False,False,False,False,False,False,False,False,True,True,False,False,False,False,False,False,False,True,True,False,False,False,False,True,False,False,True,False,False,False,False,False,True,False,False,False,False,True,True,False,False,False,False,False,False,False,False,False,False,False,False,True,False,False,False,False,True,False,True,False,False,True,False,False,False,True,True,False,False,False,False,False,False,False,False,False,False,True,False,False,True,False,False,0.2847027153558052,1.2638550067015597,-0.2267676767676754,0.2553191489361702,0.2083333333333333,2025.3232323232323,False,False,False,False,True,False,False,False,False,True
0.4391752577319588,1.0,0.24468085106382975,0.07322033898305086,0.75,0.33333333333333326,0.9696969696969688,0.93333333333333,0.0,0.7127856701667696,0.0,0.2141603276770041,0.7192982456140351,0.7227912932138285,0.0,0.0,0.528558052434457,0.5,0.0,0.5,0.0,0.0,0.0,0.5714285714285714,0.5,0.9583333333333321,1.0,0.648936170212766,0.7722772277227723,0.0,0.0,0.0,0.0,0.0,0.0,0.8181818181818182,0.0,0.7053827586206897,False,False,True,False,True,True,False,False,False,True,False,False,True,False,False,False,False,True,False,False,False,False,False,False,False,False,False,False,False,False,False,False,False,False,False,False,False,False,False,False,False,False,False,False,False,True,False,False,False,False,False,False,False,True,False,False,False,False,False,False,False,False,True,False,True,False,False,False,False,False,False,False,True,False,False,True,False,False,False,False,False,False,False,False,False,False,False,False,False,False,False,False,False,True,False,False,False,False,False,False,False,False,False,False,False,False,False,False,True,False,False,False,True,False,False,True,False,False,False,False,True,False,True,False,False,False,False,True,False,False,True,False,False,False,False,False,False,False,False,True,False,False,False,False,False,False,False,False,False,True,True,False,False,False,False,False,False,False,False,True,False,False,False,False,True,False,False,False,False,False,False,False,False,True,False,True,False,False,False,True,False,False,False,False,False,False,False,False,False,False,False,False,True,False,False,False,False,True,False,True,False,False,True,False,False,False,True,True,False,False,False,False,False,False,False,False,True,False,False,False,False,False,False,True,0.3964185393258427,1.4420895388278636,-0.03636363636363882,0.648936170212766,0.24999999999999994,2025.030303030303,False,False,False,False,False,True,False,False,False,False
0.44673539518900346,0.39999999999999997,0.3723404255319148,0.3853107344632768,0.625,0.6666666666666667,0.9797979797979792,0.9500000000000028,0.0,0.0,0.0,0.47571679344645995,0.3058479532163743,0.24583866837387963,0.6249073387694588,0.0,0.574438202247191,0.0,0.0,0.5,1.0,0.6666666666666667,0.0,0.5714285714285714,0.0,0.96875,0.5,0.5345744680851063,0.0,0.0,0.0,0.0,0.0,0.0,0.0,0.36363636363636365,0.5,0.5032758620689656,True,False,False,False,True,True,False,False,False,True,False,False,True,False,False,False,False,True,False,False,False,False,False,False,False,False,False,False,False,False,False,False,False,False,False,False,False,False,False,False,True,False,False,False,False,True,False,False,False,False,False,False,False,True,False,False,False,False,False,False,False,False,False,False,False,False,False,True,False,False,True,False,False,False,False,True,False,False,False,False,False,False,False,False,False,False,True,False,False,False,False,False,False,False,False,False,False,False,False,False,True,False,False,False,False,False,False,False,False,False,False,False,True,False,False,True,False,False,False,False,True,False,True,False,False,False,False,True,False,False,False,False,False,True,False,False,True,False,False,False,False,False,False,True,False,False,False,False,False,True,True,False,False,False,False,False,False,False,False,True,False,False,False,False,True,False,True,False,False,False,False,False,False,True,False,False,True,False,False,True,False,False,False,False,False,False,True,False,False,False,False,False,True,False,False,False,False,True,False,True,False,False,True,False,False,False,True,True,False,False,False,False,False,False,False,False,False,False,True,False,False,False,True,False,0.3590238764044944,0.551686621590254,-0.02979797979797638,0.26728723404255317,0.41666666666666674,2025.020202020202,False,False,False,False,False,True,False,True,False,False
0.44742268041237115,0.5,0.3191489361702128,0.45755178907721283,0.25,0.33333333333333326,0.30303030303030454,0.0,0.0,0.0,0.0,0.44177881802223523,0.2719298245614035,0.20294494238156208,0.5596738324684951,0.0,0.50187265917603,0.5,0.0,0.0,0.0,1.0,0.0,0.5714285714285714,0.5,0.27083333333333215,0.0,0.18085106382978725,0.297029702970297,0.0,0.0,0.0,0.0,0.0,0.0,0.8181818181818182,0.75,0.16551724137931031,False,False,True,False,True,True,False,False,False,True,False,False,True,False,False,False,False,True,False,False,False,False,False,False,False,False,True,False,False,False,False,False,False,False,False,False,False,False,False,False,False,False,False,False,False,False,False,False,False,False,False,False,False,True,False,False,False,False,False,False,False,False,False,False,False,False,False,True,False,False,True,False,False,False,False,True,False,False,False,False,False,False,False,False,False,False,False,False,False,True,False,False,False,False,False,False,False,False,False,False,False,False,False,True,False,False,False,False,False,False,False,False,True,False,False,False,True,False,False,False,True,True,False,False,False,False,False,False,False,True,False,False,False,True,False,True,False,False,False,False,False,False,False,True,False,False,False,False,False,True,True,False,False,False,False,False,False,False,True,True,False,False,False,False,True,False,False,True,False,False,False,False,False,True,False,True,False,False,False,False,False,False,False,True,False,False,False,True,True,False,False,False,False,False,False,False,True,False,True,False,False,False,True,False,True,False,False,True,False,False,False,False,False,False,False,False,False,False,True,False,False,False,True,False,0.1254681647940075,0.4748747669429656,-0.30303030303030454,0.0,0.08333333333333331,2025.6969696969697,False,False,False,False,False,True,False,False,True,False
0.44810996563573885,0.39999999999999997,0.42553191489361697,0.43239171374764596,0.625,0.33333333333333326,0.8686868686868685,0.7666666666666657,0.0,0.0,0.0,0.5149210064365126,0.34502923976608185,0.3015364916773367,0.5982209043736101,0.0,0.598314606741573,0.0,0.0,0.5,1.0,0.3333333333333333,0.0,0.5714285714285714,0.5,0.8541666666666643,0.5,0.46808510638297873,0.0,0.7407407407407407,0.0,0.0,0.0,0.0,0.0,0.5454545454545454,0.75,0.4517241379310345,False,False,True,False,True,True,False,False,False,True,False,False,True,False,False,False,False,True,False,False,False,False,False,False,True,False,False,False,False,False,False,False,False,False,False,False,False,False,False,False,False,False,False,False,False,True,False,False,False,False,False,False,False,True,False,False,False,False,False,False,False,False,False,False,False,False,False,True,False,False,True,False,False,False,False,True,False,False,False,False,False,False,False,False,False,False,False,False,False,False,False,False,False,True,False,False,False,False,False,False,False,False,False,False,False,False,False,False,True,False,False,False,True,False,False,True,False,False,False,False,True,False,True,False,False,False,False,True,False,False,False,False,False,True,False,False,True,False,False,False,False,False,False,True,False,False,False,False,False,True,True,False,False,False,False,False,False,False,False,True,False,False,False,False,True,False,True,False,False,False,False,False,False,True,False,False,False,False,True,True,False,False,False,False,False,False,True,False,False,False,False,False,True,False,False,False,False,True,False,True,False,False,True,False,False,False,True,True,False,False,False,False,False,False,False,False,False,False,True,False,False,False,True,False,0.3739466292134831,0.6465657314434186,-0.10202020202020279,0.23404255319148937,0.2083333333333333,2025.1313131313132,False,False,False,False,False,False,True,True,False,False
0.4508591065292097,0.0,0.44680851063829785,0.5270809792843691,0.375,0.9999999999999998,0.4949494949494948,0.93333333333333,0.1276595744680851,0.4978381717109327,0.0,0.14452896430661205,0.44619883040935676,0.39372599231754163,0.0,0.0,0.28792134831460675,0.5,0.0,0.0,1.0,0.6666666666666667,0.0,0.28571428571428564,0.0,0.46875,0.0,0.20212765957446807,0.0,0.0,0.0,0.0,0.0,0.0,0.0,0.6363636363636364,0.5,0.29482758620689653,False,False,True,False,True,True,False,False,False,False,False,False,True,False,False,False,False,True,False,False,False,False,False,False,False,False,False,False,False,False,False,True,False,False,False,False,False,False,False,False,False,False,False,False,False,True,False,False,False,False,False,False,False,True,False,False,False,False,False,False,False,False,False,False,True,False,False,False,False,False,True,False,False,False,False,True,False,False,False,False,False,False,False,False,False,False,False,True,False,False,False,False,False,False,False,False,False,False,False,False,False,True,False,False,False,False,False,False,False,False,False,True,False,False,False,True,False,False,False,False,True,True,False,False,False,False,False,False,False,True,False,False,False,True,False,False,True,False,False,False,False,False,False,False,False,False,False,False,False,True,True,False,False,False,False,False,False,False,False,True,False,False,False,False,True,False,True,False,False,False,False,False,False,True,False,False,True,False,False,True,False,False,False,False,False,False,True,False,False,False,False,False,True,False,False,False,False,True,False,True,False,False,True,False,True,False,False,True,False,False,False,False,False,False,False,False,False,False,True,False,False,False,True,False,0.10797050561797752,0.8399248227268984,0.4383838383838352,0.0,0.3749999999999999,2025.5050505050506,False,False,False,False,False,False,False,False,True,False
0.45292096219931277,0.0,0.4787234042553191,0.5218079096045197,0.375,0.9999999999999998,0.5454545454545467,0.8166666666666629,0.0,0.39345274861025326,0.0,0.4967817437097718,0.6994152046783626,0.6709346991037131,0.0,0.0,0.49063670411985016,0.5,0.0,0.0,0.0,0.6666666666666667,0.0,0.5714285714285714,0.0,0.5625,0.5,0.4255319148936171,0.0,0.0,0.0,0.0,0.0,0.0,0.0,0.1818181818181818,0.75,0.36896551724137927,False,False,True,False,True,True,False,False,False,True,False,False,True,False,False,False,False,False,False,False,False,False,False,False,False,False,True,False,False,False,False,False,False,False,False,False,False,False,False,False,False,False,False,False,False,True,False,False,False,False,False,False,False,True,False,False,False,False,False,False,False,False,False,False,True,False,False,False,False,False,False,False,True,False,False,True,False,False,False,False,False,False,False,False,False,False,False,False,False,True,False,False,False,False,False,False,False,False,False,False,False,False,False,True,False,False,False,False,False,False,False,False,True,False,False,False,True,False,True,False,False,False,True,False,False,False,False,False,False,True,False,False,False,True,False,False,True,False,True,False,False,False,False,False,False,False,False,False,False,True,True,False,False,False,False,False,False,False,False,True,False,False,False,False,True,False,False,True,False,False,False,False,False,True,False,False,True,False,False,False,False,False,False,True,False,False,False,False,False,False,False,False,True,False,False,False,False,True,False,True,False,False,True,False,True,False,False,True,False,False,False,False,False,False,False,False,False,False,True,False,False,False,True,False,0.1839887640449438,1.3703499037820757,0.27121212121211613,0.21276595744680854,0.3749999999999999,2025.4545454545455,False,False,False,False,False,True,False,False,True,False
0.45704467353951894,0.39999999999999997,0.8085106382978723,0.6164971751412429,0.75,0.33333333333333326,0.9090909090909101,0.8333333333333357,0.09456264775413711,0.0,0.0,0.8227033352837917,0.6526315789473685,0.65044814340589,0.35730170496664193,0.0,0.701310861423221,0.0,0.0,0.5,1.0,0.6666666666666667,0.0,0.5714285714285714,0.5,0.8958333333333321,0.5,0.45744680851063835,0.46534653465346537,0.7654320987654321,0.0,0.0,0.0,0.0,0.0,0.9090909090909091,0.0,0.5879310344827586,False,False,True,False,True,True,False,False,False,False,False,False,True,False,False,False,False,False,False,False,False,False,False,False,False,False,False,True,False,False,False,False,False,False,False,False,False,False,False,False,False,False,False,False,False,True,False,False,False,False,False,False,False,True,False,False,False,False,False,False,False,False,False,False,False,False,False,True,False,False,True,False,False,False,False,True,False,False,False,False,False,False,False,False,False,False,False,False,False,False,False,False,False,True,False,False,False,False,False,False,False,False,False,False,False,False,False,False,True,False,False,True,False,False,False,True,False,False,False,False,True,False,True,False,False,False,False,True,False,False,False,False,False,True,False,False,True,False,False,False,False,False,False,True,False,False,False,False,False,True,True,False,False,False,False,False,False,False,False,True,False,False,False,False,True,False,True,False,False,False,False,False,False,True,False,False,False,False,True,True,False,False,False,False,False,False,True,False,False,False,False,False,True,False,False,False,False,True,False,True,False,False,True,False,False,False,True,True,False,False,False,False,False,False,False,False,False,False,True,False,False,False,True,False,0.5259831460674157,1.3030797223532584,-0.07575757575757436,0.22872340425531917,0.24999999999999994,2025.090909090909,False,False,False,False,False,False,True,False,False,True
0.45841924398625433,0.0,0.3723404255319148,0.3853107344632768,0.5,0.33333333333333326,0.8484848484848477,0.7999999999999972,0.6099290780141844,0.7029030265596048,0.0,0.15798712697483908,0.6538011695906434,0.7944942381562101,0.0,0.0,0.5809925093632959,0.5,0.0,0.5,0.0,0.6666666666666667,0.0,0.5714285714285714,0.5,0.8333333333333321,0.5,0.5518617021276596,0.5544554455445545,0.25925925925925924,0.0,0.0,0.0,0.0,0.0,0.8181818181818182,0.5,0.4603448275862069,False,False,True,False,True,True,False,False,False,True,False,False,True,False,False,False,False,True,False,False,False,False,False,False,False,False,False,False,False,False,False,False,False,False,False,False,False,False,False,True,False,False,False,False,False,True,False,False,False,False,False,False,False,True,False,False,False,False,False,False,False,False,False,False,True,False,False,False,False,False,True,False,False,False,False,True,False,False,False,False,False,False,False,False,False,False,False,True,False,False,False,False,False,False,False,False,False,False,False,False,False,True,False,False,False,False,False,False,False,False,False,True,False,False,False,False,True,False,False,False,True,False,True,False,False,False,False,True,False,False,False,False,False,True,False,False,True,False,False,True,False,False,False,False,False,False,False,False,False,True,True,False,False,False,False,False,False,False,False,True,False,False,False,False,True,False,True,False,False,False,False,False,False,True,True,False,False,False,False,True,False,False,False,False,False,False,True,False,False,False,False,False,True,False,False,False,False,True,False,True,False,False,True,False,False,False,True,True,False,False,False,False,False,False,False,False,False,False,True,False,False,False,True,False,0.29049625468164797,1.4482954077468535,-0.04848484848485057,0.2759308510638298,0.16666666666666663,2025.1515151515152,False,False,False,False,False,True,False,True,False,False
0.4604810996563574,0.39999999999999997,0.36170212765957444,0.4235781544256121,0.5,0.33333333333333326,0.9595959595959584,0.9166666666666643,0.0,0.11920938851142682,0.0,0.3188999414862493,0.26198830409356727,0.19206145966709348,0.5470719051148999,0.0,0.4859550561797753,0.5,0.0,0.5,1.0,0.6666666666666667,0.0,0.5714285714285714,0.0,0.9479166666666643,0.5,0.5053191489361702,0.24752475247524752,0.21604938271604937,0.0,0.0,0.0,0.0,0.0,0.09090909090909091,0.75,0.39137931034482765,False,False,True,False,True,True,False,False,False,True,False,False,True,False,False,True,False,False,False,False,False,False,False,False,True,False,False,False,False,False,False,False,False,False,False,False,False,False,False,False,False,False,False,False,False,True,False,False,False,False,False,False,False,True,False,False,False,False,False,False,False,False,False,False,False,False,False,True,False,False,True,False,False,False,False,True,False,False,False,False,False,False,False,False,False,False,False,False,False,False,False,False,False,True,False,False,False,False,False,False,False,False,False,False,False,False,False,False,True,False,False,False,True,False,False,True,False,False,False,False,True,False,True,False,False,False,False,True,False,False,False,False,False,True,False,False,True,False,False,True,False,False,False,False,False,False,False,False,False,True,True,False,False,False,False,False,False,False,False,True,False,False,False,False,True,False,True,False,False,False,False,False,False,True,False,False,True,False,False,True,False,False,False,False,False,False,False,False,False,False,False,False,True,False,False,False,False,True,False,True,False,False,True,False,False,False,True,True,False,False,False,False,False,False,False,False,False,False,True,False,False,False,True,False,0.24297752808988765,0.45404976376066075,-0.04292929292929415,0.2526595744680851,0.16666666666666663,2025.0404040404042,False,False,False,False,False,True,False,True,False,False
0.4611683848797251,0.5,0.25531914893617014,0.27261770244821093,0.5,0.6666666666666667,0.15151515151515227,0.0,0.0,0.34033353922174187,0.0,0.07080163838502049,0.22339181286549709,0.16581306017925734,0.4981467753891772,0.0,0.43586142322097376,0.5,0.0,0.5,0.0,0.6666666666666667,0.0,0.42857142857142855,0.0,0.1666666666666643,0.0,0.18617021276595744,0.36386138613861385,0.0,0.0,0.0,0.0,0.0,0.0,0.5454545454545454,0.75,0.1503448275862069,False,True,False,False,True,True,False,False,False,True,False,False,True,False,False,False,False,True,False,False,False,False,False,False,False,False,True,False,False,False,False,False,False,False,False,False,False,False,False,False,False,False,False,False,False,False,False,False,False,False,False,False,False,True,False,False,False,False,False,False,False,False,False,False,False,False,False,True,False,False,False,True,False,False,False,True,False,False,False,False,False,False,False,False,False,False,False,False,False,False,False,False,False,False,True,False,False,False,False,False,False,False,False,False,False,False,False,False,False,True,False,False,True,False,False,False,True,False,True,False,False,False,False,False,False,False,False,False,False,True,False,False,False,True,False,False,True,False,True,False,False,False,False,False,False,False,False,False,False,True,True,False,False,False,False,False,False,False,True,False,False,False,False,False,True,False,False,True,False,False,False,False,False,True,False,False,True,False,False,False,False,False,False,True,False,False,False,True,False,False,False,False,True,False,False,False,False,True,False,True,False,False,True,False,False,False,True,True,False,False,False,False,False,False,False,False,False,False,True,False,False,False,True,False,0.21793071161048688,0.38920487304475443,-0.15151515151515227,0.0,0.33333333333333337,2025.8484848484848,False,False,False,False,True,False,False,False,False,False
0.4694158075601375,0.0,0.6382978723404255,0.6205649717514125,0.875,0.33333333333333326,0.9292929292929308,0.8666666666666671,0.508274231678487,0.654107473749228,0.0,0.3317729666471621,0.7812865497076025,0.7874519846350831,0.0,0.0,0.5758426966292135,0.5,0.0,0.5,0.0,0.6666666666666667,0.0,0.5714285714285714,0.5,0.9166666666666643,1.0,0.7207446808510638,0.6361386138613861,0.2777777777777778,0.0,0.0,0.0,0.0,0.0,0.5454545454545454,0.25,0.7758620689655172,False,False,True,False,True,True,False,False,False,False,False,False,True,False,False,False,False,False,False,False,False,False,False,False,True,False,False,False,False,False,False,False,False,False,False,False,False,False,False,False,False,False,False,False,False,True,False,False,False,False,False,False,False,True,False,False,False,False,False,False,False,False,False,False,True,False,False,False,False,False,False,False,True,False,False,True,False,False,False,False,False,False,False,False,False,False,False,False,False,False,False,False,False,True,False,False,False,False,False,False,False,False,False,False,False,False,False,False,True,False,False,False,False,True,False,True,False,False,False,False,True,False,True,False,False,False,False,True,False,False,False,False,False,True,False,False,False,False,False,True,False,False,False,False,False,False,False,False,False,True,True,False,False,False,False,False,False,False,False,True,False,False,False,False,True,False,True,False,False,False,False,False,False,True,False,False,False,False,True,True,False,False,False,False,False,False,False,False,False,False,False,False,True,False,False,False,False,True,False,True,False,False,True,False,False,False,True,True,False,False,False,False,False,False,False,False,False,False,True,False,False,False,True,False,0.5038623595505618,1.5687385343426856,-0.0626262626262637,0.7207446808510638,0.29166666666666663,2025.0707070707072,False,False,False,False,False,True,False,False,False,True
0.4714776632302406,0.39999999999999997,0.5744680851063829,0.5421468926553672,0.625,0.6666666666666667,0.9797979797979792,0.9500000000000028,0.0,0.0,0.0,0.5114101813926273,0.3415204678362573,0.27912932138284247,0.6575240919199407,0.0,0.6193820224719101,0.0,0.0,1.0,0.0,0.6666666666666667,0.0,0.5714285714285714,0.0,0.96875,0.5,0.5558510638297872,0.3564356435643564,0.6481481481481481,0.0,0.0,0.0,0.0,0.0,0.6363636363636364,0.25,0.5788793103448276,True,False,False,False,True,True,False,False,False,True,False,False,True,False,False,False,False,True,False,False,False,False,False,False,False,False,False,False,False,False,False,False,False,False,False,False,False,False,False,False,True,False,False,False,False,True,False,False,False,False,False,False,False,True,False,False,False,False,False,False,False,False,False,False,False,False,False,True,False,False,True,False,False,False,False,True,False,False,False,False,False,False,False,False,False,False,False,False,False,False,False,False,False,True,False,False,False,False,False,False,False,False,False,False,False,False,False,False,True,False,False,False,True,False,False,True,False,False,False,False,True,False,True,False,False,False,False,True,False,False,False,False,False,True,False,False,True,False,False,False,False,False,False,True,False,False,False,False,False,True,True,False,False,False,False,False,False,False,False,True,False,False,False,False,True,False,True,False,False,False,False,False,False,True,False,False,True,False,False,True,False,False,False,False,False,False,False,False,False,False,False,False,True,False,False,False,False,True,False,True,False,False,True,False,False,False,True,True,False,False,False,False,False,False,False,False,True,False,False,False,False,False,False,True,0.3871137640449438,0.6206497892190997,-0.02979797979797638,0.2779255319148936,0.41666666666666674,2025.020202020202,False,False,False,False,False,False,True,False,True,False
0.4735395189003437,1.0,0.32978723404255317,0.344030131826742,0.5,0.33333333333333326,0.9595959595959584,0.93333333333333,0.6052009456264775,0.012353304508956147,0.0,0.7852545348156817,0.6269005847953217,0.5915492957746478,0.0,0.0,0.4325842696629214,0.0,0.0,0.5,0.0,0.3333333333333333,0.0,0.42857142857142855,0.5,0.9479166666666643,0.5,0.39893617021276595,0.4752475247524752,0.1728395061728395,0.0,0.0,0.0,0.0,0.0,0.4545454545454545,0.25,0.46448275862068966,False,False,True,False,True,True,False,False,False,False,False,False,True,False,False,False,False,False,False,False,False,False,False,False,False,False,False,False,False,False,False,False,False,False,False,True,False,False,False,False,False,False,False,False,False,True,False,False,False,False,False,False,False,True,False,False,False,False,False,False,False,False,True,False,True,False,False,False,False,False,True,False,False,False,False,True,False,False,False,False,False,False,False,False,False,False,False,False,False,False,False,False,False,True,False,False,False,False,False,False,False,False,False,False,False,False,False,False,True,False,False,False,False,True,False,True,False,False,False,False,True,False,True,False,False,False,False,True,False,False,False,False,False,True,False,False,False,False,False,False,False,False,False,False,False,False,False,False,False,True,True,False,False,False,False,False,False,False,False,True,False,False,False,False,True,False,True,False,False,False,False,False,False,True,False,True,False,False,False,True,False,False,False,False,False,False,True,False,False,False,False,False,True,False,False,False,False,True,False,True,False,False,True,False,False,False,True,True,False,False,False,False,False,False,False,False,False,False,True,False,False,False,True,False,0.2162921348314607,1.2184498805699695,-0.02626262626262843,0.19946808510638298,0.16666666666666663,2025.0404040404042,False,False,False,False,True,False,False,False,False,False
0.47697594501718216,0.3,0.22340425531914887,0.23427495291902073,0.375,0.6666666666666667,0.262626262626263,0.0,0.0,0.0,0.0,0.5424224692802809,0.37251461988304096,0.4026888604353393,0.34988880652335064,0.0,0.5154494382022472,0.0,0.0,0.0,1.0,0.6666666666666667,0.0,0.28571428571428564,0.0,0.84375,0.5,0.5531914893617021,0.27722772277227725,0.0,0.0,0.0,0.0,0.0,0.0,0.2727272727272727,0.75,0.28103448275862064,False,False,False,True,True,True,False,False,False,True,False,False,True,False,False,False,False,False,False,False,False,False,True,False,False,False,False,False,False,False,False,False,False,False,False,False,False,False,False,False,False,False,False,False,False,True,False,False,False,False,False,False,False,True,False,False,False,False,False,False,False,False,False,False,False,False,False,False,False,False,True,False,False,False,False,True,False,False,False,False,False,False,False,False,False,False,False,False,False,False,False,False,False,False,True,False,False,False,False,False,False,False,False,False,False,False,False,False,False,True,False,False,True,False,False,False,True,True,False,False,False,False,False,False,False,False,False,False,False,True,False,False,False,True,False,False,True,False,False,False,False,False,False,True,False,False,False,False,False,True,True,False,False,False,False,False,False,False,True,True,False,False,False,False,True,False,False,True,False,False,False,False,False,True,False,False,True,False,False,False,False,False,False,True,False,False,False,True,False,False,False,False,True,False,False,False,False,True,False,True,False,False,True,False,True,False,False,True,False,False,False,False,False,False,False,False,False,False,True,False,False,False,True,False,0.1932935393258427,0.7752034803183803,-0.262626262626263,0.2765957446808511,0.25,2025.7373737373737,False,False,False,False,False,True,False,False,False,False
0.48041237113402063,1.0,0.3085106382978723,0.09581920903954805,0.625,0.33333333333333326,0.9494949494949516,0.8999999999999986,0.0,0.009882643607164917,0.0,0.8045640725570509,0.643859649122807,0.6101152368758003,0.0,0.0,0.44616104868913853,0.0,0.0,0.5,0.0,0.3333333333333333,0.0,0.28571428571428564,0.0,0.9375,0.5,0.4920212765957447,0.38613861386138615,0.9753086419753085,0.0,0.0,0.0,0.0,0.0,0.5454545454545454,0.5,0.46896551724137936,True,False,False,False,True,False,True,True,False,False,False,False,True,False,False,False,False,True,False,False,False,False,False,False,False,False,False,False,False,False,False,False,False,False,False,False,False,False,False,False,True,False,False,False,False,True,False,False,False,False,False,False,False,True,False,False,False,False,False,False,False,False,True,False,True,False,False,False,False,False,True,False,False,False,False,True,False,False,False,False,False,False,False,False,False,False,False,False,False,True,False,False,False,False,False,False,False,False,False,False,False,False,False,True,False,False,False,False,False,False,False,False,True,False,False,True,False,False,False,False,True,False,True,False,False,False,False,True,False,False,False,False,False,True,False,True,False,False,False,True,False,False,False,False,False,False,False,False,False,True,True,False,False,False,False,False,False,False,False,True,False,False,False,False,True,False,True,False,False,False,False,False,False,True,False,False,True,False,False,True,False,False,False,False,False,False,True,False,False,False,False,False,True,False,False,False,False,True,False,True,False,False,True,False,False,False,True,True,False,False,False,False,False,False,False,False,False,False,True,False,False,False,True,False,0.2788506554307116,1.2539748859986073,-0.04949494949495303,0.24601063829787234,0.2083333333333333,2025.050505050505,False,False,False,False,True,False,False,False,False,False
0.4817869415807561,0.0,0.5319148936170213,0.49642184557438795,0.625,0.33333333333333326,0.5959595959595951,0.3166666666666629,0.3971631205673759,0.0,0.0,0.6811000585137508,0.5111111111111111,0.4647887323943662,0.0,0.0,0.3398876404494382,0.0,0.0,0.0,1.0,0.6666666666666667,0.0,0.42857142857142855,0.0,0.5729166666666643,0.5,0.4893617021276596,0.0,0.0,0.0,0.0,0.0,0.0,0.0,0.5454545454545454,0.0,0.27586206896551724,False,False,True,False,True,True,False,False,False,True,False,False,True,False,False,False,False,True,False,False,False,False,False,False,False,False,False,False,False,False,False,False,False,True,False,False,False,False,False,False,False,False,False,False,False,True,False,False,False,False,False,False,False,True,False,False,False,False,False,False,False,False,False,False,True,False,False,False,False,False,False,False,True,False,False,True,False,False,False,False,False,False,False,False,False,False,False,True,False,False,False,False,False,False,False,False,False,False,False,False,False,True,False,False,False,False,False,False,False,False,False,True,False,False,False,False,True,False,False,False,True,True,False,False,False,False,False,False,False,True,False,False,False,True,False,False,True,False,False,False,False,False,False,True,False,False,False,False,False,True,True,False,False,False,False,False,False,False,True,True,False,False,False,False,True,False,False,True,False,False,False,False,False,True,False,False,True,False,False,True,False,False,False,False,False,False,False,True,False,False,False,False,True,False,False,False,False,True,False,True,False,False,True,False,False,False,True,True,False,False,False,False,False,False,False,False,False,False,False,False,False,False,True,False,0.21242977528089887,0.9758998435054773,-0.27929292929293226,0.2446808510638298,0.2083333333333333,2025.4040404040404,False,False,False,False,True,False,False,False,True,False
0.48591065292096225,1.0,0.1914893617021276,0.2433145009416196,0.75,0.33333333333333326,0.9696969696969688,0.93333333333333,0.4160756501182033,0.5330450895614577,0.0,0.26974839087185487,0.6046783625730994,0.5672215108834826,0.0,0.0,0.41479400749063666,0.5,0.0,0.5,0.0,0.3333333333333333,0.0,0.42857142857142855,0.5,0.9583333333333321,0.5,0.5186170212765957,0.4752475247524752,0.2345679012345679,0.0,0.0,0.0,0.0,0.0,0.9999999999999999,0.75,0.6689655172413793,False,False,True,False,True,True,False,False,False,True,False,False,True,False,False,False,False,True,False,False,False,False,False,False,False,False,False,False,False,False,False,False,False,False,False,True,False,False,False,False,False,False,False,False,False,True,False,False,False,False,False,False,False,True,False,False,False,False,False,False,False,False,True,False,True,False,False,False,False,False,False,False,True,False,False,True,False,False,False,False,False,False,False,False,False,False,False,False,False,True,False,False,False,False,False,False,False,False,False,False,False,False,False,True,False,False,False,False,False,False,False,True,False,False,False,True,False,False,False,False,True,False,True,False,False,False,False,True,False,False,False,False,False,True,False,False,True,False,False,True,False,False,False,False,False,False,False,False,False,True,True,False,False,False,False,False,False,False,False,True,False,False,False,False,True,False,True,False,False,False,False,False,False,True,False,True,False,False,False,True,False,False,False,False,False,False,False,False,False,False,False,False,True,False,False,False,False,True,False,True,False,False,True,False,False,False,True,True,False,False,False,False,False,False,False,False,False,False,True,False,False,False,True,False,0.3110955056179775,1.171899873456582,-0.03636363636363882,0.25930851063829785,0.24999999999999994,2025.030303030303,False,False,False,False,True,False,False,False,False,False
0.48659793814432994,0.39999999999999997,0.3723404255319148,0.4525800376647834,0.625,0.33333333333333326,0.9797979797979792,0.9500000000000028,0.0,0.0,0.0,0.42598010532475133,0.256140350877193,0.18565941101152367,0.5396590066716086,0.0,0.47659176029962547,0.0,0.0,0.5,1.0,0.6666666666666667,0.0,0.7142857142857142,0.5,0.96875,0.5,0.3191489361702128,0.24752475247524752,0.14814814814814814,0.0,0.0,0.0,0.0,0.0,0.5454545454545454,0.25,0.41220689655172416,False,False,True,False,True,True,False,False,False,False,False,False,True,False,False,False,False,True,False,False,False,False,False,False,False,False,False,True,False,False,False,False,False,False,False,False,False,False,False,False,False,False,False,False,False,True,False,False,False,False,False,False,False,True,False,False,False,False,False,False,False,False,False,False,False,False,False,True,False,False,False,False,True,False,False,True,False,False,False,False,False,False,False,False,False,False,False,False,False,False,False,False,False,True,False,False,False,False,False,False,False,False,False,False,False,False,False,False,True,False,False,False,True,False,False,True,False,False,False,False,True,False,True,False,False,False,False,True,False,False,False,False,False,True,False,False,False,False,False,False,False,False,False,True,False,False,False,False,False,True,True,False,False,False,False,False,False,False,False,True,False,False,False,False,True,False,True,False,False,False,False,False,False,True,False,True,False,False,False,True,False,False,False,False,False,False,False,False,False,False,False,False,True,False,False,False,False,True,False,True,False,False,True,False,False,False,True,True,False,False,False,False,False,False,False,False,True,False,False,False,False,False,False,True,0.2978698501872659,0.44179976188871667,-0.02979797979797638,0.1595744680851064,0.2083333333333333,2025.020202020202,False,False,False,False,True,False,False,True,False,False
0.4893470790378007,1.0,0.10638297872340424,0.12512241054613937,0.75,0.33333333333333326,0.787878787878789,0.6499999999999986,0.0,0.47374922791846824,0.0,0.26974839087185487,0.5485380116959064,0.5057618437900129,0.0,0.0,0.36985018726591756,0.5,0.0,0.5,0.0,0.3333333333333333,0.0,0.28571428571428564,0.5,0.7708333333333321,0.5,0.4148936170212766,0.4158415841584158,0.7407407407407407,0.0,0.0,0.0,0.0,0.0,0.8181818181818182,0.5,0.44482758620689655,False,False,True,False,True,True,False,False,False,False,True,False,False,False,False,False,False,True,False,False,False,False,False,False,False,False,False,False,False,False,False,False,False,False,False,False,False,False,False,False,False,True,False,False,False,True,False,False,False,False,False,False,False,True,False,False,False,False,False,False,False,False,True,False,True,False,False,False,False,False,True,False,False,False,False,True,False,False,False,False,False,False,False,False,False,False,False,True,False,False,False,False,False,False,False,False,False,False,False,False,False,True,False,False,False,False,False,False,False,False,False,False,True,False,False,True,False,False,False,False,True,False,True,False,False,False,False,True,False,False,False,False,False,True,False,True,False,False,False,True,False,False,False,False,False,False,False,False,False,True,True,False,False,False,False,False,True,False,False,True,False,False,False,False,True,False,True,False,False,False,False,False,False,True,False,True,False,False,False,True,False,False,False,False,False,False,False,False,False,False,False,False,True,False,False,False,False,True,False,True,False,False,True,False,False,False,True,True,False,False,False,False,False,False,False,False,False,False,True,False,False,False,True,False,0.2773876404494382,1.0542998554859193,-0.13787878787879038,0.2074468085106383,0.24999999999999994,2025.2121212121212,False,False,False,False,True,False,False,False,False,False
0.4914089347079038,0.0,0.5106382978723404,0.5370998116760829,0.5,0.33333333333333326,0.6464646464646471,0.3999999999999986,0.41134751773049644,0.0,0.0,0.6225863077823288,0.45263157894736844,0.5838668373879641,0.0,0.0,0.4269662921348315,0.0,0.0,0.5,0.0,0.6666666666666667,0.0,0.5714285714285714,0.5,0.625,0.5,0.4228723404255319,0.0,0.0,0.0,0.0,0.0,0.0,0.0,0.6363636363636364,0.75,0.36206896551724144,False,False,True,False,True,True,False,False,False,True,False,False,True,False,False,False,False,True,False,False,False,False,False,False,False,False,False,False,False,False,False,False,False,True,False,False,False,False,False,False,False,False,False,False,False,True,False,False,False,False,False,False,False,True,False,False,False,False,False,False,False,False,False,False,True,False,False,False,False,False,False,False,True,False,False,True,False,False,False,False,False,False,False,False,False,False,False,True,False,False,False,False,False,False,False,False,False,False,False,False,False,True,False,False,False,False,False,False,False,False,False,True,False,False,False,False,True,False,False,False,True,True,False,False,False,False,False,True,False,False,False,False,False,True,False,False,True,False,False,False,False,False,False,True,False,False,False,False,False,True,True,False,False,False,False,False,False,False,True,True,False,False,False,False,True,False,False,True,False,False,False,False,False,True,False,False,False,False,True,True,False,False,False,False,False,False,True,False,False,False,False,False,True,False,False,False,False,True,False,True,False,False,True,False,True,False,False,True,False,False,False,False,False,False,False,False,False,False,True,False,False,False,True,False,0.21348314606741575,1.0364984163353326,-0.2464646464646485,0.21143617021276595,0.16666666666666663,2025.3535353535353,False,False,False,False,True,False,False,False,True,False
0.4941580756013746,0.0,0.4148936170212766,0.5205273069679849,0.375,0.6666666666666667,0.5959595959595951,0.3166666666666629,0.0,0.3230389129092032,0.0,0.26214160327677005,0.3982456140350878,0.34122919334186935,0.0,0.0,0.24953183520599254,0.0,0.0,0.0,1.0,0.6666666666666667,0.0,0.28571428571428564,0.5,0.5729166666666643,0.0,0.18617021276595744,0.0,0.0,0.0,0.0,0.0,0.0,0.0,0.36363636363636365,0.0,0.23620689655172414,False,False,True,False,True,True,False,False,False,False,False,False,True,False,False,False,False,True,False,False,False,False,False,False,True,False,False,False,False,False,False,False,False,False,False,False,False,False,False,False,False,False,False,False,False,True,False,False,False,False,False,False,False,True,False,False,False,False,False,False,False,False,False,False,True,False,False,False,False,False,True,False,False,False,False,True,False,False,False,False,False,False,False,False,False,False,False,True,False,False,False,False,False,False,False,False,False,False,False,False,False,False,False,False,False,True,False,False,False,False,False,False,True,False,False,False,True,False,False,False,True,True,False,False,False,False,False,True,False,False,False,False,False,True,True,False,False,False,False,False,False,False,False,False,False,False,False,False,False,True,True,False,False,False,False,False,False,False,True,True,False,False,False,False,True,False,False,True,False,False,False,False,False,True,False,False,False,True,False,True,False,False,False,False,False,False,False,True,False,False,False,False,True,False,False,False,False,True,False,True,False,False,True,False,False,False,True,True,False,False,False,False,False,False,False,False,False,False,True,False,False,False,True,False,0.0935744382022472,0.7394748073769571,-0.27929292929293226,0.0,0.25,2025.4040404040404,False,False,False,False,False,False,False,False,True,False
0.4962199312714777,0.0,0.42553191489361697,0.38493408662900186,0.25,0.9999999999999998,0.6060606060606055,0.3333333333333357,0.0,0.1179740580605312,0.0,0.3937975424224693,0.33567251461988307,0.27272727272727276,0.0,0.0,0.199438202247191,0.0,0.0,0.0,0.0,0.6666666666666667,0.0,0.28571428571428564,0.0,0.8333333333333321,0.5,0.40292553191489366,0.0,0.0,0.0,0.0,0.0,0.0,0.0,0.5454545454545454,0.75,0.22241379310344825,False,False,True,False,True,True,False,False,False,True,False,False,True,False,False,False,False,True,False,False,False,False,False,False,False,False,False,False,False,False,False,True,False,False,False,False,False,False,False,False,False,False,False,False,False,True,False,False,False,False,False,False,False,True,False,False,False,False,False,False,False,False,False,False,True,False,False,False,False,False,True,False,False,False,False,True,False,False,False,False,False,False,False,False,False,False,False,False,False,True,False,False,False,False,False,False,False,False,False,False,False,False,False,True,False,False,False,False,False,False,False,False,True,False,False,False,True,False,True,False,False,True,False,False,False,False,False,False,False,True,False,False,False,True,False,False,True,False,False,False,False,False,False,False,False,False,False,False,False,True,True,False,False,False,False,False,False,False,False,True,False,False,False,False,True,False,False,True,False,False,False,False,False,True,False,False,True,False,False,False,False,False,False,True,False,False,False,True,False,False,False,False,True,False,False,False,False,True,False,True,False,False,True,False,False,False,True,True,False,False,False,False,False,False,False,False,False,False,True,False,False,False,True,False,0.04985955056179775,0.6083997873471558,-0.2727272727272698,0.20146276595744683,0.24999999999999994,2025.3939393939395,False,False,False,False,False,False,False,True,False,False
0.4975945017182131,0.0,0.5957446808510638,0.7740866290018832,0.875,0.33333333333333326,0.9797979797979792,0.9666666666666686,0.8037825059101654,0.7621988882025943,0.0,0.27150380339379754,0.8233918128654971,0.8066581306017926,0.0,0.0,0.5898876404494382,0.5,0.0,0.5,0.0,0.6666666666666667,0.0,0.7142857142857142,0.5,0.96875,1.0,0.8085106382978723,0.8094059405940595,0.3950617283950617,0.0,0.0,0.0,0.0,0.0,0.09090909090909091,0.75,0.896551724137931,False,False,True,False,True,True,False,False,False,False,False,False,True,False,False,False,False,True,False,False,False,False,False,False,False,False,True,False,False,False,False,False,False,False,False,False,False,False,False,False,False,False,False,False,False,True,False,False,False,False,False,False,False,True,False,False,False,False,False,False,False,False,False,False,True,False,False,False,False,False,False,False,True,False,False,True,False,False,False,False,False,False,False,False,False,False,True,False,False,False,False,False,False,False,False,False,False,False,False,False,True,False,False,False,False,False,False,False,False,False,False,False,False,True,False,False,False,False,False,False,True,False,True,False,False,False,False,False,False,False,False,False,False,True,False,False,True,False,False,True,False,False,False,False,False,False,False,False,False,True,True,False,False,False,False,False,False,False,False,True,False,False,False,False,True,False,False,False,False,False,False,False,False,True,False,True,False,False,False,True,False,False,False,False,False,False,False,False,False,False,False,False,True,False,False,False,False,True,False,True,False,False,True,False,False,False,True,True,False,False,False,False,False,False,False,False,False,False,True,False,False,False,True,False,0.5161516853932584,1.6300499434672897,-0.013131313131310662,0.8085106382978723,0.29166666666666663,2025.020202020202,False,False,False,False,False,False,True,False,False,True
0.49965635738831615,0.0,0.36170212765957444,0.32421845574387953,0.625,0.33333333333333326,0.9797979797979792,0.9500000000000028,0.1938534278959811,0.4471896232242125,0.0,0.2972498537156232,0.5508771929824561,0.5083226632522406,0.0,0.0,0.37172284644194753,0.5,0.0,0.5,0.0,0.3333333333333333,0.0,0.42857142857142855,0.0,0.96875,0.5,0.6276595744680851,0.32673267326732675,0.0,0.0,0.0,0.0,0.0,0.0,0.09090909090909091,0.75,0.46379310344827585,False,False,True,False,True,True,False,False,False,True,False,False,True,False,False,False,False,True,False,False,False,False,False,False,True,False,False,False,False,False,False,False,False,False,False,False,False,False,False,False,False,False,False,False,False,True,False,False,False,False,False,False,False,True,False,False,False,False,False,False,False,False,False,False,True,False,False,False,False,False,True,False,False,False,False,True,False,False,False,False,False,False,False,False,False,False,False,False,False,False,False,False,False,True,False,False,False,False,False,False,False,False,False,False,False,False,False,False,True,False,False,False,False,True,False,True,False,False,False,False,True,False,True,False,False,False,False,True,False,False,False,False,False,True,False,False,False,False,False,True,False,False,False,False,False,False,False,False,False,True,True,False,False,False,False,False,False,False,False,True,False,False,False,False,True,False,True,False,False,False,False,False,False,True,False,False,True,False,False,True,False,False,False,False,False,False,True,False,False,False,False,False,True,False,False,False,False,True,False,True,False,False,True,False,False,False,True,True,False,False,False,False,False,False,False,False,False,False,True,False,False,False,True,False,0.2323267790262172,1.0591998562346967,-0.02979797979797638,0.31382978723404253,0.2083333333333333,2025.020202020202,False,False,False,False,True,False,False,False,False,False
0.5017182130584192,1.0,0.0957446808510638,0.1792090395480226,0.75,0.33333333333333326,0.8585858585858581,0.7666666666666657,0.0,0.7288449660284126,0.0,0.24283206553540082,0.763157894736842,0.7541613316261204,0.0,0.0,0.5514981273408239,0.5,0.0,0.5,0.0,0.3333333333333333,0.0,0.28571428571428564,0.5,0.84375,0.5,0.5957446808510638,0.5866336633663366,0.9382716049382716,0.0,0.0,0.0,0.0,0.0,0.1818181818181818,1.0,0.6086206896551725,False,False,True,False,True,True,False,False,False,False,False,False,True,False,False,False,False,True,False,False,False,False,False,False,False,False,False,False,False,False,False,False,False,False,False,False,False,False,False,False,False,True,False,False,False,True,False,False,False,False,False,False,False,True,False,False,False,False,False,False,False,False,True,False,True,False,False,False,False,False,True,False,False,False,False,True,False,False,False,False,False,False,False,False,False,False,True,False,False,False,False,False,False,False,False,False,False,False,False,False,True,False,False,False,False,False,False,False,False,False,False,False,True,False,False,True,False,False,False,False,True,False,True,False,False,False,False,True,False,False,False,False,False,True,False,False,True,False,False,True,False,False,False,False,False,False,False,False,False,True,True,False,False,False,False,False,False,False,False,True,False,False,False,False,True,False,True,False,False,False,False,False,False,True,False,False,False,False,True,True,False,False,False,False,False,False,True,False,False,False,False,False,True,False,False,False,False,True,False,True,False,False,True,False,False,False,True,True,False,False,False,False,False,False,False,False,False,False,True,False,False,False,True,False,0.41362359550561795,1.5173192263629625,-0.0919191919191924,0.2978723404255319,0.24999999999999994,2025.141414141414,False,False,False,False,False,True,False,False,False,False
0.5030927835051546,0.39999999999999997,0.4787234042553191,0.632316384180791,0.625,0.33333333333333326,0.8888888888888893,0.8166666666666629,0.4775413711583924,0.15565163681284744,0.0,0.5272088940901112,0.5046783625730995,0.45774647887323944,0.6508524833209784,0.0,0.7457865168539326,0.0,0.0,0.5,1.0,0.6666666666666667,0.0,0.7142857142857142,0.5,0.875,0.5,0.5066489361702128,0.4752475247524752,0.5185185185185185,0.0,0.0,0.0,0.0,0.0,0.5454545454545454,0.5,0.5603448275862069,False,False,True,False,True,True,False,False,False,False,False,False,True,False,False,False,False,True,False,False,False,False,False,False,True,False,False,False,False,False,False,False,False,False,False,False,False,False,False,False,False,False,False,False,False,True,False,False,False,False,False,False,False,True,False,False,False,False,False,False,False,False,False,False,False,False,False,True,False,False,True,False,False,False,False,True,False,False,False,False,False,False,False,False,False,False,False,False,False,False,False,False,False,True,False,False,False,False,False,False,False,False,False,False,False,False,False,False,True,False,False,True,False,False,False,True,False,False,False,False,True,False,True,False,False,False,False,True,False,False,False,False,False,True,False,False,False,False,False,False,False,False,False,False,False,False,False,False,False,True,True,False,False,False,False,False,False,False,False,True,False,False,False,False,True,False,True,False,False,False,False,False,False,True,False,False,False,False,True,True,False,False,False,False,False,False,False,False,False,False,False,False,True,False,False,False,False,True,False,True,False,False,True,False,False,False,True,True,False,False,False,False,False,False,False,False,False,False,True,False,False,False,True,False,0.4661165730337079,0.962424841446339,-0.0722222222222264,0.2533244680851064,0.2083333333333333,2025.111111111111,False,False,False,False,False,False,True,False,False,True
0.5065292096219932,0.39999999999999997,0.44680851063829785,0.5614312617702448,0.75,0.33333333333333326,0.9595959595959584,0.9166666666666643,0.0,0.0,0.0,0.5225277940315974,0.35263157894736846,0.2964148527528809,0.6671608598962194,0.0,0.6381086142322098,0.0,0.0,0.5,1.0,0.6666666666666667,0.0,0.7142857142857142,0.5,0.9479166666666643,1.0,0.851063829787234,0.0,0.7160493827160493,0.0,0.0,0.0,0.0,0.0,0.4545454545454545,0.0,0.6203448275862069,False,False,True,False,True,True,False,False,False,False,True,False,False,False,True,False,False,False,False,False,False,False,False,False,False,False,False,True,False,False,False,False,False,False,False,False,False,False,False,False,False,False,False,False,False,True,False,False,False,False,False,False,False,True,False,False,False,False,False,False,False,False,False,False,False,False,False,True,False,False,True,False,False,False,False,True,False,False,False,False,False,False,False,False,False,False,False,False,False,False,False,False,False,True,False,False,False,False,False,False,False,False,False,False,False,False,False,False,True,False,False,False,True,False,False,True,False,False,False,False,True,False,True,False,False,False,False,True,False,False,False,False,False,True,False,False,True,False,False,False,False,False,False,True,False,False,False,False,False,True,True,False,False,False,False,False,False,False,False,True,False,False,False,False,True,False,True,False,False,False,False,False,False,True,False,True,False,False,False,True,False,False,False,False,False,False,False,False,False,False,False,False,True,False,False,False,False,True,False,True,False,False,True,False,False,False,True,True,False,False,False,False,False,False,False,False,False,False,True,False,False,False,True,False,0.4785814606741573,0.6490464317002493,-0.04292929292929415,0.851063829787234,0.24999999999999994,2025.0404040404042,False,False,False,False,False,False,True,False,True,False
0.5079037800687286,0.39999999999999997,0.3723404255319148,0.47480225988700564,0.625,0.33333333333333326,0.9494949494949516,0.8999999999999986,0.0,0.0,0.0,0.5055588063194851,0.33567251461988307,0.27272727272727276,0.6404744255003706,0.0,0.6039325842696629,0.0,0.0,0.5,1.0,0.6666666666666667,0.0,0.5714285714285714,0.0,0.9375,0.5,0.5478723404255319,0.4628712871287129,0.345679012345679,0.0,0.0,0.0,0.0,0.0,0.2727272727272727,0.75,0.4482758620689655,False,False,True,False,True,True,False,False,False,False,False,False,True,False,False,False,False,True,False,False,False,False,False,False,True,False,False,False,False,False,False,False,False,False,False,False,False,False,False,False,False,False,False,False,False,True,False,False,False,False,False,False,False,True,False,False,False,False,False,False,False,False,False,False,False,False,False,True,False,False,True,False,False,False,False,True,False,False,False,False,False,False,False,False,False,False,False,False,False,False,False,False,False,True,False,False,False,False,False,False,False,False,False,False,False,False,False,False,True,False,False,False,True,False,False,True,False,False,False,False,True,False,True,False,False,False,False,True,False,False,False,False,False,True,False,False,True,False,False,False,False,False,False,True,False,False,False,False,False,True,True,False,False,False,False,False,False,False,False,True,False,False,False,False,True,False,True,False,False,False,False,False,False,True,False,False,True,False,False,True,False,False,False,False,False,False,True,False,False,False,False,False,True,False,False,False,False,True,False,True,False,False,True,False,False,False,True,True,False,False,False,False,False,False,False,False,False,False,True,False,False,False,True,False,0.3774578651685393,0.6083997873471558,-0.04949494949495303,0.27393617021276595,0.2083333333333333,2025.050505050505,False,False,False,False,False,False,True,False,True,False
0.5099656357388317,0.0,0.3723404255319148,0.40979284369114877,0.625,0.33333333333333326,0.9090909090909101,0.8500000000000014,0.2553191489361702,0.0,0.0,0.7893504973668812,0.619298245614035,0.5832266325224071,0.0,0.0,0.42649812734082393,0.0,0.0,0.5,0.0,0.6666666666666667,0.0,0.42857142857142855,0.0,0.8958333333333321,0.5,0.5039893617021277,0.297029702970297,0.3395061728395061,0.0,0.0,0.0,0.0,0.0,0.9999999999999999,0.25,0.41034482758620694,False,False,True,False,True,True,False,False,False,True,False,False,True,False,False,False,False,True,False,False,False,False,False,False,False,False,False,False,False,False,False,False,False,False,False,False,False,False,False,True,False,False,False,False,False,True,False,False,False,False,False,False,False,True,False,False,False,False,False,False,False,False,False,False,True,False,False,False,False,False,True,False,False,False,False,True,False,False,False,False,False,False,False,False,False,False,False,False,False,False,False,False,False,True,False,False,False,False,False,False,False,False,False,False,False,False,False,False,True,False,False,True,False,False,False,False,True,False,False,False,True,False,True,False,False,False,False,True,False,False,False,False,False,True,False,False,True,False,False,False,False,False,False,True,False,False,False,False,False,True,True,False,False,False,False,False,False,False,False,True,False,False,False,False,True,False,False,True,False,False,False,False,False,True,False,False,True,False,False,True,False,False,False,False,False,False,False,True,False,False,False,False,True,False,False,False,False,True,False,True,False,False,True,False,False,False,False,True,False,False,False,False,False,False,False,False,False,False,True,False,False,False,True,False,0.26656132958801493,1.2025248781364422,-0.05909090909090864,0.25199468085106386,0.2083333333333333,2025.090909090909,False,False,False,False,True,False,False,True,False,False
0.5168384879725086,0.0,0.5212765957446808,0.46900188323917136,0.5,0.33333333333333326,0.8787878787878789,0.7833333333333314,0.0,0.7411982705373688,0.0,0.16325336454066705,0.6953216374269007,0.676056338028169,0.0,0.0,0.4943820224719101,0.5,0.0,0.5,0.0,0.6666666666666667,0.0,0.42857142857142855,0.0,0.8645833333333321,0.5,0.5531914893617021,0.4158415841584158,0.16666666666666666,0.0,0.0,0.0,0.0,0.0,0.5454545454545454,0.0,0.5413793103448276,False,False,True,False,True,True,False,False,False,False,False,False,True,False,False,False,False,True,False,False,False,False,False,False,True,False,False,False,False,False,False,False,False,False,False,False,False,False,False,False,False,False,False,False,False,True,False,False,False,False,False,False,False,True,False,False,False,False,False,False,False,False,False,False,True,False,False,False,False,False,True,False,False,False,False,True,False,False,False,False,False,False,False,False,False,False,False,False,False,False,False,False,False,True,False,False,False,False,False,False,False,False,False,False,False,False,False,False,True,False,False,False,True,False,False,False,True,False,True,False,False,False,True,False,False,False,False,True,False,False,False,False,False,True,True,False,False,False,False,True,False,False,False,False,False,False,False,False,False,True,True,False,False,False,False,False,False,False,False,True,False,False,False,False,True,False,True,False,False,False,False,False,False,True,False,False,True,False,False,True,False,False,False,False,False,False,True,False,False,False,False,False,True,False,False,False,False,True,False,True,False,False,True,False,False,False,True,True,False,False,False,False,False,False,False,False,False,False,True,False,False,False,True,False,0.24719101123595505,1.3713779754550697,-0.09545454545454746,0.2765957446808511,0.16666666666666663,2025.121212121212,False,False,False,False,False,True,False,False,True,False
0.5175257731958763,0.39999999999999997,0.5319148936170213,0.5446327683615819,0.75,0.33333333333333326,0.9595959595959584,0.9166666666666643,0.42080378250591016,0.0,0.0,0.6026916325336454,0.43274853801169594,0.3841229193341869,0.7857672349888806,0.0,0.7771535580524345,0.0,0.0,0.5,1.0,0.6666666666666667,0.0,0.7142857142857142,0.5,0.9479166666666643,1.0,0.9547872340425533,0.4752475247524752,0.32098765432098764,0.0,0.0,0.0,0.0,0.0,0.1818181818181818,0.0,0.743103448275862,False,False,True,False,True,True,False,False,False,True,False,False,True,False,False,False,False,True,False,False,False,False,False,False,False,False,False,False,False,False,False,False,False,False,False,True,False,False,False,False,False,False,False,False,False,True,False,False,False,False,False,False,False,True,False,False,False,False,False,False,False,False,False,False,False,False,False,True,False,False,True,False,False,False,False,True,False,False,False,False,False,False,False,False,False,False,False,False,False,False,False,False,False,True,False,False,False,False,False,False,False,False,False,False,False,False,False,False,True,False,False,True,False,False,False,True,False,False,False,False,True,False,True,False,False,False,False,True,False,False,False,False,False,True,False,True,False,False,False,False,False,False,False,True,False,False,False,False,False,True,True,False,False,False,False,False,True,False,False,True,False,False,False,False,True,False,False,False,False,False,False,False,False,True,False,True,False,False,False,True,False,False,False,False,False,False,True,False,False,False,False,False,True,False,False,False,False,True,False,True,False,False,True,False,False,False,True,True,False,False,False,False,False,False,False,False,False,False,True,False,False,False,True,False,0.5828651685393258,0.8168714573458828,-0.04292929292929415,0.9547872340425533,0.24999999999999994,2025.0404040404042,False,False,False,False,False,False,True,False,True,False
0.5195876288659794,0.39999999999999997,0.4042553191489361,0.5844821092278719,0.75,0.33333333333333326,0.9797979797979792,0.9500000000000028,0.0,0.012353304508956147,0.0,0.4950263311878291,0.3368421052631579,0.27400768245838664,0.6686434395848777,0.0,0.6226591760299626,0.0,0.0,0.5,1.0,0.6666666666666667,0.0,0.5714285714285714,0.0,0.96875,0.5,0.5558510638297872,0.3564356435643564,0.6481481481481481,0.0,0.0,0.0,0.0,0.0,0.2727272727272727,0.75,0.5241379310344828,False,False,True,False,True,True,False,False,False,False,False,False,True,False,False,False,False,True,False,False,False,False,False,False,True,False,False,False,False,False,False,False,False,False,False,False,False,False,False,False,False,False,False,False,False,True,False,False,False,False,False,False,False,True,False,False,False,False,False,False,False,False,False,False,False,False,False,True,False,False,True,False,False,False,False,True,False,False,False,False,False,False,False,False,False,False,False,False,False,False,False,False,False,True,False,False,False,False,False,False,False,False,False,False,False,False,False,False,True,False,False,False,True,False,False,True,False,False,False,False,True,False,True,False,False,False,False,True,False,False,False,False,False,True,False,False,False,False,False,True,False,False,False,False,False,False,False,False,False,True,True,False,False,False,False,False,False,False,False,True,False,False,False,False,True,False,True,False,False,False,False,False,False,True,False,False,True,False,False,True,False,False,False,False,False,False,True,False,False,False,False,False,True,False,False,False,False,True,False,True,False,False,True,False,False,False,True,True,False,False,False,False,False,False,False,False,False,False,True,False,False,False,True,False,0.4669943820224719,0.6108497877215445,-0.02979797979797638,0.2779255319148936,0.24999999999999994,2025.020202020202,False,False,False,False,False,False,True,False,False,True
0.5230240549828179,0.09999999999999998,0.3191489361702128,0.2938606403013183,0.375,0.33333333333333326,0.14141414141414188,0.0,0.0,0.250154416306362,0.0,0.43300175541252195,0.5,0.5524967989756722,0.0,0.0,0.40402621722846443,0.0,0.0,0.0,0.0,0.3333333333333333,0.0,0.28571428571428564,0.0,0.53125,0.5,0.37234042553191493,0.0,0.0,0.0,0.0,0.0,0.0,0.0,0.8181818181818182,0.75,0.1379310344827586,False,False,False,True,True,True,False,False,False,True,False,False,True,False,False,True,False,False,False,False,False,False,True,False,False,False,False,False,False,False,False,False,False,False,False,False,False,False,False,False,False,False,False,False,True,False,False,False,False,False,False,False,False,True,False,False,False,False,False,False,False,False,False,False,True,False,False,False,False,False,True,False,False,False,False,True,False,False,False,False,False,False,False,False,False,False,False,False,False,False,False,False,False,False,True,False,False,False,False,False,False,False,False,False,False,False,False,False,False,True,False,False,True,False,False,False,True,False,False,False,True,False,True,False,False,False,False,False,False,True,False,False,False,True,False,True,False,False,False,False,True,False,False,False,False,False,False,False,False,True,True,False,False,False,False,False,False,False,True,True,False,False,False,False,True,True,False,False,False,True,False,False,False,False,False,False,True,False,False,False,False,False,False,True,False,False,False,True,False,False,False,False,True,False,False,False,False,True,False,True,False,False,True,False,False,False,True,True,False,False,False,False,False,False,False,False,False,False,True,False,False,False,True,False,0.15150983146067415,1.0524967989756722,-0.14141414141414188,0.18617021276595747,0.12499999999999997,2025.858585858586,False,False,False,False,True,False,False,False,False,False
0.5237113402061856,0.39999999999999997,0.44680851063829785,0.42410546139359695,0.625,0.33333333333333326,1.0,0.9833333333333343,0.0,0.014823965410747375,0.0,0.4283206553540082,0.27251461988304093,0.2087067861715749,0.5804299481097108,0.0,0.5191947565543071,0.0,0.0,0.5,1.0,0.6666666666666667,0.0,0.5714285714285714,0.0,0.9895833333333321,0.5,0.6037234042553191,0.4183168316831683,0.2777777777777778,0.0,0.0,0.0,0.0,0.0,0.4545454545454545,1.0,0.5351724137931034,True,False,False,False,True,True,False,False,False,True,False,False,True,False,False,False,False,True,False,False,False,False,False,False,False,False,False,False,False,False,False,False,False,False,False,False,False,False,False,False,True,False,False,False,False,True,False,False,False,False,False,False,False,True,False,False,False,False,False,False,False,False,False,False,False,False,False,True,False,False,True,False,False,False,False,True,False,False,False,False,False,False,False,False,False,False,False,False,False,False,False,False,False,True,False,False,False,False,False,False,False,False,False,False,False,False,False,False,True,False,False,False,True,False,False,False,True,False,False,False,True,False,True,False,False,False,False,True,False,False,False,False,False,True,False,True,False,False,False,True,False,False,False,False,False,False,False,False,False,True,True,False,False,False,False,False,False,False,False,True,False,False,False,False,True,False,True,False,False,False,False,False,False,True,False,False,True,False,False,True,False,False,False,False,False,False,False,True,False,False,False,False,True,False,False,False,False,True,False,True,False,False,True,False,False,False,True,True,False,False,False,False,True,False,False,False,False,False,False,False,False,False,True,False,0.32449672284644193,0.48122140605461583,-0.01666666666666572,0.30186170212765956,0.2083333333333333,2025.0,False,False,False,False,False,True,False,True,False,False
0.5298969072164949,0.0,0.3936170212765957,0.4419585687382298,0.25,0.33333333333333326,0.41414141414141525,0.01666666666666572,0.0,0.516368128474367,0.0,0.0,0.3192982456140351,0.5006402048655569,0.0,0.0,0.36610486891385763,0.0,0.0,0.0,0.0,0.3333333333333333,0.0,0.42857142857142855,0.0,0.3854166666666643,0.5,0.31382978723404253,0.0,0.0,0.0,0.0,0.0,0.0,0.0,0.2727272727272727,0.0,0.14482758620689654,False,False,True,False,True,True,False,False,False,True,False,False,True,False,False,False,False,True,False,False,False,False,False,False,False,False,True,False,False,False,False,False,False,False,False,False,False,False,False,False,False,False,False,False,False,True,False,False,False,False,False,False,False,True,False,False,False,False,False,False,False,False,False,False,True,False,False,False,False,False,True,False,False,False,False,True,False,False,False,False,False,False,False,False,False,False,False,False,False,False,False,False,False,False,True,False,False,False,False,False,False,False,False,False,False,False,False,False,False,True,False,False,True,False,False,False,True,False,False,False,True,True,False,False,False,False,True,False,False,False,False,False,False,False,False,False,True,False,False,False,True,False,False,False,False,False,False,False,False,True,True,False,False,False,False,False,False,False,True,True,True,False,False,False,False,False,False,True,False,False,False,False,False,True,False,False,True,False,False,False,False,False,False,True,False,False,False,True,False,False,False,False,True,False,False,False,False,True,False,True,False,False,True,False,False,False,True,True,False,False,False,False,False,False,False,False,False,False,False,False,False,False,True,False,0.09152621722846441,0.819938450479592,-0.39747474747474953,0.15691489361702127,0.08333333333333331,2025.5858585858587,False,False,False,False,True,False,False,True,False,False
0.5312714776632302,0.0,0.42553191489361697,0.5378531073446328,0.375,0.33333333333333326,0.4848484848484844,0.13333333333333286,0.002364066193853428,0.2816553428042001,0.0,0.2668227033352838,0.36374269005847953,0.3034571062740076,0.0,0.0,0.22191011235955055,0.0,0.0,0.0,0.0,0.3333333333333333,0.0,0.28571428571428564,0.0,0.45833333333333215,0.0,0.15292553191489358,0.0,0.0,0.0,0.0,0.0,0.0,0.0,0.5454545454545454,0.25,0.18793103448275864,False,False,True,False,True,True,False,False,False,True,False,False,True,False,False,False,False,True,False,False,False,False,False,False,False,False,False,False,False,False,False,True,False,False,False,False,False,False,False,False,False,False,False,False,True,False,False,False,False,False,False,False,False,True,False,False,False,False,False,False,False,False,False,False,True,False,False,False,False,False,True,False,False,False,False,True,False,False,False,False,False,False,False,False,False,False,False,False,False,False,False,False,False,False,True,False,False,False,False,False,False,False,False,False,False,False,False,False,False,True,False,False,True,False,False,False,True,False,False,False,True,True,False,False,False,False,False,False,False,True,False,False,False,True,False,False,True,False,False,False,False,False,True,False,False,False,False,False,False,True,True,False,False,False,False,False,False,False,False,True,False,False,False,False,False,False,False,True,False,False,False,False,False,True,False,False,True,False,False,True,False,False,False,False,False,False,True,False,False,False,False,False,True,False,False,False,False,True,False,True,False,False,True,False,False,False,True,True,False,False,False,False,False,False,False,False,False,False,False,False,False,False,True,False,0.08321629213483145,0.6671997963324872,-0.35151515151515156,0.0,0.12499999999999997,2025.5151515151515,False,False,False,False,False,False,False,False,True,False
0.5333333333333333,0.0,0.5957446808510638,0.6177024482109228,0.625,0.33333333333333326,0.9595959595959584,0.93333333333333,0.5673758865248226,0.012353304508956147,0.0,0.9327091866588648,0.7742690058479533,0.7528809218950063,0.0,0.0,0.550561797752809,0.0,0.0,0.5,0.0,0.6666666666666667,0.0,0.5714285714285714,0.0,0.9479166666666643,1.0,0.9374999999999999,0.3564356435643564,0.3641975308641975,0.0,0.0,0.0,0.0,0.0,0.5454545454545454,0.0,0.556896551724138,False,False,True,False,True,True,False,False,False,False,False,False,True,False,False,False,False,True,False,False,False,False,False,False,True,False,False,False,False,False,False,False,False,False,False,False,False,False,False,False,False,False,False,False,False,True,False,False,False,False,False,False,False,True,False,False,False,False,False,False,False,False,False,False,True,False,False,False,False,False,True,False,False,False,False,True,False,False,False,False,False,False,False,False,False,False,False,False,False,False,False,False,False,True,False,False,False,False,False,False,False,False,False,False,False,False,False,False,True,False,False,True,False,False,False,True,False,False,False,False,True,False,True,False,False,False,False,True,False,False,False,False,False,True,False,False,False,False,False,True,False,False,False,False,False,False,False,False,False,True,True,False,False,False,False,False,False,False,False,True,False,False,False,False,True,False,True,False,False,False,False,False,False,True,False,False,True,False,False,True,False,False,False,False,False,False,True,False,False,False,False,False,True,False,False,False,False,True,False,True,False,False,True,False,False,False,True,True,False,False,False,False,False,False,False,False,True,False,False,False,False,False,False,True,0.3441011235955056,1.5271499277429597,-0.02626262626262843,0.9374999999999999,0.2083333333333333,2025.0404040404042,False,False,False,False,False,True,False,False,False,True
0.534020618556701,0.0,0.7446808510638298,0.7789077212806027,0.375,0.33333333333333326,0.6464646464646471,0.3999999999999986,0.0,0.47066090179122916,0.0,0.05968402574605032,0.33567251461988307,0.2919334186939821,0.0,0.0,0.21348314606741575,0.5,0.0,0.0,0.0,0.6666666666666667,0.0,0.28571428571428564,0.5,0.625,0.5,0.37234042553191493,0.5965346534653465,0.0,0.0,0.0,0.0,0.0,0.0,0.4545454545454545,0.0,0.2844827586206896,False,False,True,False,True,True,False,False,False,False,False,False,True,False,False,False,False,True,False,False,False,False,False,False,False,False,False,False,False,False,False,False,False,False,False,False,False,False,True,False,False,False,False,False,False,True,False,False,False,False,False,False,False,True,False,False,False,False,False,False,False,False,False,False,True,False,False,False,False,False,False,False,True,False,False,True,False,False,False,False,False,False,False,False,False,False,False,True,False,False,False,False,False,False,False,False,False,False,False,False,False,False,False,False,False,True,False,False,False,False,False,False,True,False,False,False,True,False,False,False,True,True,False,False,False,False,False,False,False,True,False,False,False,True,False,False,True,False,False,False,False,False,False,False,False,False,False,False,False,True,True,False,False,False,False,False,False,False,True,True,False,False,False,False,True,False,False,True,False,False,False,False,False,True,True,False,False,False,False,True,False,False,False,False,False,False,False,True,False,False,False,False,True,False,False,False,False,True,False,True,False,False,True,False,True,False,False,True,False,False,False,False,False,False,False,False,False,False,True,False,False,False,True,False,0.0800561797752809,0.6276059333138652,-0.2464646464646485,0.18617021276595747,0.12499999999999997,2025.3535353535353,False,False,False,False,False,False,False,False,False,True
0.5353951890034365,0.7,0.5106382978723404,0.5664783427495292,0.5,0.33333333333333326,0.6767676767676782,0.45000000000000284,0.2127659574468085,0.6022235948116121,0.0,0.0,0.40058479532163743,0.3623559539052497,0.0,0.0,0.2649812734082397,0.5,0.0,0.0,0.0,0.3333333333333333,0.0,0.14285714285714285,0.0,0.65625,0.5,0.45744680851063835,0.0,0.0,0.0,0.0,0.0,0.0,0.0,0.36363636363636365,0.0,0.2586206896551724,False,False,True,False,True,True,False,False,False,True,False,False,True,False,False,False,False,True,False,False,False,False,False,False,False,False,False,False,False,False,True,False,False,False,False,False,False,False,False,False,False,False,False,False,False,True,False,False,False,False,False,False,False,True,False,False,False,False,False,False,True,False,False,False,False,False,False,False,True,False,True,False,False,False,False,True,False,False,False,False,False,False,False,False,False,False,False,False,False,False,True,False,False,False,False,False,False,False,False,False,False,False,True,False,False,False,False,False,False,False,False,True,False,False,False,False,True,False,False,False,True,True,False,False,False,False,False,True,False,False,False,False,False,True,True,False,False,False,False,True,False,False,False,False,False,False,False,False,False,True,True,False,False,False,False,False,False,False,True,True,False,False,False,False,True,False,False,True,False,False,False,False,False,True,False,False,True,False,False,True,False,False,False,False,False,False,False,True,False,False,False,False,True,False,False,False,False,True,False,True,False,False,True,False,False,False,True,True,False,False,False,False,False,False,False,False,False,False,True,False,False,False,True,False,0.13249063670411984,0.7629407492268871,-0.2267676767676754,0.22872340425531917,0.16666666666666663,2025.3232323232323,False,False,False,False,False,False,False,False,True,False
0.5360824742268042,0.0,0.35106382978723405,0.3664783427495292,0.625,0.33333333333333326,0.8585858585858581,0.7666666666666657,0.08983451536643025,0.0,0.0,0.7238150965476887,0.5538011695906433,0.5217669654289372,0.0,0.0,0.38155430711610483,0.0,0.0,0.5,0.0,0.6666666666666667,0.0,0.42857142857142855,0.5,0.84375,0.5,0.32180851063829785,0.5445544554455446,0.12962962962962962,0.0,0.0,0.0,0.0,0.0,0.4545454545454545,0.25,0.4,False,False,True,False,True,True,False,False,False,True,False,False,True,False,False,False,False,True,False,False,False,False,False,False,False,False,False,True,False,False,False,False,False,False,False,False,False,False,False,False,False,False,False,False,False,True,False,False,False,False,False,False,False,True,False,False,False,False,False,False,False,False,False,False,True,False,False,False,False,False,True,False,False,False,False,True,False,False,False,False,False,False,False,False,False,False,False,True,False,False,False,False,False,False,False,False,False,False,False,False,False,True,False,False,False,False,False,False,False,False,False,True,False,False,False,False,True,False,False,False,True,False,True,False,False,False,False,True,False,False,True,False,False,False,False,False,True,False,False,False,False,False,False,True,False,False,False,False,False,True,True,False,False,False,False,False,True,False,False,True,False,False,False,False,True,False,False,True,False,False,False,False,False,True,False,False,False,False,True,True,False,False,False,False,False,False,False,False,False,False,False,False,True,False,False,False,False,True,False,True,False,False,True,False,False,False,True,True,False,False,False,False,False,False,False,False,False,False,True,False,False,False,True,False,0.23847144194756553,1.0755681350195805,-0.0919191919191924,0.16090425531914893,0.2083333333333333,2025.141414141414,False,False,False,False,True,False,False,True,False,False
0.5367697594501719,0.39999999999999997,0.3723404255319148,0.312090395480226,0.5,0.33333333333333326,0.8282828282828305,0.7000000000000028,0.0,0.23903644224830145,0.0,0.21884142773551785,0.2754385964912281,0.23815620998719594,0.5878428465530022,0.0,0.5454119850187266,0.0,0.0,0.5,1.0,0.6666666666666667,0.0,0.5714285714285714,0.0,0.8125,0.5,0.4308510638297872,0.0,0.7654320987654321,0.0,0.0,0.0,0.0,0.0,0.5454545454545454,0.0,0.3996551724137931,False,False,True,False,True,True,False,False,False,True,False,False,True,False,False,False,False,True,False,False,False,False,False,False,False,False,False,False,False,False,False,False,False,False,False,False,False,False,False,True,False,False,False,False,False,True,False,False,False,False,False,False,False,True,False,False,False,False,False,False,False,False,False,False,False,False,False,True,False,False,True,False,False,False,False,True,False,False,False,False,False,False,False,False,False,False,False,False,False,False,False,False,False,True,False,False,False,False,False,False,False,False,False,False,False,False,False,False,True,False,False,False,True,False,False,True,False,False,True,False,False,False,True,False,False,False,False,True,False,False,False,False,False,True,False,False,True,False,False,False,False,False,False,False,False,False,False,False,False,True,True,False,False,False,False,False,False,False,False,True,False,False,False,False,True,False,True,False,False,False,False,False,False,True,False,False,True,False,False,True,False,False,False,False,False,False,True,False,False,False,False,False,True,False,False,False,False,True,False,True,False,False,True,False,False,False,True,True,False,False,False,False,False,False,False,False,False,False,True,False,False,False,True,False,0.2727059925093633,0.513594806478424,-0.12828282828282767,0.2154255319148936,0.16666666666666663,2025.171717171717,False,False,False,False,False,True,False,False,False,False
0.5374570446735396,0.0,0.3936170212765957,0.9999999999999999,0.625,0.33333333333333326,0.9191919191919204,0.8666666666666671,0.0,0.0,0.0,0.8267992978349913,0.6567251461988304,0.6350832266325224,0.0,0.0,0.46441947565543074,0.0,0.0,0.5,0.0,0.6666666666666667,0.0,0.42857142857142855,0.0,0.90625,0.5,0.5917553191489362,0.0,0.2037037037037037,0.0,0.0,0.0,0.0,0.0,0.4545454545454545,0.75,0.4382758620689655,False,False,True,False,True,True,False,True,False,False,False,False,True,False,False,False,False,True,False,False,False,False,False,False,True,False,False,False,False,False,False,False,False,False,False,False,False,False,False,False,False,False,False,False,False,True,False,False,False,False,False,False,False,True,False,False,False,False,False,False,False,False,False,False,True,False,False,False,False,False,True,False,False,False,False,True,False,False,False,False,False,False,False,False,False,False,False,False,False,False,False,False,False,True,False,False,False,False,False,False,False,False,False,False,False,False,False,False,True,False,False,False,True,False,False,True,False,False,False,False,True,False,True,False,False,False,False,True,False,False,False,False,False,True,False,False,True,False,False,False,False,False,False,True,False,False,False,False,False,True,True,False,False,False,False,False,False,False,False,True,False,False,False,False,True,False,True,False,False,False,False,False,False,True,False,False,True,False,False,True,False,False,False,False,False,False,True,False,False,False,False,False,True,False,False,False,False,True,False,True,False,False,True,False,False,False,True,True,False,False,False,False,False,False,False,False,False,False,True,False,False,False,True,False,0.29026217228464424,1.2918083728313527,-0.05252525252525331,0.2958776595744681,0.2083333333333333,2025.080808080808,False,False,False,False,True,False,False,False,False,True
0.5408934707903781,0.39999999999999997,0.4893617021276595,0.5372504708097928,0.625,0.33333333333333326,0.9494949494949516,0.8999999999999986,0.0,0.4051883878937616,0.0,0.17554125219426567,0.38947368421052636,0.33162612035851474,0.8361749444032617,0.0,0.7705992509363296,0.5,0.0,0.5,1.0,1.0,0.0,0.7142857142857142,0.0,0.9375,0.5,0.6090425531914894,0.0,0.2777777777777778,0.0,0.0,0.0,0.0,0.0,0.0,1.0,0.596551724137931,False,False,True,False,True,True,False,False,False,False,False,False,True,False,False,False,False,True,False,False,False,False,False,False,False,False,False,False,False,False,False,False,False,False,False,False,False,False,False,True,False,False,False,False,False,True,False,False,False,False,False,False,False,True,False,False,False,False,False,False,False,False,False,False,False,False,False,True,False,False,True,False,False,False,False,True,False,False,False,False,False,False,False,False,False,False,False,False,False,False,False,False,False,True,False,False,False,False,False,False,False,False,False,False,False,False,False,False,True,False,False,False,True,False,False,True,False,False,False,False,True,False,True,False,False,False,False,True,False,False,False,False,False,True,False,False,True,False,False,True,False,False,False,False,False,False,False,False,False,True,True,False,False,False,False,False,False,False,False,True,False,False,False,False,True,False,True,False,False,False,False,False,False,True,False,False,True,False,False,False,False,True,False,False,False,False,True,False,False,False,False,False,True,False,False,False,False,True,False,True,False,False,True,False,False,False,True,True,False,False,False,False,False,False,False,False,False,False,True,False,False,False,True,False,0.48162453183520604,0.7210998045690411,-0.04949494949495303,0.3045212765957447,0.2083333333333333,2025.050505050505,False,False,False,False,False,False,True,False,True,False
0.5415807560137458,0.0,0.21276595744680848,0.22523540489642185,0.25,0.9999999999999998,0.4444444444444464,0.8333333333333357,0.0,0.0,0.0,0.5272088940901112,0.35730994152046786,0.2964148527528809,0.0,0.0,0.21676029962546817,0.0,0.0,0.0,0.0,0.3333333333333333,0.0,0.14285714285714285,0.0,0.4166666666666643,0.0,0.1609042553191489,0.0,0.0,0.0,0.0,0.0,0.0,0.0,0.6363636363636364,0.5,0.16517241379310346,False,False,False,True,True,True,False,False,False,True,False,False,True,False,False,False,False,False,False,False,False,False,False,False,False,False,False,False,False,False,False,False,False,False,False,False,True,False,False,False,False,False,False,False,False,True,False,False,False,False,False,False,False,True,False,False,False,False,False,False,False,False,False,False,True,False,False,False,False,False,True,False,False,False,False,True,False,False,False,False,False,False,False,False,False,False,False,False,False,True,False,False,False,False,False,False,False,False,False,False,False,False,False,True,False,False,False,False,False,False,False,False,True,False,False,False,True,False,False,False,True,True,False,False,False,False,False,False,False,True,False,False,False,True,False,False,True,False,False,False,False,False,False,True,False,False,False,False,False,True,True,False,False,False,False,False,False,False,False,True,False,False,False,False,True,False,False,True,False,False,False,False,False,True,False,False,True,False,False,False,False,False,False,True,False,False,False,True,True,False,False,False,False,False,False,False,False,True,False,True,False,False,True,False,False,False,True,True,False,False,False,False,False,False,False,False,False,False,True,False,False,False,True,False,0.05419007490636704,0.6537247942733487,0.3888888888888893,0.0,0.24999999999999994,2025.5555555555557,False,False,False,False,False,False,False,False,False,False
0.5429553264604812,1.0,0.1382978723404255,0.012956685499058374,0.625,0.33333333333333326,0.9595959595959584,0.93333333333333,0.026004728132387706,0.009882643607164917,0.0,0.6606202457577531,0.5,0.4526248399487836,0.0,0.0,0.33099250936329594,0.0,0.0,0.5,0.0,0.3333333333333333,0.0,0.28571428571428564,0.5,0.9479166666666643,0.5,0.31515957446808507,0.24752475247524752,0.09876543209876543,0.0,0.0,0.0,0.0,0.0,0.7272727272727273,0.75,0.3455172413793104,False,False,True,False,True,True,False,False,False,True,False,False,True,False,False,False,False,True,False,False,False,False,False,False,False,False,False,False,False,False,False,False,False,False,False,False,False,False,False,False,False,False,False,False,False,True,False,False,False,False,False,False,False,True,False,False,False,False,False,False,False,False,True,False,True,False,False,False,False,False,True,False,False,False,False,True,False,False,False,False,False,False,False,False,False,False,False,False,False,False,False,False,False,True,False,False,False,False,False,False,False,False,False,False,False,False,False,False,True,False,False,True,False,False,False,True,False,False,False,False,True,False,True,False,False,False,False,True,False,False,False,False,False,True,False,False,True,False,False,True,False,False,False,False,False,False,False,False,False,True,True,False,False,False,False,False,False,False,False,True,False,False,False,False,True,False,True,False,False,False,False,False,False,True,False,True,False,False,False,True,False,False,False,False,False,False,False,False,False,False,False,False,True,False,False,False,False,True,False,True,False,False,True,False,False,False,True,True,False,False,False,False,False,False,False,False,False,False,True,False,False,False,True,False,0.20687031835205996,0.9526248399487836,-0.02626262626262843,0.15757978723404253,0.2083333333333333,2025.0404040404042,False,False,False,False,False,False,False,False,False,False
0.5443298969072166,0.39999999999999997,0.6595744680851063,0.5205273069679849,0.625,0.33333333333333326,0.8686868686868685,0.7833333333333314,0.0,0.5324274243360099,0.0,0.1492100643651258,0.483625730994152,0.44110115236875796,0.6567828020756116,0.0,0.7373595505617978,0.5,0.0,0.5,1.0,0.6666666666666667,0.0,0.7142857142857142,0.5,0.8645833333333321,0.5,0.39228723404255317,0.44554455445544555,0.8024691358024691,0.0,0.0,0.0,0.0,0.0,0.4545454545454545,0.25,0.7234137931034482,False,False,True,False,True,True,False,False,False,False,False,False,True,False,True,False,False,False,False,False,False,False,False,False,False,False,False,False,False,False,False,False,False,False,True,False,False,False,False,False,False,False,False,False,False,True,False,False,False,False,False,False,False,True,False,False,False,False,False,False,False,False,False,False,False,False,False,True,False,False,True,False,False,False,False,True,False,False,False,False,False,False,False,False,False,False,False,False,False,True,False,False,False,False,False,False,False,False,False,False,False,False,False,True,False,False,False,False,False,False,False,False,True,False,False,True,False,False,False,False,True,False,True,False,False,False,False,True,False,False,False,False,False,True,False,False,False,False,False,True,False,False,False,False,False,False,False,False,False,True,True,False,False,False,False,False,False,False,False,True,False,False,False,False,True,False,False,True,False,False,False,False,False,True,False,False,False,False,True,True,False,False,False,False,False,False,False,True,False,False,False,False,True,False,False,False,False,True,False,True,False,False,True,False,False,False,True,True,False,False,False,False,False,False,False,False,False,False,True,False,False,False,True,False,0.4608497191011236,0.92472688336291,-0.08535353535353707,0.19614361702127658,0.2083333333333333,2025.1313131313132,False,False,False,False,False,False,True,False,True,False
0.5450171821305843,0.0,0.4893617021276595,0.4631261770244821,0.75,0.33333333333333326,0.9797979797979792,0.9500000000000028,0.3309692671394799,0.0,0.0,0.8753657109420714,0.7052631578947368,0.6773367477592829,0.0,0.0,0.49531835205992514,0.0,0.0,0.5,0.0,0.6666666666666667,0.0,0.5714285714285714,0.0,0.96875,0.5,0.41755319148936176,0.4158415841584158,0.8024691358024691,0.0,0.0,0.0,0.0,0.0,0.4545454545454545,0.25,0.5689655172413793,False,False,True,False,True,True,False,False,False,True,False,False,True,False,False,False,False,True,False,False,False,False,False,False,False,False,False,False,False,False,False,False,False,False,False,False,False,False,False,False,True,False,False,False,False,True,False,False,False,False,False,False,False,True,False,False,False,False,False,False,False,False,False,False,True,False,False,False,False,False,True,False,False,False,False,True,False,False,False,False,False,False,False,False,False,False,True,False,False,False,False,False,False,False,False,False,False,False,False,False,True,False,False,False,False,False,False,False,False,False,False,False,False,True,False,True,False,False,False,False,True,False,True,False,False,False,False,True,False,False,False,False,False,True,False,False,False,False,False,False,False,False,False,True,False,False,False,False,False,True,True,False,False,False,False,False,False,False,False,True,False,False,False,False,True,False,True,False,False,False,False,False,False,True,False,False,True,False,False,True,False,False,False,False,False,False,False,False,False,False,False,False,True,False,False,False,False,True,False,True,False,False,True,False,False,False,True,True,False,False,False,False,False,False,False,False,True,False,False,False,False,False,False,True,0.37148876404494385,1.3825999056540197,-0.02979797979797638,0.20877659574468088,0.24999999999999994,2025.020202020202,False,False,False,False,False,True,False,False,True,False
0.5470790378006873,0.0,0.43617021276595747,0.39073446327683614,0.5,0.33333333333333326,0.6767676767676782,0.45000000000000284,0.34988179669030733,0.0,0.0,0.38619075482738446,0.216374269005848,0.5422535211267605,0.0,0.0,0.39653558052434457,0.0,0.0,0.0,1.0,0.6666666666666667,0.0,0.5714285714285714,0.5,0.65625,0.5,0.4893617021276596,0.3415841584158416,0.0,0.0,0.0,0.0,0.0,0.0,0.2727272727272727,0.25,0.2879310344827586,False,False,True,False,True,True,False,False,False,True,False,False,True,False,False,False,False,True,False,False,False,False,False,False,False,False,False,False,False,False,False,False,False,False,False,False,False,False,True,False,False,False,False,False,False,True,False,False,False,False,False,False,False,True,False,False,False,False,False,False,False,False,False,False,True,False,False,False,False,False,True,False,False,False,False,True,False,False,False,False,False,False,False,False,False,False,False,False,False,False,True,False,False,False,False,False,False,False,False,False,False,False,False,False,False,True,False,False,False,False,False,True,False,False,False,False,True,False,False,False,True,True,False,False,False,False,False,False,False,True,False,False,False,True,False,False,True,False,False,False,False,False,False,True,False,False,False,False,False,True,True,False,False,False,False,False,False,False,False,True,False,False,False,False,True,False,False,True,False,False,False,False,False,True,False,False,False,False,True,True,False,False,False,False,False,False,True,False,False,False,False,False,True,False,False,False,False,True,False,True,False,False,True,False,True,False,False,True,False,False,False,False,False,False,False,False,False,False,True,False,False,False,True,False,0.19826779026217228,0.7586277901326085,-0.2267676767676754,0.2446808510638298,0.16666666666666663,2025.3232323232323,False,False,False,False,True,False,False,True,False,False
0.547766323024055,0.0,0.2872340425531914,0.35156308851224105,0.375,0.33333333333333326,0.43434343434343603,0.04999999999999716,0.0,0.35206917850525016,0.0,0.11878291398478642,0.28245614035087724,0.21446862996158772,0.0,0.0,0.15683520599250939,0.0,0.0,0.0,0.0,0.3333333333333333,0.0,0.14285714285714285,0.0,0.40625,0.0,0.10638297872340427,0.0,0.0,0.0,0.0,0.0,0.0,0.0,0.2727272727272727,0.5,0.17241379310344826,False,False,True,False,True,True,False,False,False,True,False,False,True,False,False,False,False,True,False,False,False,False,False,False,False,False,False,False,False,False,False,True,False,False,False,False,False,False,False,False,False,False,False,False,False,True,False,False,False,False,False,False,False,True,False,False,False,False,False,False,False,False,False,False,True,False,False,False,False,False,True,False,False,False,False,True,False,False,False,False,False,False,False,False,False,False,False,False,False,False,False,False,False,True,False,False,False,False,False,False,False,False,False,False,False,False,False,False,True,False,False,False,True,False,False,False,True,False,False,False,True,True,False,False,False,False,False,False,False,True,False,False,False,True,False,False,True,False,True,False,False,False,False,False,False,False,False,False,False,True,True,False,False,False,False,False,True,False,False,True,False,False,False,False,True,False,False,True,False,False,False,False,False,True,False,False,True,False,False,True,False,False,False,False,False,False,False,True,False,False,False,False,True,False,False,False,False,True,False,True,False,False,True,False,False,False,True,True,False,False,False,False,False,False,False,False,False,False,True,False,False,False,False,False,0.05881320224719102,0.49692477031246496,-0.3843434343434389,0.0,0.12499999999999997,2025.5656565656566,False,False,False,False,False,False,False,False,False,False
0.5505154639175258,0.09999999999999998,0.10638297872340424,0.13483992467043315,0.25,0.9999999999999998,0.06060606060606233,0.6666666666666643,0.0,0.12168004941321804,0.0,0.5845523698069046,0.5298245614035089,0.4852752880921895,0.0,0.0,0.35486891385767794,0.5,0.0,0.0,0.0,0.3333333333333333,0.0,0.28571428571428564,0.0,0.4479166666666643,0.5,0.37234042553191493,0.0,0.0,0.0,0.0,0.0,0.0,0.0,0.5454545454545454,0.25,0.17206896551724135,False,False,False,True,True,True,False,False,False,True,False,False,True,False,False,False,False,True,False,False,False,False,False,False,False,False,False,False,True,False,False,False,False,False,False,False,False,False,False,False,False,False,False,False,False,True,False,False,False,False,False,False,False,True,False,False,False,False,False,False,False,False,False,False,True,False,False,False,False,False,True,False,False,False,False,True,False,False,False,False,False,False,False,False,False,False,False,False,False,True,False,False,False,False,False,False,False,False,False,False,False,False,False,True,False,False,False,False,False,False,False,False,True,False,False,False,True,False,False,False,True,True,False,False,False,False,False,False,False,True,False,False,False,True,False,False,True,False,False,False,True,False,False,False,False,False,False,False,False,True,True,False,False,False,False,False,False,False,False,True,False,False,False,False,False,False,False,True,False,False,False,False,False,True,False,False,True,False,False,False,False,False,False,True,False,False,False,True,False,False,False,False,True,False,False,False,False,True,False,True,False,False,True,False,False,False,True,True,False,False,False,False,False,False,False,False,False,False,True,False,False,False,True,False,0.08871722846441948,1.0150998494956984,0.606060606060602,0.18617021276595747,0.24999999999999994,2025.939393939394,False,False,False,False,True,False,False,False,False,False
0.5512027491408935,0.39999999999999997,0.35106382978723405,0.3908851224105462,0.625,0.33333333333333326,0.9595959595959584,0.9166666666666643,0.0,0.4002470660901791,0.0,0.046811000585137506,0.256140350877193,0.18565941101152367,0.5396590066716086,0.0,0.47659176029962547,0.5,0.0,0.5,1.0,0.6666666666666667,0.0,0.5714285714285714,0.5,0.9479166666666643,0.5,0.33244680851063835,0.0891089108910891,0.1111111111111111,0.0,0.0,0.0,0.0,0.0,0.8181818181818182,0.5,0.44482758620689655,False,False,True,False,True,True,False,False,False,True,False,False,True,False,False,False,False,True,False,False,False,False,False,False,True,False,False,False,False,False,False,False,False,False,False,False,False,False,False,False,False,False,False,False,False,True,False,False,False,False,False,False,False,True,False,False,False,False,False,False,False,False,False,False,False,False,False,True,False,False,True,False,False,False,False,True,False,False,False,False,False,False,False,False,False,False,False,False,False,False,False,False,False,False,False,True,False,False,False,False,False,False,False,False,False,False,False,False,False,False,True,False,True,False,False,True,False,False,False,False,True,False,True,False,False,False,False,True,False,False,False,False,False,True,False,False,False,False,False,True,False,False,False,False,False,False,False,False,False,True,True,False,False,False,False,False,False,False,False,True,False,False,False,False,True,False,True,False,False,False,False,False,False,True,False,True,False,False,False,True,False,False,False,False,False,False,False,False,False,False,False,False,True,False,False,False,False,True,False,True,False,False,True,False,False,False,True,True,False,False,False,False,False,False,False,False,False,False,True,False,False,False,True,False,0.2978698501872659,0.44179976188871667,-0.04292929292929415,0.16622340425531917,0.2083333333333333,2025.0404040404042,False,False,False,False,True,False,False,True,False,False
0.5525773195876289,0.0,0.4787234042553191,0.4512241054613936,0.375,0.33333333333333326,0.4444444444444464,0.06666666666666288,0.0,0.5015441630636196,0.0,0.07255705090696314,0.3777777777777778,0.441741357234315,0.0,0.0,0.3230337078651685,0.0,0.0,0.0,0.0,0.3333333333333333,0.0,0.28571428571428564,0.0,0.4166666666666643,0.0,0.16755319148936168,0.0,0.0,0.0,0.0,0.0,0.0,0.0,0.4545454545454545,0.0,0.19999999999999998,False,False,True,False,True,True,False,False,False,True,False,False,True,False,False,False,False,True,False,False,False,False,False,False,False,False,False,False,False,False,False,True,False,False,False,False,False,False,False,False,False,False,False,False,False,True,False,False,False,False,False,False,False,True,False,False,False,False,False,False,False,False,False,False,True,False,False,False,False,False,True,False,False,False,False,True,False,False,False,False,False,False,False,False,False,False,False,False,False,False,False,False,False,False,True,False,False,False,False,False,False,False,False,False,False,False,False,False,False,True,False,False,True,False,False,False,True,False,False,False,True,True,False,False,False,False,False,False,False,True,False,False,False,True,False,False,True,False,False,False,True,False,False,False,False,False,False,False,False,True,True,False,False,False,False,False,False,False,True,True,False,False,False,False,True,False,False,True,False,True,False,False,False,False,False,False,True,False,False,True,False,False,False,False,False,False,False,True,False,False,False,False,True,False,False,False,False,True,False,True,False,False,True,True,False,False,False,True,False,False,False,False,False,False,False,False,False,False,True,False,False,True,False,False,0.12113764044943819,0.8195191350120928,-0.37777777777778354,0.0,0.12499999999999997,2025.5555555555557,False,False,False,False,False,False,False,True,False,False
0.5532646048109966,0.0,0.648936170212766,0.6978531073446328,0.625,0.33333333333333326,0.9898989898989896,0.9666666666666686,0.6052009456264775,0.0,0.0,0.8291398478642481,0.6590643274853802,0.6338028169014085,0.0,0.0,0.4634831460674157,0.0,0.0,0.5,0.0,0.6666666666666667,0.0,0.42857142857142855,0.0,0.9791666666666643,0.5,0.523936170212766,0.0,0.37037037037037035,0.0,0.0,0.0,0.0,0.0,0.5454545454545454,0.5,0.5782068965517242,False,False,True,False,True,True,False,False,False,False,False,False,True,False,False,True,False,False,False,False,False,False,False,False,False,False,False,False,False,False,False,False,False,False,False,False,False,False,False,False,True,False,False,False,False,True,False,False,False,False,False,False,False,True,False,False,False,False,False,False,False,False,False,False,True,False,False,False,False,False,True,False,False,False,False,True,False,False,False,False,False,False,False,False,False,False,False,False,False,False,False,False,False,True,False,False,False,False,False,False,False,False,False,False,False,False,False,False,True,False,False,False,False,True,False,True,False,False,False,False,True,False,True,False,False,False,False,True,False,False,False,False,False,True,False,False,True,False,False,False,False,False,False,True,False,False,False,False,False,True,True,False,False,False,False,False,False,False,False,True,False,False,False,False,True,False,False,False,False,False,False,False,False,True,False,False,True,False,False,True,False,False,False,False,False,False,True,False,False,False,False,False,True,False,False,False,False,True,False,True,False,False,True,False,False,False,True,True,False,False,False,False,False,False,False,False,True,False,False,False,False,False,False,True,0.2896769662921348,1.2928671443867887,-0.02323232323232105,0.261968085106383,0.2083333333333333,2025.010101010101,False,False,False,False,True,False,False,False,False,True
0.5621993127147766,0.6000000000000001,0.5319148936170213,0.4373634651600753,0.5,0.9999999999999998,0.6161616161616159,0.3500000000000014,0.18912529550827423,0.3113032736256949,0.0,0.2960795787009947,0.4210526315789474,0.3930857874519846,0.0,0.0,0.28745318352059923,0.5,0.0,0.0,0.0,0.6666666666666667,0.0,0.42857142857142855,0.0,0.59375,0.5,0.37234042553191493,0.0,0.0,0.0,0.0,0.0,0.0,0.0,0.4545454545454545,1.0,0.3275862068965517,False,False,True,False,True,True,False,False,False,True,False,False,True,False,False,False,False,True,False,False,False,False,False,True,False,False,False,False,False,False,False,False,False,False,False,False,False,False,False,False,False,False,False,False,False,True,False,False,False,False,False,False,False,True,False,False,False,False,False,False,False,False,False,False,False,False,False,False,False,True,True,False,False,False,False,True,False,False,False,False,False,False,False,False,False,False,False,True,False,False,False,False,False,False,False,False,False,False,False,False,False,True,False,False,False,False,False,False,False,False,False,True,False,False,False,False,True,False,False,False,True,True,False,False,False,False,False,False,False,True,False,False,False,True,False,False,False,False,False,True,False,False,False,False,False,False,False,False,False,True,True,False,False,False,False,False,True,False,False,True,False,False,False,False,True,False,False,True,False,False,False,False,False,True,False,False,True,False,False,True,False,False,False,False,False,False,False,True,False,False,False,False,True,False,False,False,False,True,False,True,False,False,True,False,True,False,False,True,False,False,False,False,False,False,False,False,False,False,True,False,False,False,True,False,0.14372659176029962,0.814138419030932,-0.2661616161616145,0.18617021276595747,0.4999999999999999,2025.3838383838383,False,False,False,False,False,False,False,True,False,False
0.5628865979381443,1.0,0.14893617021276595,0.25318267419962337,0.625,0.33333333333333326,1.0,1.0,0.30260047281323876,0.45274861025324276,0.0,0.36571094207138677,0.6245614035087719,0.58898847631242,0.0,0.0,0.43071161048689144,0.5,0.0,0.5,0.0,0.3333333333333333,0.0,0.42857142857142855,0.5,1.0,0.5,0.4308510638297872,0.4752475247524752,0.21604938271604937,0.0,0.0,0.0,0.0,0.0,0.4545454545454545,1.0,0.5655172413793104,False,False,True,False,True,True,False,False,False,False,False,False,True,False,False,False,False,True,False,False,False,False,False,False,False,False,False,False,False,False,False,False,False,False,False,True,False,False,False,False,False,False,False,False,False,True,False,False,False,False,False,False,False,True,False,False,False,False,False,False,False,False,True,False,True,False,False,False,False,False,True,False,False,False,False,True,False,False,False,False,False,False,False,False,False,False,False,False,False,False,False,False,False,True,False,False,False,False,False,False,False,False,False,False,False,False,False,False,True,False,False,False,False,True,False,True,False,False,False,False,True,False,True,False,False,False,False,True,False,False,False,False,False,True,False,True,False,False,False,True,False,False,False,False,False,False,False,False,False,True,True,False,False,False,False,False,False,False,False,True,False,False,False,False,True,False,True,False,False,False,False,False,False,True,False,True,False,False,False,True,False,False,False,False,False,False,True,False,False,False,False,False,True,False,False,False,False,True,False,True,False,False,True,False,False,False,True,True,False,False,False,False,False,False,False,False,True,False,False,False,False,False,False,True,0.26919475655430714,1.213549879821192,0.0,0.2154255319148936,0.2083333333333333,2025.0,False,False,False,False,True,False,False,False,False,False
0.563573883161512,0.39999999999999997,0.44680851063829785,0.3175894538606403,0.625,0.33333333333333326,0.9393939393939412,0.8833333333333329,0.0,0.0,0.0,0.46693973083674667,0.2970760233918129,0.23047375160051214,0.6241660489251297,0.0,0.5627340823970037,0.0,0.0,0.5,1.0,0.6666666666666667,0.0,0.42857142857142855,0.0,0.9270833333333321,0.5,0.5784574468085106,0.0,0.2777777777777778,0.0,0.0,0.0,0.0,0.0,0.4545454545454545,0.5,0.4241379310344827,False,False,True,False,True,True,False,False,False,False,False,False,True,False,True,False,False,False,False,False,False,False,False,False,True,False,False,False,False,False,False,False,False,False,False,False,False,False,False,False,False,False,False,False,False,True,False,False,False,False,False,False,False,True,False,False,False,False,False,False,False,False,False,False,False,False,False,True,False,False,True,False,False,False,False,True,False,False,False,False,False,False,False,False,False,False,False,False,False,False,False,False,False,True,False,False,False,False,False,False,False,False,False,False,False,False,False,False,True,False,False,False,True,False,False,True,False,False,False,False,True,False,True,False,False,False,False,True,False,False,False,False,False,True,False,False,True,False,False,False,False,False,False,True,False,False,False,False,False,True,True,False,False,False,False,False,False,False,False,True,False,False,False,False,True,False,True,False,False,False,False,False,False,True,False,False,True,False,False,True,False,False,False,False,False,False,True,False,False,False,False,False,True,False,False,False,False,True,False,True,False,False,True,False,False,False,True,True,False,False,False,False,False,False,False,False,False,False,True,False,False,False,True,False,0.35170880149812733,0.527549774992325,-0.056060606060608364,0.2892287234042553,0.2083333333333333,2025.060606060606,False,False,False,False,False,True,False,False,False,False
0.5656357388316152,0.3,0.3191489361702128,0.5190207156308851,0.5,0.9999999999999998,0.30303030303030454,0.0,0.0,0.0,0.0,0.45523698069046226,0.28538011695906434,0.32394366197183094,0.4040029651593773,0.0,0.49204119850187267,0.0,0.0,0.5,0.0,0.6666666666666667,0.0,0.5714285714285714,0.5,0.27083333333333215,0.0,0.10638297872340427,0.8292079207920792,0.0,0.0,0.0,0.0,0.0,0.0,0.5454545454545454,0.75,0.2741379310344827,False,False,True,False,True,True,False,False,False,True,False,False,True,False,False,False,False,True,False,False,False,False,False,False,False,False,False,False,False,False,False,False,False,False,False,False,False,True,False,False,False,False,False,False,False,True,False,False,False,False,False,False,False,True,False,False,False,False,False,False,False,False,False,False,False,False,False,False,False,False,True,False,False,False,False,True,False,False,False,False,False,False,False,False,False,False,False,False,False,False,False,False,False,True,False,False,False,False,False,False,False,False,False,False,False,False,False,False,True,False,False,False,True,False,False,False,True,False,False,False,True,False,False,False,False,False,False,False,False,True,False,False,False,True,False,False,True,False,False,False,False,False,False,True,False,False,False,False,False,True,True,False,False,False,False,False,False,False,True,True,False,False,False,False,True,False,False,True,False,False,False,False,False,True,False,True,False,False,False,False,False,False,False,True,False,False,False,True,False,False,False,False,True,False,False,False,False,True,False,True,False,False,True,True,False,False,False,True,False,False,False,False,False,False,False,False,False,False,True,False,False,False,True,False,0.24602059925093633,0.6093237789308953,-0.30303030303030454,0.0,0.4999999999999999,2025.6969696969697,False,False,False,False,False,True,False,False,True,False
0.5663230240549829,0.0,0.5425531914893617,0.6181544256120527,0.75,0.33333333333333326,0.9696969696969688,0.93333333333333,0.0,0.0,0.0,0.8712697483908719,0.7011695906432749,0.6728553137003841,0.0,0.0,0.49204119850187267,0.0,0.0,0.5,0.0,0.6666666666666667,0.0,0.5714285714285714,0.5,0.9583333333333321,0.5,0.8191489361702128,0.0,0.8641975308641975,0.0,0.0,0.0,0.0,0.0,0.4545454545454545,0.0,0.5951724137931035,True,False,False,False,True,True,False,False,False,True,False,False,True,False,False,False,False,True,False,False,False,False,False,False,False,False,False,False,False,False,False,False,False,False,False,False,False,False,False,False,True,False,False,False,False,True,False,False,False,False,False,False,False,True,False,False,False,False,False,False,False,False,False,False,True,False,False,False,False,False,True,False,False,False,False,True,False,False,False,False,False,False,False,False,False,False,False,False,False,False,False,False,False,True,False,False,False,False,False,False,False,False,False,False,False,False,False,False,True,False,False,False,True,False,False,True,False,False,False,False,True,False,True,False,False,False,False,True,False,False,True,False,False,False,False,False,True,False,False,False,False,False,False,True,False,False,False,False,False,True,True,False,False,False,False,False,False,False,False,True,False,False,False,False,True,False,True,False,False,False,False,False,False,True,False,True,False,False,False,True,False,False,False,False,False,False,True,False,False,False,False,False,True,False,False,False,False,True,False,True,False,False,True,False,False,False,True,True,False,False,False,False,False,False,False,False,True,False,False,False,False,False,False,True,0.3690308988764045,1.374024904343659,-0.03636363636363882,0.4095744680851064,0.24999999999999994,2025.030303030303,False,False,False,False,False,True,False,False,False,True
0.568384879725086,0.0,0.3723404255319148,0.415743879472693,0.625,0.33333333333333326,0.9191919191919204,0.8500000000000014,0.0,0.012353304508956147,0.0,0.8390871854885898,0.680701754385965,0.6376440460947503,0.0,0.0,0.4662921348314607,0.0,0.0,0.5,0.0,0.6666666666666667,0.0,0.42857142857142855,0.5,0.90625,0.5,0.4880319148936171,0.7178217821782178,0.24074074074074073,0.0,0.0,0.0,0.0,0.0,0.2727272727272727,0.75,0.44482758620689655,False,False,True,False,True,True,False,False,False,False,False,False,True,False,False,False,False,True,False,False,False,False,False,False,False,False,False,False,False,False,False,False,False,False,False,False,False,False,False,True,False,False,False,False,False,True,False,False,False,False,False,False,False,True,False,False,False,False,False,False,False,False,False,False,True,False,False,False,False,False,True,False,False,False,False,True,False,False,False,False,False,False,False,False,False,False,False,False,False,False,False,False,False,True,False,False,False,False,False,False,False,False,False,False,False,False,False,False,True,False,False,False,True,False,False,True,False,False,False,False,True,False,True,False,False,False,False,True,False,False,False,False,False,True,False,False,True,False,False,True,False,False,False,False,False,False,False,False,False,True,True,False,False,False,False,False,False,False,False,True,False,False,False,False,True,False,True,False,False,False,False,False,False,True,False,False,False,False,True,True,False,False,False,False,False,False,True,False,False,False,False,False,True,False,False,False,False,True,False,True,False,False,True,False,False,False,True,True,False,False,False,False,False,False,False,False,False,False,True,False,False,False,True,False,0.29143258426966295,1.3183458004807154,-0.06919191919191903,0.24401595744680854,0.2083333333333333,2025.080808080808,False,False,False,False,True,False,False,True,False,False
0.5718213058419245,0.39999999999999997,0.14893617021276595,0.49250470809792846,0.625,0.6666666666666667,0.9393939393939412,0.8833333333333329,0.5271867612293144,0.29833230389129095,0.0,0.26799297834991226,0.38070175438596493,0.32202304737516,0.6582653817642699,0.0,0.6512172284644194,0.5,0.0,0.5,1.0,0.6666666666666667,0.0,0.5714285714285714,0.5,0.9270833333333321,0.5,0.6023936170212766,0.4752475247524752,0.24074074074074073,0.0,0.0,0.0,0.0,0.0,0.0,1.0,0.6103448275862069,False,False,True,False,True,True,False,False,False,False,False,False,True,False,True,False,False,False,False,False,False,False,False,False,True,False,False,False,False,False,False,False,False,False,False,False,False,False,False,False,False,False,False,False,False,True,False,False,False,False,False,False,False,True,False,False,False,False,False,False,False,False,False,False,False,False,False,True,False,False,True,False,False,False,False,True,False,False,False,False,False,False,False,False,False,False,False,False,False,False,False,False,False,True,False,False,False,False,False,False,False,False,False,False,False,False,False,False,True,False,False,True,False,False,False,True,False,False,False,False,True,False,True,False,False,False,False,True,False,False,False,False,False,True,False,False,True,False,False,True,False,False,False,False,False,False,False,False,False,True,True,False,False,False,False,False,False,False,False,True,False,False,False,False,True,False,True,False,False,False,False,False,False,True,False,False,False,False,True,True,False,False,False,False,False,False,True,False,False,False,False,False,True,False,False,False,False,True,False,True,False,False,True,False,False,False,True,True,False,False,False,False,False,False,False,False,False,False,True,False,False,False,True,False,0.40701076779026213,0.702724801761125,-0.056060606060608364,0.3011968085106383,0.41666666666666674,2025.060606060606,False,False,False,False,False,False,True,False,True,False
0.5731958762886599,0.0,0.4787234042553191,0.3664783427495292,0.375,0.6666666666666667,0.5151515151515156,0.18333333333333002,0.3215130023640662,0.3533045089561458,0.0,0.3346986541837332,0.4994152046783626,0.45198463508322667,0.0,0.0,0.33052434456928836,0.5,0.0,0.0,0.0,0.6666666666666667,0.0,0.42857142857142855,0.0,0.48958333333333215,0.5,0.3936170212765957,0.0,0.0,0.0,0.0,0.0,0.0,0.0,0.7272727272727273,0.5,0.27568965517241373,False,False,True,False,True,True,False,False,False,True,False,False,True,False,False,False,False,True,False,False,False,False,False,False,False,False,False,False,False,False,False,True,False,False,False,False,False,False,False,False,False,False,False,False,False,True,False,False,False,False,False,False,False,True,False,False,False,False,False,False,False,False,False,False,True,False,False,False,False,False,True,False,False,False,False,True,False,False,False,False,False,False,False,False,False,False,False,False,False,False,False,False,False,True,False,False,False,False,False,False,False,False,False,False,False,False,False,False,True,False,False,True,False,False,False,False,True,False,False,False,True,True,False,False,False,False,False,False,False,True,False,False,False,True,False,False,True,False,False,False,False,False,True,False,False,False,False,False,False,True,True,False,False,False,False,False,True,False,False,True,False,False,False,False,True,False,False,True,False,False,False,False,False,True,False,False,True,False,False,True,False,False,False,False,False,False,False,True,False,False,False,False,True,False,False,False,False,True,False,True,False,False,True,True,False,False,False,True,False,False,False,False,False,False,False,False,False,False,True,False,False,False,True,False,0.12394662921348314,0.9513998397615893,-0.33181818181818556,0.19680851063829785,0.25,2025.4848484848485,False,False,False,False,False,False,False,True,False,False
0.5738831615120276,0.0,0.3191489361702128,0.49642184557438795,0.25,0.9999999999999998,0.40404040404040487,0.75,0.0,0.27300802964793086,0.0,0.36571094207138677,0.4543859649122807,0.4026888604353393,0.0,0.0,0.29447565543071164,0.0,0.0,0.5,0.0,0.3333333333333333,0.0,0.14285714285714285,0.0,0.8541666666666643,0.5,0.3670212765957447,0.7178217821782178,0.0,0.0,0.0,0.0,0.0,0.0,0.09090909090909091,1.0,0.23448275862068965,False,False,True,False,True,True,False,False,False,True,False,False,True,False,False,False,False,True,False,False,False,False,False,False,False,False,False,False,False,False,False,False,False,False,False,False,False,False,True,False,False,False,False,False,False,True,False,False,False,False,False,False,False,True,False,False,False,False,False,False,False,False,False,False,True,False,False,False,False,False,True,False,False,False,False,True,False,False,False,False,False,False,False,False,False,False,False,False,False,False,False,False,False,True,False,False,False,False,False,False,False,True,False,False,False,False,False,False,False,False,False,False,True,False,False,False,True,False,False,False,True,True,False,False,False,False,False,True,False,False,False,False,False,True,False,False,True,False,True,False,False,False,False,False,False,False,False,False,False,True,True,False,False,False,False,False,False,False,True,True,False,False,False,False,True,False,True,False,False,False,True,False,False,False,False,False,True,False,False,True,False,False,False,False,False,False,False,True,False,False,False,False,True,False,False,False,False,True,False,True,False,False,True,False,False,False,True,True,False,False,False,False,False,False,False,False,False,False,True,False,False,False,True,False,0.07361891385767791,0.85707482534762,0.34595959595959513,0.18351063829787234,0.24999999999999994,2025.5959595959596,False,False,False,False,False,False,False,False,True,False
0.5759450171821306,0.0,0.4787234042553191,0.4907721280602636,0.375,0.6666666666666667,0.8585858585858581,0.93333333333333,0.0,0.0,0.0,0.6430661205383266,0.4730994152046784,0.4231754161331626,0.0,0.0,0.30945692883895126,0.0,0.0,0.0,1.0,0.6666666666666667,0.0,0.42857142857142855,0.0,0.8854166666666643,0.0,0.25531914893617025,0.6881188118811882,0.0,0.0,0.0,0.0,0.0,0.0,0.4545454545454545,0.5,0.2896551724137931,False,False,True,False,True,True,False,False,False,True,False,False,True,False,False,False,False,True,False,False,False,False,False,False,True,False,False,False,False,False,False,False,False,False,False,False,False,False,False,False,False,False,False,False,False,True,False,False,False,False,False,False,False,True,False,False,False,False,False,False,False,False,False,False,True,False,False,False,False,False,True,False,False,False,False,True,False,False,False,False,False,False,False,False,False,False,False,False,False,False,False,False,False,True,False,False,False,False,False,False,False,False,False,False,False,False,False,False,True,False,False,False,True,False,False,False,True,False,False,False,True,False,True,False,False,False,False,True,False,False,False,False,False,True,False,False,True,False,False,False,False,False,False,True,False,False,False,False,False,True,True,False,False,False,False,False,False,False,False,True,False,False,False,False,True,False,True,False,False,False,False,False,False,True,False,False,True,False,False,True,False,False,False,False,False,False,False,True,False,False,False,False,True,False,False,False,False,True,False,True,False,False,True,False,False,False,True,True,False,False,False,False,False,False,False,False,False,False,True,False,False,False,True,False,0.11604634831460672,0.896274831337841,0.0747474747474719,0.0,0.25,2025.141414141414,False,False,False,False,False,False,False,False,True,False
0.5766323024054983,0.3,0.42553191489361697,0.6596610169491526,0.375,0.6666666666666667,0.3636363636363633,0.75,0.0,0.21741815935762818,0.0,0.24341720304271505,0.2795321637426901,0.2112676056338028,0.3202372127501853,0.0,0.3567415730337079,0.0,0.0,0.0,0.0,0.6666666666666667,0.0,0.42857142857142855,0.0,0.33333333333333215,0.0,0.10638297872340427,0.0,0.0,0.0,0.0,0.0,0.0,0.0,0.36363636363636365,0.5,0.24310344827586208,False,False,True,False,True,True,False,False,False,True,False,False,True,False,False,False,False,True,False,False,False,False,False,False,False,False,True,False,False,False,False,False,False,False,False,False,False,False,False,False,False,False,False,False,False,True,False,False,False,False,False,False,False,True,False,False,False,False,False,False,False,False,False,False,False,False,False,False,False,False,True,False,False,False,False,True,False,False,False,False,False,False,False,False,False,False,False,False,False,True,False,False,False,False,False,False,False,False,False,False,False,False,False,True,False,False,False,False,False,False,False,False,True,False,False,False,True,False,False,False,True,True,False,False,False,False,False,False,False,True,False,False,False,True,False,False,True,False,True,False,False,False,False,False,False,False,False,False,False,True,True,False,False,False,False,False,False,False,False,True,False,False,False,False,True,False,False,True,False,False,False,False,False,True,False,False,True,False,False,False,False,False,False,True,False,False,False,True,False,False,False,False,True,False,False,False,False,True,False,True,False,False,True,False,False,False,True,True,False,False,False,False,False,False,False,False,False,False,True,False,False,False,True,False,0.13377808988764045,0.4907997693764929,0.3863636363636367,0.0,0.25,2025.6363636363637,False,False,False,False,True,False,False,False,False,True
0.5821305841924399,0.0,0.06382978723404253,0.9425988700564972,0.375,0.6666666666666667,0.6262626262626263,0.36666666666666714,0.0,0.2841260037059914,0.0,0.2363955529549444,0.33567251461988307,0.27272727272727276,0.0,0.0,0.199438202247191,0.5,0.0,0.0,0.0,0.6666666666666667,0.0,0.28571428571428564,0.5,0.6041666666666643,0.0,0.23670212765957446,0.0,0.0,0.0,0.0,0.0,0.0,0.0,0.6363636363636364,0.75,0.253448275862069,False,False,True,False,True,True,False,False,False,False,False,False,True,False,True,False,False,False,False,False,False,False,False,False,True,False,False,False,False,False,False,False,False,False,False,False,False,False,False,False,False,False,False,False,False,True,False,False,False,False,False,False,False,True,False,False,False,False,False,False,False,False,False,False,True,False,False,False,False,False,True,False,False,False,False,True,False,False,False,False,False,False,False,False,False,False,False,True,False,False,False,False,False,False,False,False,False,False,False,False,False,False,False,False,False,True,False,False,False,False,False,False,True,False,False,False,True,False,False,False,True,True,False,False,False,False,False,False,False,True,False,False,False,True,False,False,False,False,True,False,False,False,False,False,False,False,False,False,False,True,True,False,False,False,False,False,False,False,False,True,False,False,False,False,True,False,False,True,False,False,False,False,False,True,True,False,False,False,False,True,False,False,False,False,False,False,False,True,False,False,False,False,True,False,False,False,False,True,False,True,False,False,True,False,False,False,True,True,False,False,False,False,False,False,False,False,False,False,True,False,False,False,True,False,0.07478932584269662,0.6083997873471558,-0.25959595959595916,0.0,0.25,2025.3737373737374,False,False,False,False,False,False,False,False,False,True
0.5835051546391753,0.6000000000000001,0.5319148936170213,0.49642184557438795,0.5,0.9999999999999998,0.6666666666666679,0.7333333333333343,0.851063829787234,0.0,0.0,0.30895260386190754,0.13918128654970763,0.4199743918053777,0.56412157153447,0.0,0.6633895131086143,0.0,0.0,0.5,1.0,0.6666666666666667,0.0,0.5714285714285714,0.5,0.6458333333333321,0.5,0.46808510638297873,0.27970297029702973,0.6172839506172839,0.0,0.0,0.0,0.0,0.0,0.6363636363636364,0.25,0.4379310344827586,False,False,True,False,True,True,False,False,False,True,False,False,True,False,False,True,False,False,False,False,False,False,False,False,False,False,False,False,False,False,False,False,False,False,False,False,False,False,False,False,False,False,False,True,True,False,False,False,False,False,False,False,False,True,False,False,False,False,False,False,False,False,False,False,False,False,False,False,False,True,False,False,True,False,False,True,False,False,False,False,False,False,False,False,False,False,False,False,False,False,True,False,False,False,False,False,False,False,False,False,False,False,False,False,False,True,False,False,False,False,False,True,False,False,False,True,False,False,True,False,False,True,False,False,False,False,False,False,False,True,False,False,False,True,False,False,True,False,False,False,False,False,False,True,False,False,False,False,False,True,True,False,False,False,False,False,False,False,False,True,False,False,False,False,True,False,False,True,False,False,False,False,False,True,False,False,False,False,True,True,False,False,False,False,False,False,True,False,False,False,False,False,True,False,False,False,False,True,False,True,False,False,True,False,False,False,True,True,False,False,False,False,False,False,False,False,False,False,True,False,False,False,True,False,0.33169475655430714,0.5591556783550853,0.06666666666666643,0.23404255319148937,0.4999999999999999,2025.3333333333333,False,False,False,False,False,False,True,False,True,False
0.584192439862543,1.0,0.06382978723404253,0.10734463276836159,0.5,0.33333333333333326,0.9393939393939412,0.8833333333333329,0.4018912529550827,0.40704138357010505,0.0,0.11059098888238736,0.3263157894736842,0.2624839948783611,0.0,0.0,0.19194756554307119,0.5,0.0,0.0,0.0,0.0,0.0,0.0,0.0,0.9270833333333321,0.5,0.3457446808510638,0.34653465346534656,0.0,0.0,0.0,0.0,0.0,0.0,0.9090909090909091,0.25,0.246551724137931,False,False,False,True,True,True,False,False,False,True,False,False,True,False,False,False,False,True,False,False,False,False,False,False,True,False,False,False,False,False,False,False,False,False,False,False,False,False,False,False,False,False,False,False,False,True,False,False,False,False,False,False,False,True,False,False,False,False,False,False,False,False,True,False,True,False,False,False,False,False,True,False,False,False,False,True,False,False,False,False,False,False,False,False,False,False,False,False,False,False,False,False,False,True,False,False,False,False,False,False,False,False,False,False,False,False,False,False,True,False,False,True,False,False,False,True,False,False,False,False,True,False,True,False,False,False,False,True,False,False,False,False,False,True,False,False,False,False,False,True,False,False,False,False,False,False,False,False,False,True,True,False,False,False,False,False,False,False,False,True,False,False,False,False,True,False,True,False,False,False,False,False,False,True,False,False,True,False,False,True,False,False,False,False,False,False,False,False,False,False,False,False,True,False,False,False,False,True,False,True,False,False,True,False,False,False,True,True,False,False,False,False,False,False,False,False,False,False,True,False,False,False,True,False,0.09597378277153559,0.5887997843520454,-0.056060606060608364,0.1728723404255319,0.16666666666666663,2025.060606060606,False,False,False,False,False,False,False,False,False,False
0.5890034364261169,0.39999999999999997,0.3723404255319148,0.3853107344632768,0.5,0.33333333333333326,0.8484848484848477,0.75,0.0,0.0,0.0,0.41076653013458164,0.2409356725146199,0.16901408450704225,0.5774647887323944,0.0,0.48829588014981273,0.0,0.0,0.5,1.0,0.6666666666666667,0.0,0.42857142857142855,0.5,0.8333333333333321,0.5,0.24335106382978725,0.0,0.2222222222222222,0.0,0.0,0.0,0.0,0.0,0.1818181818181818,0.75,0.3931034482758621,False,False,True,False,True,True,False,False,False,True,False,False,True,False,False,False,False,True,False,False,False,False,False,False,False,False,False,True,False,False,False,False,False,False,False,False,False,False,False,False,False,False,False,False,False,True,False,False,False,False,False,False,False,True,False,False,False,False,False,False,False,False,False,False,False,False,False,True,False,False,True,False,False,False,False,True,False,False,False,False,False,False,False,False,False,False,False,True,False,False,False,False,False,False,False,False,False,False,False,False,False,True,False,False,False,False,False,False,False,False,False,False,True,False,False,False,True,False,False,False,True,False,True,False,False,False,False,True,False,False,False,False,False,True,False,False,True,False,False,False,False,False,False,True,False,False,False,False,False,True,True,False,False,False,False,False,True,False,False,True,False,False,False,False,True,False,False,True,False,False,False,False,False,True,False,False,False,False,True,True,False,False,False,False,False,False,False,False,False,False,False,False,True,False,False,False,False,True,False,True,False,False,True,False,False,False,True,True,False,False,False,False,False,False,False,False,False,False,True,False,False,False,True,False,0.24414794007490637,0.40994975702166214,-0.09848484848484773,0.12167553191489362,0.16666666666666663,2025.1515151515152,False,False,False,False,False,True,False,True,False,False
0.5896907216494846,0.0,0.5319148936170213,0.5566854990583804,0.625,0.33333333333333326,0.6666666666666679,0.43333333333333,0.44680851063829785,0.0,0.0,0.6377998829724986,0.46783625730994155,0.5966709346991037,0.0,0.0,0.43632958801498123,0.0,0.0,0.5,0.0,0.6666666666666667,0.0,0.42857142857142855,0.5,0.6458333333333321,0.5,0.42420212765957444,0.0,0.0,0.0,0.0,0.0,0.0,0.0,0.4545454545454545,0.75,0.3172413793103448,False,False,True,False,True,True,False,False,False,True,False,False,True,False,False,False,False,True,False,False,False,False,False,False,False,False,False,False,False,False,False,False,False,True,False,False,False,False,False,False,False,False,False,False,False,True,False,False,False,False,False,False,False,True,False,False,False,False,False,False,False,False,False,False,True,False,False,False,False,False,True,False,False,False,False,True,False,False,False,False,False,False,False,False,False,False,False,True,False,False,False,False,False,False,False,False,False,False,False,False,False,True,False,False,False,False,False,False,False,False,False,True,False,False,False,False,True,False,False,False,True,True,False,False,False,False,False,True,False,False,False,False,False,True,False,False,True,False,False,False,False,False,False,True,False,False,False,False,False,True,True,False,False,False,False,False,False,False,True,True,False,False,False,False,True,False,False,True,False,False,False,False,False,True,False,False,False,False,True,True,False,False,False,False,False,False,True,False,False,False,False,False,True,False,False,False,False,True,False,True,False,False,True,False,True,False,False,True,False,False,False,False,False,False,False,False,False,False,True,False,False,True,False,False,0.2727059925093633,1.0645071920090452,-0.23333333333333783,0.21210106382978722,0.2083333333333333,2025.3333333333333,False,False,False,False,True,False,False,False,True,False
0.5924398625429553,0.0,0.5425531914893617,0.5018455743879473,0.5,0.33333333333333326,0.7474747474747474,0.5833333333333357,0.0,0.20877084620135888,0.0,0.41076653013458164,0.43859649122807015,0.42189500640204863,0.0,0.0,0.30852059925093633,0.0,0.0,0.5,0.0,0.6666666666666667,0.0,0.42857142857142855,0.0,0.75,0.5,0.4255319148936171,0.0,0.0,0.0,0.0,0.0,0.0,0.0,0.36363636363636365,1.0,0.3172413793103448,False,False,True,False,True,True,False,False,False,True,False,False,True,False,False,False,False,False,False,False,False,False,False,False,False,False,False,False,False,False,False,False,False,False,False,False,False,False,False,True,False,False,False,False,False,True,False,False,False,False,False,False,False,True,False,False,False,False,False,False,False,False,False,False,True,False,False,False,False,False,False,False,True,False,False,True,False,False,False,False,False,False,False,False,False,False,False,True,False,False,False,False,False,False,False,False,False,False,False,False,False,False,False,False,False,True,False,False,False,False,False,False,True,False,False,False,True,False,False,False,True,False,True,False,False,False,False,True,False,False,False,False,False,True,False,False,True,False,False,True,False,False,False,False,False,False,False,False,False,True,True,False,False,False,False,False,False,False,True,True,False,False,False,False,True,False,False,True,False,False,False,False,False,True,False,False,True,False,False,True,False,False,False,False,False,False,False,True,False,False,False,False,True,False,False,False,False,True,False,True,False,False,True,False,False,False,False,True,False,False,False,False,False,False,False,False,False,False,True,False,False,False,True,False,0.15426029962546817,0.8604914976301188,-0.1641414141414117,0.21276595744680854,0.16666666666666663,2025.2525252525252,False,False,False,False,False,False,False,False,True,False
0.593127147766323,0.0,0.42553191489361697,0.37069679849340864,0.375,0.33333333333333326,0.4949494949494948,0.14999999999999858,0.0,0.7090796788140828,0.0,0.0,0.5017543859649123,0.45454545454545453,0.0,0.0,0.33239700374531833,0.5,0.0,0.0,0.0,0.6666666666666667,0.0,0.42857142857142855,0.0,0.46875,0.0,0.6808510638297872,0.0,0.0,0.0,0.0,0.0,0.0,0.0,0.5454545454545454,0.75,0.24999999999999997,False,False,True,False,True,True,False,False,False,True,False,False,True,False,False,False,False,True,False,False,False,False,False,False,False,False,False,False,False,False,False,True,False,False,False,False,False,False,False,False,False,False,False,False,False,True,False,False,False,False,False,False,False,True,False,False,False,False,False,False,False,False,False,False,True,False,False,False,False,False,False,False,True,False,False,True,False,False,False,False,False,False,False,False,True,False,False,False,False,False,False,False,False,False,False,False,False,False,False,False,False,False,False,False,False,True,False,False,False,False,False,False,True,False,False,False,True,False,False,False,True,True,False,False,False,False,False,False,False,True,False,False,False,True,False,False,True,False,True,False,False,False,False,False,False,False,False,False,False,True,True,False,False,False,False,False,False,False,True,True,False,False,False,False,True,False,False,True,False,False,False,False,False,True,False,False,True,False,False,True,False,False,False,False,False,False,False,True,False,False,False,False,True,False,False,False,False,True,False,True,False,False,True,False,False,False,False,True,False,False,False,False,False,False,False,False,False,False,True,False,False,False,True,False,0.12464887640449437,0.9562998405103669,-0.3449494949494962,0.0,0.12499999999999997,2025.5050505050506,False,False,False,False,True,False,False,True,False,False
0.5938144329896907,0.0,0.44680851063829785,0.42410546139359695,0.625,0.33333333333333326,0.9797979797979792,0.9666666666666686,0.0,0.0,0.0,0.8028086600351083,0.632748538011696,0.5979513444302176,0.0,0.0,0.43726591760299627,0.0,0.0,0.5,0.0,0.6666666666666667,0.0,0.42857142857142855,0.0,0.9791666666666643,0.5,0.49069148936170215,0.0,0.8641975308641975,0.0,0.0,0.0,0.0,0.0,0.36363636363636365,0.5,0.6571724137931034,True,False,False,False,True,True,False,False,False,True,False,False,True,False,False,False,False,True,False,False,False,False,False,False,False,False,False,False,False,False,False,False,False,False,False,False,False,False,False,False,True,False,False,False,False,True,False,False,False,False,False,False,False,True,False,False,False,False,False,False,False,False,False,False,True,False,False,False,False,False,True,False,False,False,False,True,False,False,False,False,False,False,False,False,False,False,False,False,False,False,False,False,False,True,False,False,False,False,False,False,False,False,False,False,False,False,False,False,True,False,False,False,True,False,False,True,False,False,False,False,True,False,True,False,False,False,False,False,False,False,False,False,False,True,False,False,True,False,False,False,False,False,False,True,False,False,False,False,False,True,True,False,False,False,False,False,False,False,False,True,False,False,False,False,True,False,True,False,False,False,False,False,False,True,False,False,True,False,False,True,False,False,False,False,False,False,False,False,False,False,False,False,True,False,False,False,False,True,False,True,False,False,True,False,False,False,True,True,False,False,False,False,False,False,False,False,True,False,False,False,False,False,False,True,0.27329119850187267,1.2306998824419135,-0.013131313131310662,0.24534574468085107,0.2083333333333333,2025.020202020202,False,False,False,False,True,False,False,True,False,False
0.5951890034364261,0.0,0.3936170212765957,0.575969868173258,0.75,0.33333333333333326,0.9696969696969688,0.9500000000000028,0.6477541371158392,0.0,0.0,0.9584552369806905,0.7883040935672514,0.7733674775928296,0.0,0.0,0.5655430711610487,0.0,0.0,0.5,0.0,0.6666666666666667,0.0,0.42857142857142855,0.5,0.96875,1.0,0.9441489361702128,0.4752475247524752,0.49382716049382713,0.0,0.0,0.0,0.0,0.0,0.9090909090909091,0.25,0.6513793103448275,False,False,True,False,True,True,False,False,False,False,True,False,False,False,False,False,False,True,False,False,False,False,False,False,False,False,False,False,False,False,False,False,False,False,False,False,False,False,False,False,False,False,True,False,False,True,False,False,False,False,False,False,False,True,False,False,False,False,False,False,False,False,False,False,True,False,False,False,False,False,True,False,False,False,False,True,False,False,False,False,False,False,False,False,False,False,False,False,False,False,False,False,False,True,False,False,False,False,False,False,False,False,False,False,False,False,False,False,True,False,False,False,False,True,False,True,False,False,False,False,True,False,True,False,False,False,False,True,False,False,False,False,False,True,False,False,False,False,False,False,False,False,False,True,False,False,False,False,False,True,True,False,False,False,False,False,False,False,False,True,False,False,False,False,True,False,True,False,False,False,False,False,False,True,False,True,False,False,False,True,False,False,False,False,False,False,True,False,False,False,False,False,True,False,False,False,False,True,False,True,False,False,True,False,False,False,True,True,False,False,False,False,False,False,False,False,True,False,False,False,False,False,False,True,0.42415730337078655,1.561671571160081,-0.019696969696965994,0.9441489361702128,0.24999999999999994,2025.030303030303,False,False,False,False,False,True,False,False,True,False
0.5972508591065293,0.39999999999999997,0.5319148936170213,0.5218832391713748,0.625,0.33333333333333326,0.8383838383838373,0.7333333333333343,0.5815602836879432,0.46324891908585547,0.0,0.17554125219426567,0.4444444444444445,0.3994878361075544,0.6575240919199407,0.0,0.7073970037453183,0.5,0.0,0.5,1.0,0.6666666666666667,0.0,0.7142857142857142,0.5,0.8229166666666643,0.5,0.5505319148936171,0.38613861386138615,0.5555555555555556,0.0,0.0,0.0,0.0,0.0,0.4545454545454545,1.0,0.6068965517241379,False,False,True,False,True,True,False,False,False,True,False,False,True,False,False,False,False,True,False,False,False,False,False,False,False,False,False,False,False,False,False,False,False,False,False,False,False,False,False,True,False,False,False,False,False,True,False,False,False,False,False,False,False,True,False,False,False,False,False,False,False,False,False,False,False,False,False,True,False,False,True,False,False,False,False,True,False,False,False,False,False,False,False,False,False,False,False,False,False,True,False,False,False,False,False,False,False,False,False,False,False,False,False,True,False,False,False,False,False,False,False,True,False,False,False,True,False,False,False,False,True,False,True,False,False,False,False,True,False,False,False,False,False,True,False,False,True,False,False,True,False,False,False,False,False,False,False,False,False,True,True,False,False,False,False,False,False,False,False,True,False,False,False,False,True,False,True,False,False,False,False,False,False,True,False,False,False,False,True,True,False,False,False,False,False,False,False,False,False,False,False,False,True,False,False,False,False,True,False,True,False,False,True,False,False,False,False,True,False,False,False,False,False,False,False,False,False,False,True,False,False,False,True,False,0.44212312734082393,0.8439322805519989,-0.10505050505050306,0.27526595744680854,0.2083333333333333,2025.1616161616162,False,False,False,False,False,False,True,False,True,False
0.597938144329897,0.0,0.3191489361702128,0.2704331450094162,0.375,0.33333333333333326,0.525252525252526,0.20000000000000284,0.0,0.0,0.0,0.5231129315389117,0.3532163742690058,0.2919334186939821,0.0,0.0,0.21348314606741575,0.0,0.0,0.0,0.0,0.3333333333333333,0.0,0.28571428571428564,0.0,0.5,0.0,0.19680851063829788,0.0,0.0,0.0,0.0,0.0,0.0,0.0,0.6363636363636364,0.75,0.17068965517241377,False,False,True,False,True,True,False,False,False,True,False,False,True,False,False,False,False,True,False,False,False,False,False,False,False,False,False,False,False,False,False,True,False,False,False,False,False,False,False,False,False,False,False,False,False,False,False,True,False,False,False,False,False,True,False,False,False,False,False,False,False,False,False,False,True,False,False,False,False,False,False,False,True,False,False,True,False,False,False,False,False,False,False,False,False,False,False,False,False,True,False,False,False,False,False,False,False,False,False,False,False,False,False,True,False,False,False,False,False,False,False,False,True,False,False,False,True,False,False,False,True,True,False,False,False,False,False,False,False,True,False,False,False,True,False,False,True,False,False,False,False,False,False,True,False,False,False,False,False,True,True,False,False,False,False,False,True,False,False,False,False,False,False,False,True,False,False,True,False,False,False,False,False,True,False,False,True,False,False,False,False,False,False,True,False,False,False,True,False,False,False,False,True,False,False,False,False,True,False,True,False,False,True,False,False,False,True,True,False,False,False,False,False,False,False,False,False,False,True,False,False,False,True,False,0.0800561797752809,0.6451497929629879,-0.32525252525252313,0.0,0.12499999999999997,2025.4747474747476,False,False,False,False,False,False,False,False,False,False
0.5986254295532647,0.39999999999999997,0.42553191489361697,0.43239171374764596,0.5,0.33333333333333326,0.8888888888888893,0.7999999999999972,0.27423167848699764,0.3119209388511427,0.0,0.17495611468695144,0.30058479532163745,0.234314980793854,0.6508524833209784,0.0,0.5823970037453183,0.0,0.0,0.5,1.0,0.6666666666666667,0.0,0.5714285714285714,0.0,0.875,0.5,0.48271276595744683,0.0,0.47530864197530864,0.0,0.0,0.0,0.0,0.0,0.4545454545454545,1.0,0.4844827586206897,False,False,True,False,True,True,False,False,False,True,False,False,True,False,False,False,False,True,False,False,False,False,False,False,True,False,False,False,False,False,False,False,False,False,False,False,False,False,False,False,False,False,False,False,False,True,False,False,False,False,False,False,False,True,False,False,False,False,False,False,False,False,False,False,False,False,False,True,False,False,True,False,False,False,False,True,False,False,False,False,False,False,False,False,False,False,False,False,False,False,False,False,False,True,False,False,False,False,False,False,False,False,False,False,False,False,False,False,True,False,False,True,False,False,False,False,True,False,False,False,True,False,True,False,False,False,False,True,False,False,False,False,False,True,False,False,True,False,False,True,False,False,False,False,False,False,False,False,False,True,True,False,False,False,False,False,False,False,False,True,False,False,False,False,True,False,True,False,False,False,False,False,False,True,False,False,True,False,False,True,False,False,False,False,False,False,True,False,False,False,False,False,True,False,False,False,False,True,False,True,False,False,True,False,False,False,True,True,False,False,False,False,False,False,False,False,False,False,True,False,False,False,True,False,0.29119850187265917,0.5348997761154914,-0.08888888888889213,0.24135638297872342,0.16666666666666663,2025.111111111111,False,False,False,False,False,True,False,True,False,False
0.6006872852233678,0.3,0.23404255319148937,0.20414312617702446,0.375,0.6666666666666667,0.3131313131313149,0.0,0.0,0.0,0.0,0.39555295494441195,0.22573099415204678,0.15236875800256083,0.33728687916975536,0.0,0.324438202247191,0.0,0.0,0.0,1.0,0.6666666666666667,0.0,0.28571428571428564,0.0,0.28125,0.0,0.05319148936170212,0.06435643564356436,0.0,0.0,0.0,0.0,0.0,0.0,0.6363636363636364,0.75,0.022413793103448265,False,False,False,True,True,True,False,False,False,True,False,False,True,False,False,False,False,True,False,False,False,False,False,False,False,False,False,False,False,False,False,False,False,False,False,False,True,False,False,False,False,False,False,False,False,False,False,False,False,False,False,False,False,True,False,False,False,False,False,False,False,False,False,False,False,False,False,False,False,False,True,False,False,False,False,True,False,False,False,False,False,False,False,False,False,False,False,False,False,False,False,False,False,False,True,False,False,False,False,False,False,False,False,False,False,False,False,False,False,True,False,False,True,False,False,False,True,False,False,False,True,True,False,False,False,False,False,False,False,True,False,False,False,True,False,False,True,False,False,False,False,False,False,True,False,False,False,False,False,True,True,False,False,False,False,False,False,False,False,True,False,False,False,False,True,False,False,True,False,False,False,False,False,True,False,False,True,False,False,False,False,False,False,True,False,False,False,True,False,False,False,False,True,False,False,False,False,True,False,True,False,False,True,False,False,False,True,True,False,False,False,False,False,False,False,False,False,False,True,False,False,False,False,False,0.12166432584269662,0.3780997521546076,-0.3131313131313149,0.0,0.25,2025.6868686868686,False,False,False,False,False,False,False,False,False,False
0.6027491408934709,0.39999999999999997,0.46808510638297873,0.4387193973634652,0.875,0.33333333333333326,0.9494949494949516,0.9166666666666643,0.5106382978723404,0.7226683137739346,0.0,0.1708601521357519,0.6853801169590643,0.6555697823303457,0.564862861378799,0.0,0.8361423220973784,0.5,0.0,0.5,1.0,1.0,0.0,0.9999999999999998,0.5,0.9375,1.0,0.7686170212765957,0.45544554455445546,0.0,0.0,0.0,0.0,0.0,0.0,0.4545454545454545,0.75,1.0,False,False,True,False,True,True,False,False,False,True,False,False,True,False,False,False,False,True,False,False,False,False,False,False,False,False,False,False,False,False,False,False,False,False,False,True,False,False,False,False,False,False,False,False,False,True,False,False,False,False,False,False,False,True,False,False,False,False,False,False,False,False,False,False,False,False,False,True,False,False,False,False,True,False,False,True,False,False,False,False,False,False,False,False,False,False,False,False,False,False,False,False,False,True,False,False,False,False,False,False,False,False,False,False,False,False,False,False,True,False,False,False,False,True,False,True,False,False,False,False,True,False,True,False,False,False,False,False,False,False,False,False,False,True,False,False,True,False,False,True,False,False,False,False,False,False,False,False,False,True,True,False,False,False,False,False,False,False,False,True,False,False,False,False,True,False,False,False,False,False,False,False,False,True,False,True,False,False,False,True,False,False,False,False,False,False,False,False,False,False,False,False,True,False,False,False,False,True,False,True,False,False,True,False,False,False,True,True,False,False,False,False,False,False,False,False,False,False,True,False,False,False,True,False,0.731624531835206,1.34094989928941,-0.032828282828287314,0.7686170212765957,0.29166666666666663,2025.050505050505,False,False,False,False,False,False,True,True,False,False
0.604810996563574,0.0,0.3191489361702128,0.3023728813559322,0.375,0.33333333333333326,0.9595959595959584,0.93333333333333,0.0,0.6053119209388512,0.0,0.06436512580456408,0.46783625730994155,0.41741357234314974,0.0,0.0,0.30524344569288386,0.5,0.0,0.0,1.0,0.3333333333333333,0.0,0.28571428571428564,0.0,0.9479166666666643,0.5,0.3856382978723404,0.0,0.30246913580246915,0.0,0.0,0.0,0.0,0.0,0.4545454545454545,0.25,0.33448275862068966,False,False,True,False,True,True,False,False,False,True,False,False,True,False,False,False,False,True,False,False,False,False,False,False,False,False,True,False,False,False,False,False,False,False,False,False,False,False,False,False,False,False,False,False,False,True,False,False,False,False,False,False,False,True,False,False,False,False,False,False,False,False,False,False,True,False,False,False,False,False,True,False,False,False,False,True,False,False,False,False,False,False,False,False,False,False,False,False,False,False,False,False,False,True,False,False,False,False,False,False,False,False,False,False,False,False,False,False,True,False,False,False,True,False,False,False,True,False,False,False,True,False,True,False,False,False,False,False,False,False,True,False,False,False,False,False,True,False,False,False,False,False,False,False,False,False,False,False,False,True,True,False,False,False,False,False,True,False,False,True,False,False,False,False,True,False,False,True,False,False,False,False,False,True,False,False,True,False,False,True,False,False,False,False,False,False,False,False,False,False,False,False,True,False,False,False,False,True,False,True,False,False,True,False,False,False,True,True,False,False,False,False,False,False,False,False,False,False,True,False,False,False,True,False,0.11446629213483145,0.8852498296530913,-0.02626262626262843,0.1928191489361702,0.12499999999999997,2025.0404040404042,False,False,False,False,False,False,False,False,False,False
0.6054982817869417,0.3,0.14893617021276595,0.8096421845574387,0.625,0.33333333333333326,0.8080808080808097,0.68333333333333,0.2765957446808511,0.5571340333539222,0.0,0.1486249268578116,0.5064327485380118,0.47951344430217663,0.3928836174944403,0.0,0.5987827715355806,0.0,0.0,0.5,1.0,0.6666666666666667,0.0,0.5714285714285714,0.5,0.7916666666666643,0.5,0.3191489361702128,0.4158415841584158,0.2222222222222222,0.0,0.0,0.0,0.0,0.0,0.2727272727272727,0.25,0.43965517241379315,False,False,True,False,True,True,False,False,False,False,False,False,True,False,True,False,False,False,False,False,False,False,False,False,False,False,False,False,False,False,False,False,False,False,False,False,False,False,False,False,False,False,True,False,False,True,False,False,False,False,False,False,False,True,False,False,False,False,False,False,False,False,False,False,False,False,False,False,False,False,True,False,False,False,False,True,False,False,False,False,False,False,False,False,False,False,False,True,False,False,False,False,False,False,False,False,False,False,False,False,False,True,False,False,False,False,False,False,False,False,False,True,False,False,False,True,False,False,True,False,False,True,False,False,False,False,False,True,False,False,False,False,False,True,False,True,False,False,False,False,True,False,False,False,False,False,False,False,False,True,True,False,False,False,False,False,False,False,False,True,False,False,False,False,True,False,True,False,False,False,False,False,False,True,False,False,False,False,True,True,False,False,False,False,False,False,True,False,False,False,False,False,True,False,False,False,False,True,False,True,False,False,True,False,False,False,True,True,False,False,False,False,False,False,False,False,False,False,True,False,False,False,True,False,0.37423923220973787,0.9859461928401885,-0.12474747474747971,0.1595744680851064,0.2083333333333333,2025.1919191919192,False,False,False,False,False,False,True,False,False,True
0.6075601374570447,0.0,0.3723404255319148,0.311864406779661,0.375,0.33333333333333326,0.5757575757575779,0.28333333333333144,0.14184397163120566,0.26683137739345275,0.0,0.26916325336454067,0.352046783625731,0.2906530089628681,0.0,0.0,0.21254681647940077,0.0,0.0,0.0,0.0,0.6666666666666667,0.0,0.28571428571428564,0.0,0.5520833333333321,0.0,0.1702127659574468,0.0,0.0,0.0,0.0,0.0,0.0,0.0,0.5454545454545454,0.75,0.1379310344827586,False,False,True,False,True,True,False,False,False,True,False,False,True,False,False,False,False,True,False,False,False,False,False,False,False,False,False,False,False,False,False,True,False,False,False,False,False,False,False,False,False,False,False,False,False,True,False,False,False,False,False,False,False,True,False,False,False,False,False,False,False,False,False,False,True,False,False,False,False,False,True,False,False,False,False,True,False,False,False,False,False,False,False,False,False,False,False,True,False,False,False,False,False,False,False,False,False,False,False,False,False,True,False,False,False,False,False,False,False,False,False,True,False,False,False,False,True,False,False,False,True,True,False,False,False,False,False,False,False,True,False,False,False,True,False,False,True,False,True,False,False,False,False,False,False,False,False,False,False,True,True,False,False,False,False,False,False,False,True,True,False,False,False,False,True,False,False,True,False,False,False,False,False,True,False,False,True,False,False,True,False,False,False,False,False,False,True,False,False,False,False,False,True,False,False,False,False,True,False,True,False,False,True,True,False,False,False,True,False,False,False,False,False,False,False,False,False,False,True,False,False,False,True,False,0.07970505617977529,0.6426997925885991,-0.29242424242424647,0.0,0.12499999999999997,2025.4242424242425,False,False,False,False,False,False,False,False,False,False
0.6082474226804124,1.0,0.21276595744680848,0.15887005649717517,0.875,0.33333333333333326,0.8989898989898997,0.8333333333333357,0.14184397163120566,0.7646695491043854,0.0,0.26916325336454067,0.8233918128654971,0.8137003841229193,0.0,0.0,0.5950374531835206,0.5,0.0,0.5,0.0,0.3333333333333333,0.0,0.28571428571428564,0.5,0.8854166666666643,0.5,0.4601063829787234,0.2400990099009901,0.4012345679012346,0.0,0.0,0.0,0.0,0.0,0.0,0.5,0.9272413793103449,True,False,False,False,True,True,False,False,False,False,False,False,True,False,True,False,False,False,False,False,False,False,False,False,False,False,False,False,False,False,False,False,False,False,False,False,False,False,False,False,True,False,False,False,False,True,False,False,False,False,False,False,False,True,False,False,False,False,False,False,False,False,True,False,True,False,False,False,False,False,True,False,False,False,False,True,False,False,False,False,False,False,False,False,False,False,False,False,False,True,False,False,False,False,False,False,False,False,False,False,False,False,False,True,False,False,False,False,False,False,False,True,False,False,False,True,False,False,False,False,True,False,True,False,False,False,False,False,False,False,False,False,False,True,False,False,False,False,False,True,False,False,False,False,False,False,False,False,False,True,True,False,False,False,False,False,False,False,False,True,False,False,False,False,True,False,True,False,False,False,False,False,False,True,False,False,False,False,True,True,False,False,False,False,False,False,False,False,False,False,False,False,True,False,False,False,False,True,False,True,False,False,True,False,False,False,True,True,False,False,False,True,False,False,False,False,False,False,False,False,False,False,False,False,0.5206577715355806,1.6370921969884165,-0.06565656565656397,0.2300531914893617,0.29166666666666663,2025.1010101010102,False,False,False,False,False,False,True,False,False,False
0.6151202749140894,0.39999999999999997,0.43617021276595747,0.30478342749529186,0.5,0.33333333333333326,0.5353535353535364,0.21666666666666856,0.9810874704491725,0.24706609017912293,0.0,0.22235225277940315,0.2865497076023392,0.34891165172855315,0.6026686434395848,0.0,0.6357677902621723,0.5,0.0,0.0,1.0,1.0,0.0,0.7142857142857142,0.5,0.5104166666666643,0.5,0.4295212765957447,0.0,0.30864197530864196,0.0,0.0,0.0,0.0,0.0,0.8181818181818182,0.5,0.27586206896551724,False,False,True,False,True,True,False,False,False,True,False,False,True,False,False,False,False,True,False,False,False,False,False,False,False,False,False,False,False,False,False,True,False,False,False,False,False,False,False,False,False,False,False,False,False,True,False,False,False,False,False,False,False,True,False,False,False,False,False,False,False,False,False,False,False,False,False,True,False,False,False,False,True,False,False,True,False,False,False,False,False,False,False,False,False,False,False,True,False,False,False,False,False,False,False,False,False,False,False,False,False,True,False,False,False,False,False,False,False,False,False,True,False,False,False,False,True,False,False,False,True,True,False,False,False,False,False,False,False,True,False,False,False,True,False,False,True,False,True,False,False,False,False,False,False,False,False,False,False,True,True,False,False,False,False,False,False,False,True,True,False,False,False,False,True,False,False,True,False,False,False,False,False,True,False,False,False,False,True,True,False,False,False,False,False,False,True,False,False,False,False,False,True,False,False,False,False,True,False,True,False,False,True,False,False,False,True,True,False,False,False,False,False,False,False,False,False,False,True,False,False,False,True,False,0.31788389513108617,0.6354613593308924,-0.3186868686868678,0.21476063829787234,0.16666666666666663,2025.4646464646464,False,False,False,False,False,False,True,False,False,False
0.6158075601374571,0.09999999999999998,0.21276595744680848,0.43352165725047076,0.25,0.6666666666666667,0.262626262626263,0.0,0.0,0.17603458925262508,0.0,0.38970157987126974,0.38654970760233925,0.32842509603072984,0.0,0.0,0.2401685393258427,0.0,0.0,0.0,0.0,0.3333333333333333,0.0,0.42857142857142855,0.0,0.2291666666666643,0.0,0.22207446808510636,0.0,0.1728395061728395,0.0,0.0,0.0,0.0,0.0,0.2727272727272727,0.0,0.1603448275862069,False,False,False,True,True,False,False,False,False,True,False,False,True,False,False,False,False,True,False,False,False,False,False,False,False,False,False,False,True,False,False,False,False,False,False,False,False,False,False,False,False,False,False,False,False,True,False,False,False,False,False,False,False,True,False,False,False,False,False,False,False,False,False,False,True,False,False,False,False,False,True,False,False,False,False,True,False,False,False,False,False,False,False,False,False,False,False,False,False,False,False,False,False,False,True,False,False,False,False,False,False,False,False,False,False,False,False,False,False,True,False,False,True,False,False,False,True,False,False,False,True,False,False,False,False,False,False,False,False,True,False,False,False,True,False,False,True,False,False,False,False,False,False,False,False,False,False,False,False,True,True,False,False,False,False,False,False,False,False,False,False,False,False,False,True,False,False,True,False,False,False,False,False,True,False,False,True,False,False,False,False,False,False,True,False,False,False,True,False,False,False,False,True,False,False,False,False,True,False,True,False,False,True,False,False,False,True,True,False,False,False,False,False,False,False,False,False,False,True,False,False,False,False,False,0.060042134831460675,0.7149748036330691,-0.262626262626263,0.0,0.16666666666666669,2025.7373737373737,False,False,False,False,False,False,False,True,False,False
0.6178694158075602,0.0,0.3723404255319148,0.3000376647834275,0.375,0.9999999999999998,0.5151515151515156,0.7333333333333343,0.0,0.2872143298332304,0.0,0.26155646576945585,0.36374269005847953,0.5108834827144686,0.0,0.0,0.3735955056179775,0.0,0.0,0.0,0.0,0.6666666666666667,0.0,0.42857142857142855,0.5,0.48958333333333215,0.0,0.1702127659574468,0.0,0.0,0.0,0.0,0.0,0.0,0.0,0.4545454545454545,0.0,0.2586206896551724,False,False,True,False,True,True,False,False,False,True,False,False,True,False,False,False,False,True,False,False,False,False,False,False,False,False,False,False,False,False,False,False,False,False,False,False,False,False,True,False,False,False,False,False,True,False,False,False,False,False,False,False,False,True,False,False,False,False,False,False,False,False,False,False,True,False,False,False,False,False,True,False,False,False,False,True,False,False,False,False,False,False,False,False,False,False,False,True,False,False,False,False,False,False,False,False,False,False,False,False,False,False,False,False,False,True,False,False,False,False,False,False,True,False,False,False,True,False,False,False,True,True,False,False,False,False,False,False,False,True,False,False,False,True,False,False,True,False,True,False,False,False,False,False,False,False,False,False,False,True,True,False,False,False,False,False,False,False,True,True,False,False,False,False,True,False,False,True,False,False,False,False,False,True,False,False,False,False,True,True,False,False,False,False,False,False,False,True,False,False,False,False,True,False,False,False,False,True,False,True,False,False,True,False,False,False,True,True,False,False,False,False,False,False,False,False,False,False,True,False,False,False,True,False,0.14009831460674155,0.8746261727729481,0.2181818181818187,0.0,0.3749999999999999,2025.4848484848485,False,False,False,False,True,False,False,False,False,False
0.6192439862542956,0.0,0.36170212765957444,0.4295291902071563,0.375,0.9999999999999998,0.47474747474747403,0.8333333333333357,0.0,0.5311920938851143,0.0,0.07723815096547688,0.4105263157894737,0.5556978233034571,0.0,0.0,0.40636704119850187,0.5,0.0,0.0,0.0,0.3333333333333333,0.0,0.28571428571428564,0.0,0.5625,0.0,0.7925531914893617,0.0,0.0,0.0,0.0,0.0,0.0,0.0,0.36363636363636365,0.75,0.32068965517241377,False,False,True,False,True,True,False,False,False,False,False,False,True,False,False,False,False,True,False,False,False,False,False,False,False,False,False,False,False,False,False,True,False,False,False,False,False,False,False,False,False,False,False,False,False,True,False,False,False,False,False,False,False,True,False,False,False,False,False,False,False,False,False,False,True,False,False,False,False,False,False,False,True,False,False,True,False,False,False,False,False,False,False,False,False,False,False,False,False,True,False,False,False,False,False,False,False,False,False,False,False,False,False,True,False,False,False,False,False,False,False,False,True,False,False,False,True,False,True,False,False,True,False,False,False,False,False,False,False,True,False,False,False,True,False,True,False,False,True,False,False,False,False,False,False,False,False,False,False,True,True,False,False,False,False,False,False,False,True,True,False,False,False,False,True,False,False,True,False,False,False,False,False,True,False,False,True,False,False,False,False,False,False,True,False,False,False,True,False,False,False,False,True,False,False,False,False,True,False,True,False,False,True,False,False,False,True,True,False,False,False,False,False,False,False,False,False,False,True,False,False,False,True,False,0.1523876404494382,0.9662241390929307,0.35858585858586167,0.0,0.3749999999999999,2025.5252525252524,False,False,False,False,True,False,False,True,False,False
0.6199312714776632,0.39999999999999997,0.35106382978723405,0.3664783427495292,0.625,0.33333333333333326,0.9393939393939412,0.8833333333333329,0.0,0.0,0.0,0.4581626682270334,0.2883040935672515,0.2362355953905249,0.5203854707190512,0.0,0.5014044943820225,0.0,0.0,0.5,1.0,0.6666666666666667,0.0,0.7142857142857142,0.5,0.9270833333333321,0.5,0.30984042553191493,0.0,0.4629629629629629,0.0,0.0,0.0,0.0,0.0,0.5454545454545454,0.0,0.4137931034482759,False,False,True,False,True,True,False,False,False,True,False,False,True,False,False,False,False,True,False,False,False,False,False,False,False,False,False,True,False,False,False,False,False,False,False,False,False,False,False,False,False,False,False,False,False,True,False,False,False,False,False,False,False,True,False,False,False,False,False,False,False,False,False,False,False,False,False,True,False,False,True,False,False,False,False,True,False,False,False,False,False,False,False,False,False,False,False,False,False,False,False,False,False,True,False,False,False,False,False,False,False,False,False,False,False,False,False,False,True,False,False,False,True,False,False,True,False,False,False,False,True,False,True,False,False,False,False,True,False,False,False,False,False,True,False,False,True,False,False,False,False,False,False,True,False,False,False,False,False,True,True,False,False,False,False,False,False,False,False,True,False,False,False,False,True,False,True,False,False,False,False,False,False,True,False,True,False,False,False,True,False,False,False,False,False,False,False,False,False,False,False,False,True,False,False,False,False,True,False,True,False,False,True,False,False,False,True,True,False,False,False,False,False,False,False,False,False,False,True,False,False,False,True,False,0.31337780898876405,0.5245396889577765,-0.056060606060608364,0.15492021276595747,0.2083333333333333,2025.060606060606,False,False,False,False,False,True,False,True,False,False
0.6206185567010309,0.0,0.21276595744680848,0.8925800376647833,0.625,0.33333333333333326,0.9696969696969688,0.93333333333333,0.06382978723404255,0.0,0.0,0.9771796372147454,0.8070175438596492,0.7887323943661972,0.0,0.0,0.5767790262172284,0.0,0.0,0.5,0.0,0.6666666666666667,0.0,0.5714285714285714,0.5,0.9583333333333321,1.0,0.7047872340425532,0.3564356435643564,0.37037037037037035,0.0,0.0,0.0,0.0,0.0,0.6363636363636364,0.0,0.6206896551724138,False,False,True,False,True,True,False,False,False,False,True,False,False,False,True,False,False,False,False,False,False,False,False,False,False,False,False,True,False,False,False,False,False,False,False,False,False,False,False,False,False,False,False,False,False,True,False,False,False,False,False,False,False,True,False,False,False,False,False,False,False,False,False,False,True,False,False,False,False,False,False,False,True,False,False,True,False,False,False,False,False,False,False,False,False,False,False,False,False,False,False,False,False,True,False,False,False,False,False,False,False,False,False,False,False,False,False,False,True,False,False,True,False,False,False,True,False,False,False,False,True,False,True,False,False,False,False,True,False,False,False,False,False,True,False,False,True,False,False,False,False,False,False,True,False,False,False,False,False,True,True,False,False,False,False,False,False,False,False,True,False,False,False,False,True,False,True,False,False,False,False,False,False,True,False,True,False,False,False,True,False,False,False,False,False,False,True,False,False,False,False,False,True,False,False,False,False,True,False,True,False,False,True,False,False,False,True,True,False,False,False,False,False,False,False,False,True,False,False,False,False,False,False,True,0.3604868913857678,1.5957499382258464,-0.03636363636363882,0.7047872340425532,0.2083333333333333,2025.030303030303,False,False,False,False,False,True,False,False,False,True
0.622680412371134,0.0,0.9148936170212766,0.7902824858757062,0.75,0.33333333333333326,0.9696969696969688,0.93333333333333,0.491725768321513,0.03891290920321186,0.0,0.9128145114101814,0.7795321637426902,0.76696542893726,0.0,0.0,0.5608614232209738,0.5,0.0,0.5,0.0,0.6666666666666667,0.0,0.7142857142857142,0.5,0.9583333333333321,1.0,0.9374999999999999,0.0,0.37037037037037035,0.0,0.0,0.0,0.0,0.0,0.4545454545454545,0.25,0.6724137931034483,False,False,True,False,True,True,False,False,False,False,False,False,True,False,False,False,False,False,False,False,False,False,False,False,False,False,False,False,False,False,False,False,False,False,False,False,False,False,False,False,True,False,False,False,False,True,False,False,False,False,False,False,False,True,False,False,False,False,False,False,False,False,False,False,True,False,False,False,False,False,True,False,False,False,False,True,False,False,False,False,False,False,False,False,False,False,False,False,False,False,False,False,False,True,False,False,False,False,False,False,False,False,False,False,False,False,False,False,True,False,False,False,False,True,False,True,False,False,False,False,True,False,True,False,False,False,False,True,False,False,False,False,False,True,False,False,True,False,False,True,False,False,False,False,False,False,False,False,False,True,True,False,False,False,False,False,False,False,False,True,False,False,False,False,True,False,True,False,False,False,False,False,False,True,False,True,False,False,False,True,False,False,False,False,False,False,True,False,False,False,False,False,True,False,False,False,False,True,False,True,False,False,True,False,False,False,True,True,False,False,False,False,False,False,False,False,False,False,True,False,False,False,True,False,0.4206460674157303,1.5464975926799502,-0.03636363636363882,0.9374999999999999,0.24999999999999994,2025.030303030303,False,False,False,False,False,True,False,False,False,True
0.636426116838488,0.39999999999999997,0.6702127659574467,0.6771374764595104,0.75,0.33333333333333326,0.9393939393939412,0.8999999999999986,0.8037825059101654,0.0,0.0,0.6910473961380925,0.5210526315789474,0.5096030729833547,0.8450704225352113,0.0,0.906367041198502,0.0,0.0,0.5,1.0,1.0,0.0,0.9999999999999998,0.5,0.9270833333333321,1.0,0.6595744680851063,0.25742574257425743,0.6172839506172839,0.0,0.0,0.0,0.0,0.0,0.36363636363636365,0.25,0.7758620689655172,False,False,True,False,True,True,False,False,False,True,False,False,True,False,False,False,False,True,False,False,False,False,False,False,False,False,False,False,False,False,False,False,False,False,False,True,False,False,False,False,False,False,False,False,False,True,False,False,False,False,False,False,False,True,False,False,False,False,False,False,False,False,False,False,False,False,False,True,False,False,False,False,True,False,False,True,False,False,False,False,False,False,False,False,False,False,False,False,False,False,False,False,False,True,False,False,False,False,False,False,False,False,False,False,False,False,False,False,True,False,False,True,False,False,False,True,False,False,False,False,True,False,True,False,False,False,False,True,False,False,False,False,False,True,False,False,True,False,False,False,False,False,False,True,False,False,False,False,False,True,True,False,False,False,False,False,False,False,False,True,False,False,False,False,True,False,False,False,False,False,False,False,False,True,False,True,False,False,False,False,False,True,False,False,False,False,False,False,False,False,False,False,True,False,False,False,False,True,False,True,False,False,True,False,False,False,True,True,False,False,False,False,False,False,False,False,False,False,True,False,False,False,True,False,0.6797752808988765,1.0306557045623022,-0.039393939393942645,0.6595744680851063,0.24999999999999994,2025.060606060606,False,False,False,False,False,False,True,False,False,True
0.6391752577319588,0.0,0.45744680851063824,0.44557438794726933,0.75,0.33333333333333326,0.9797979797979792,0.9500000000000028,0.0,0.009882643607164917,0.0,0.8484493856056173,0.687719298245614,0.6581306017925737,0.0,0.0,0.48127340823970033,0.0,0.0,0.5,0.0,0.6666666666666667,0.0,0.5714285714285714,0.0,0.96875,1.0,0.598404255319149,0.24752475247524752,0.1111111111111111,0.0,0.0,0.0,0.0,0.0,0.5454545454545454,0.75,0.4862068965517241,False,False,True,False,True,True,False,False,False,False,True,False,False,False,False,False,False,True,False,False,False,False,False,False,False,False,False,False,False,False,False,False,False,False,False,False,False,False,False,False,False,False,True,False,False,True,False,False,False,False,False,False,False,True,False,False,False,False,False,False,False,False,False,False,True,False,False,False,False,False,True,False,False,False,False,True,False,False,False,False,False,False,False,False,False,False,False,False,False,False,False,False,False,True,False,False,False,False,False,False,False,False,False,False,False,False,False,False,True,False,False,False,True,False,False,True,False,False,False,False,True,False,True,False,False,False,False,True,False,False,False,False,False,True,False,False,False,False,False,True,False,False,False,False,False,False,False,False,False,True,True,False,False,False,False,False,False,False,False,True,False,False,False,False,True,False,True,False,False,False,False,False,False,True,False,False,True,False,False,True,False,False,False,False,False,False,False,False,False,False,False,False,True,False,False,False,False,True,False,True,False,False,True,False,False,False,True,True,False,False,False,False,False,False,False,False,False,False,True,False,False,False,True,False,0.36095505617977525,1.3458499000381876,-0.02979797979797638,0.598404255319149,0.24999999999999994,2025.020202020202,False,False,False,False,False,True,False,True,False,False
0.6412371134020619,0.0,0.35106382978723405,0.41258003766478346,0.625,0.33333333333333326,0.9494949494949516,0.8999999999999986,0.49645390070921985,0.012353304508956147,0.0,0.8660035108250439,0.7076023391812867,0.6798975672215108,0.0,0.0,0.4971910112359551,0.0,0.0,0.5,0.0,0.6666666666666667,0.0,0.42857142857142855,0.0,0.9375,0.5,0.5452127659574468,0.4752475247524752,0.2222222222222222,0.0,0.0,0.0,0.0,0.0,0.6363636363636364,0.75,0.4482758620689655,False,False,True,False,True,True,False,False,False,True,False,False,True,False,False,True,False,False,False,False,False,False,False,False,True,False,False,False,False,False,False,False,False,False,False,False,False,False,False,False,False,False,False,False,False,True,False,False,False,False,False,False,False,True,False,False,False,False,False,False,False,False,False,False,True,False,False,False,False,False,True,False,False,False,False,True,False,False,False,False,False,False,False,False,False,False,False,False,False,False,False,False,False,True,False,False,False,False,False,False,False,False,False,False,False,False,False,False,True,False,False,True,False,False,False,True,False,False,False,False,True,False,True,False,False,False,False,True,False,False,False,False,False,True,False,False,False,False,False,True,False,False,False,False,False,False,False,False,False,True,True,False,False,False,False,False,False,False,False,True,False,False,False,False,True,False,True,False,False,False,False,False,False,True,False,False,True,False,False,True,False,False,False,False,False,False,True,False,False,False,False,False,True,False,False,False,False,True,False,True,False,False,True,False,False,False,True,True,False,False,False,False,False,False,False,False,False,False,True,False,False,False,True,False,0.31074438202247195,1.3874999064027975,-0.04949494949495303,0.2726063829787234,0.2083333333333333,2025.050505050505,False,False,False,False,False,True,False,True,False,False
0.643298969072165,0.0,0.3936170212765957,0.5328060263653484,0.625,0.33333333333333326,0.9393939393939412,0.8833333333333329,0.0,0.5145151327980235,0.0,0.20070216500877708,0.5181286549707602,0.48783610755441736,0.0,0.0,0.3567415730337079,0.5,0.0,0.5,0.0,0.3333333333333333,0.0,0.28571428571428564,0.0,0.9270833333333321,0.5,0.5252659574468085,0.0,0.25308641975308643,0.0,0.0,0.0,0.0,0.0,0.6363636363636364,0.75,0.43068965517241375,False,False,True,False,True,True,False,False,False,True,False,False,True,False,False,False,False,True,False,False,False,False,False,False,False,False,False,False,False,False,False,False,False,False,False,False,False,False,False,True,False,False,False,False,False,True,False,False,False,False,False,False,False,True,False,False,False,False,False,False,False,False,False,False,True,False,False,False,False,False,True,False,False,False,False,True,False,False,False,False,False,False,False,False,False,False,False,False,False,False,False,False,False,True,False,False,False,False,False,False,False,False,False,False,False,False,False,False,True,False,False,False,True,False,False,True,False,False,False,False,True,False,True,False,False,False,False,True,False,False,False,False,False,True,False,False,True,False,False,True,False,False,False,False,False,False,False,False,False,True,True,False,False,False,False,False,False,False,False,True,False,False,False,False,True,False,True,False,False,False,False,False,False,True,False,False,True,False,False,True,False,False,False,False,False,False,True,False,False,False,False,False,True,False,False,False,False,True,False,True,False,False,True,False,False,False,True,True,False,False,False,False,False,False,False,False,False,False,True,False,False,False,True,False,0.22296348314606745,1.0059647625251775,-0.056060606060608364,0.26263297872340424,0.2083333333333333,2025.060606060606,False,False,False,False,True,False,False,False,True,False
0.6439862542955327,0.39999999999999997,0.4787234042553191,0.5020715630885122,0.625,0.33333333333333326,0.9595959595959584,0.9166666666666643,0.0,0.2106238418777023,0.0,0.451726155646577,0.4812865497076024,0.4321382842509603,0.6360266864343959,0.0,0.7176966292134832,0.0,0.0,0.5,1.0,0.6666666666666667,0.0,0.7142857142857142,0.5,0.9479166666666643,0.5,0.7034574468085106,0.0,0.2962962962962963,0.0,0.0,0.0,0.0,0.0,0.09090909090909091,0.75,0.6655172413793103,False,False,True,False,True,True,False,False,False,True,False,False,True,False,False,False,False,True,False,False,False,False,False,False,False,False,False,False,False,False,False,False,False,False,False,False,False,False,False,False,True,False,False,False,False,True,False,False,False,False,False,False,False,True,False,False,False,False,False,False,False,False,False,False,False,False,False,True,False,False,True,False,False,False,False,True,False,False,False,False,False,False,False,False,False,False,False,False,False,False,False,False,False,True,False,False,False,False,False,False,False,False,False,False,False,False,False,False,True,False,False,False,True,False,False,True,False,False,False,False,True,False,True,False,False,False,False,True,False,False,False,False,False,True,False,True,False,False,False,True,False,False,False,False,False,False,False,False,False,True,True,False,False,False,False,False,False,False,False,True,False,False,False,False,True,False,True,False,False,False,False,False,False,True,False,True,False,False,False,True,False,False,False,False,False,False,True,False,False,False,False,False,True,False,False,False,False,True,False,True,False,False,True,False,False,False,True,True,False,False,False,False,False,False,False,False,False,False,True,False,False,False,True,False,0.448560393258427,0.9134248339585627,-0.04292929292929415,0.3517287234042553,0.2083333333333333,2025.0404040404042,False,False,False,False,False,False,True,False,True,False
0.6446735395189004,0.39999999999999997,0.45744680851063824,0.4331450094161958,0.625,0.33333333333333326,0.9696969696969688,0.93333333333333,0.0,0.2865966646077826,0.0,0.5424224692802809,0.643859649122807,0.6101152368758003,0.42327650111193477,0.0,0.7134831460674157,0.0,0.0,0.5,1.0,0.6666666666666667,0.0,0.5714285714285714,0.0,0.9583333333333321,1.0,0.9414893617021277,0.0,0.5555555555555556,0.0,0.0,0.0,0.0,0.0,0.6363636363636364,0.0,0.6199965517241379,False,False,True,False,True,True,False,False,False,True,False,False,True,False,False,False,False,True,False,False,False,False,False,False,True,False,False,False,False,False,False,False,False,False,False,False,False,False,False,False,False,False,False,False,False,True,False,False,False,False,False,False,False,True,False,False,False,False,False,False,False,False,False,False,False,False,False,True,False,False,True,False,False,False,False,True,False,False,False,False,False,False,False,False,False,False,False,False,False,False,False,False,False,True,False,False,False,False,False,False,False,False,False,False,False,False,False,False,True,False,False,False,True,False,False,True,False,False,False,False,True,False,True,False,False,False,False,True,False,False,True,False,False,False,False,True,False,False,False,True,False,False,False,False,False,False,False,False,False,True,True,False,False,False,False,False,False,False,False,True,False,False,False,False,True,False,True,False,False,False,False,False,False,True,False,False,True,False,False,True,False,False,False,False,False,False,True,False,False,False,False,False,True,False,False,False,False,True,False,True,False,False,True,False,False,False,True,True,False,False,False,False,False,False,False,False,True,False,False,False,False,False,False,True,0.4459269662921348,1.2539748859986073,-0.03636363636363882,0.9414893617021277,0.2083333333333333,2025.030303030303,False,False,False,False,False,False,True,True,False,False
0.6515463917525773,0.39999999999999997,0.3723404255319148,0.8283239171374764,0.625,0.33333333333333326,0.9292929292929308,0.8666666666666671,0.3404255319148936,0.0,0.0,0.5476887068461088,0.3777777777777778,0.3188220230473751,0.6226834692364714,0.0,0.6264044943820225,0.0,0.0,0.5,1.0,0.6666666666666667,0.0,0.5714285714285714,0.5,0.9166666666666643,0.5,0.41755319148936176,0.3564356435643564,0.5925925925925926,0.0,0.0,0.0,0.0,0.0,0.09090909090909091,0.0,0.4568965517241379,False,False,True,False,True,True,False,False,False,False,False,False,True,False,False,False,False,True,False,False,False,False,False,False,True,False,False,False,False,False,False,False,False,False,False,False,False,False,False,False,False,False,False,False,False,True,False,False,False,False,False,False,False,True,False,False,False,False,False,False,False,False,False,False,False,False,False,True,False,False,True,False,False,False,False,True,False,False,False,False,False,False,False,False,False,False,False,False,False,False,False,False,False,True,False,False,False,False,False,False,False,False,False,False,False,False,False,False,True,False,False,True,False,False,False,True,False,False,False,False,True,False,True,False,False,False,False,True,False,False,False,False,False,True,False,False,False,True,False,False,False,False,False,True,False,False,False,False,False,True,True,False,False,False,False,False,False,False,False,True,False,False,False,False,True,False,True,False,False,False,False,False,False,True,False,False,False,False,True,True,False,False,False,False,False,False,True,False,False,False,False,False,True,False,False,False,False,True,False,True,False,False,True,False,False,False,True,True,False,False,False,False,False,False,False,False,False,False,True,False,False,False,True,False,0.39150280898876405,0.6965998008251529,-0.0626262626262637,0.20877659574468088,0.2083333333333333,2025.0707070707072,False,False,False,False,False,False,True,False,False,True
0.652233676975945,0.0,0.5106382978723404,0.4783427495291902,0.5,0.9999999999999998,0.6262626262626263,0.93333333333333,0.0,0.6065472513897467,0.0,0.10473961380924518,0.5093567251461988,0.6037131882202305,0.0,0.0,0.44147940074906367,0.5,0.0,0.0,1.0,0.6666666666666667,0.0,0.28571428571428564,0.5,0.6041666666666643,0.5,0.6861702127659575,0.0,0.0,0.0,0.0,0.0,0.0,0.0,0.1818181818181818,1.0,0.47413793103448276,False,False,True,False,True,True,False,False,False,True,False,False,True,False,False,False,False,True,False,False,False,False,False,False,False,False,False,False,False,False,False,False,False,True,False,False,False,False,False,False,False,False,False,False,False,True,False,False,False,False,False,False,False,True,False,False,False,False,False,False,False,False,False,False,True,False,False,False,False,False,False,False,True,False,False,True,False,False,False,False,False,False,False,False,False,False,False,False,False,False,True,False,False,False,False,False,False,False,False,False,False,False,False,False,False,True,False,False,False,False,False,False,True,False,False,False,True,False,False,False,True,True,False,False,False,False,False,False,False,True,False,False,False,True,False,False,True,False,False,False,False,False,False,False,False,False,False,False,False,True,True,False,False,False,False,False,False,False,True,True,False,False,False,False,True,False,True,False,False,False,False,False,False,True,False,False,False,False,True,True,False,False,False,False,False,False,True,False,False,False,False,False,True,False,False,False,False,True,False,True,False,False,True,False,False,False,True,True,False,False,False,False,False,False,False,False,False,False,True,False,False,False,True,False,0.22073970037453183,1.1130699133664292,0.3070707070707037,0.34308510638297873,0.4999999999999999,2025.3737373737374,False,False,False,False,True,False,False,False,True,False
0.6577319587628867,0.0,0.42553191489361697,0.33220338983050846,0.375,0.33333333333333326,0.525252525252526,0.20000000000000284,0.0,0.25756639901173567,0.0,0.37448800468110005,0.4485380116959064,0.3962868117797695,0.0,0.0,0.2897940074906367,0.0,0.0,0.0,0.0,0.6666666666666667,0.0,0.42857142857142855,0.0,0.65625,0.5,0.5531914893617021,0.0,0.0,0.0,0.0,0.0,0.0,0.0,0.2727272727272727,0.25,0.24827586206896549,False,False,True,False,True,True,False,False,False,True,False,False,True,False,False,False,False,True,False,False,False,False,False,False,False,False,False,False,False,False,False,False,False,False,False,False,False,False,True,False,False,False,False,False,False,True,False,False,False,False,False,False,False,True,False,False,False,False,False,False,False,False,False,False,True,False,False,False,False,False,False,False,True,False,False,True,False,False,False,False,False,False,False,False,False,False,False,False,False,True,False,False,False,False,False,False,False,False,False,False,False,False,False,True,False,False,False,False,False,False,False,False,True,False,False,False,True,False,False,False,True,True,False,False,False,False,False,False,False,True,False,False,False,True,False,False,True,False,False,False,False,False,True,False,False,False,False,False,False,True,True,False,False,False,False,False,False,False,True,True,False,False,False,False,True,False,False,True,False,False,False,False,False,True,False,False,True,False,False,False,False,False,False,True,False,False,False,False,False,False,False,False,True,False,False,False,False,True,False,True,False,False,True,False,False,False,True,True,False,False,False,False,False,False,False,False,False,False,True,False,False,False,True,False,0.10867275280898878,0.8448248234756759,-0.32525252525252313,0.2765957446808511,0.12499999999999997,2025.4747474747476,False,False,False,False,False,False,False,False,False,False
0.6584192439862544,0.0,0.3723404255319148,0.40979284369114877,0.625,0.33333333333333326,0.9393939393939412,0.8833333333333329,0.0,0.4317479925880173,0.0,0.37331772966647164,0.6122807017543861,0.5755441741357235,0.0,0.0,0.42088014981273414,0.5,0.0,0.5,0.0,0.6666666666666667,0.0,0.42857142857142855,0.0,0.9270833333333321,0.5,0.4933510638297872,0.0,0.24074074074074073,0.0,0.0,0.0,0.0,0.0,0.8181818181818182,0.25,0.43103448275862066,False,False,True,False,True,True,False,False,False,True,False,False,True,False,False,False,False,True,False,False,False,False,False,False,True,False,False,False,False,False,False,False,False,False,False,False,False,False,False,False,False,False,False,False,False,True,False,False,False,False,False,False,False,True,False,False,False,False,False,False,False,False,False,False,True,False,False,False,False,False,True,False,False,False,False,True,False,False,False,False,False,False,False,False,False,False,False,False,False,False,False,False,False,True,False,False,False,False,False,False,False,False,False,False,False,False,False,False,True,False,False,False,True,False,False,True,False,False,False,False,True,False,True,False,False,False,False,True,False,False,False,False,False,True,False,True,False,False,False,True,False,False,False,False,False,False,False,False,False,True,True,False,False,False,False,False,False,False,False,True,False,False,False,False,True,False,True,False,False,False,False,False,False,True,False,False,True,False,False,True,False,False,False,False,False,False,True,False,False,False,False,False,True,False,False,False,False,True,False,True,False,False,True,False,False,False,True,True,False,False,False,False,False,False,False,False,False,False,True,False,False,False,True,False,0.26305009363295884,1.1878248758901095,-0.056060606060608364,0.2466755319148936,0.2083333333333333,2025.060606060606,False,False,False,False,True,False,False,True,False,False
0.6625429553264606,0.39999999999999997,0.5319148936170213,0.6256873822975518,0.625,0.33333333333333326,0.9292929292929308,0.8833333333333329,0.10401891252955082,0.38542310067943175,0.0,0.11293153891164424,0.308187134502924,0.24711907810499362,0.793180133432172,0.0,0.6816479400749064,0.5,0.0,0.5,1.0,1.0,0.0,0.7142857142857142,0.5,0.9166666666666643,0.5,0.46542553191489366,0.0,0.24691358024691357,0.0,0.0,0.0,0.0,0.0,0.09090909090909091,1.0,0.5341379310344828,False,False,True,False,True,True,False,False,False,True,False,False,True,False,False,False,False,False,False,False,False,False,False,False,False,False,False,False,False,False,False,False,False,False,False,False,False,False,False,False,False,False,True,False,False,True,False,False,False,False,False,False,False,True,False,False,False,False,False,False,False,False,False,False,False,False,False,True,False,False,True,False,False,False,False,True,False,False,False,False,False,False,False,False,False,False,False,False,False,False,False,False,False,True,False,False,False,False,False,False,False,False,False,False,False,False,False,False,True,False,False,True,False,False,False,True,False,False,False,False,True,False,True,False,False,False,False,True,False,False,False,False,False,True,False,False,True,False,False,True,False,False,False,False,False,False,False,False,False,True,True,False,False,False,False,False,False,False,False,True,False,False,False,False,True,False,True,False,False,False,False,False,False,True,False,True,False,False,False,False,False,True,False,False,False,False,False,False,False,False,False,False,True,False,False,False,False,True,False,True,False,False,True,False,False,False,True,True,False,False,False,False,False,False,False,False,False,False,True,False,False,False,True,False,0.42602996254681647,0.5553062126079176,-0.045959595959597976,0.23271276595744683,0.2083333333333333,2025.0707070707072,False,False,False,False,False,False,True,False,False,True
0.6632302405498283,0.39999999999999997,0.3723404255319148,0.5444067796610169,0.5,0.33333333333333326,0.9595959595959584,0.9500000000000028,0.0,0.0,0.0,0.4581626682270334,0.2883040935672515,0.22087067861715753,0.519644180874722,0.0,0.48970037453183524,0.0,0.0,0.5,1.0,0.6666666666666667,0.0,0.7142857142857142,0.5,0.9479166666666643,0.5,0.30984042553191493,0.0,0.4444444444444444,0.0,0.0,0.0,0.0,0.0,0.5454545454545454,0.25,0.41000000000000003,False,False,True,False,True,True,False,False,False,True,False,False,True,False,False,False,False,True,False,False,False,False,False,False,False,False,False,True,False,False,False,False,False,False,False,False,False,False,False,False,False,False,False,False,False,False,False,False,False,True,False,False,False,True,False,False,False,False,False,False,False,False,False,False,False,False,False,True,False,False,True,False,False,False,False,True,False,False,False,False,False,False,False,False,False,False,False,False,False,False,False,False,False,True,False,False,False,False,False,False,False,False,False,False,False,False,False,False,True,False,False,False,True,False,False,True,False,False,False,False,True,False,True,False,False,False,False,True,False,False,False,False,False,True,False,False,True,False,False,False,False,False,False,True,False,False,False,False,False,True,True,False,False,False,False,False,False,False,False,True,False,False,False,False,True,False,True,False,False,False,False,False,False,True,False,True,False,False,False,True,False,False,False,False,False,False,False,False,False,False,False,False,True,False,False,False,False,True,False,True,False,False,True,False,False,False,True,True,False,False,False,False,False,False,False,False,True,False,False,False,False,False,False,True,0.24485018726591762,0.5091747721844091,-0.009595959595955605,0.15492021276595747,0.16666666666666663,2025.0404040404042,False,False,False,False,False,True,False,False,True,False
0.6680412371134021,1.0,0.26595744680851063,0.367758945386064,0.5,0.33333333333333326,0.696969696969699,0.4833333333333343,0.0,0.0,0.0,0.5371562317144529,0.3672514619883041,0.3072983354673496,0.0,0.0,0.2247191011235955,0.0,0.0,0.5,0.0,0.3333333333333333,0.0,0.28571428571428564,0.5,0.6770833333333321,0.0,0.13829787234042554,0.06930693069306931,0.0,0.0,0.0,0.0,0.0,0.0,0.2727272727272727,1.0,0.1362068965517241,False,False,True,False,True,True,False,False,False,True,False,False,True,False,False,False,False,True,False,False,False,False,False,False,False,False,False,False,False,False,False,False,False,False,False,False,False,False,False,True,False,False,False,False,False,True,False,False,False,False,False,False,False,True,False,False,False,False,False,False,False,False,True,False,True,False,False,False,False,False,True,False,False,False,False,True,False,False,False,False,False,False,False,False,False,False,False,False,False,False,True,False,False,False,False,False,False,False,False,False,False,False,False,False,False,True,False,False,False,False,False,False,True,False,False,False,True,False,False,False,True,True,False,False,False,False,False,True,False,False,False,False,False,True,False,False,True,False,False,False,False,False,False,True,False,False,False,False,False,True,True,False,False,False,False,False,False,False,True,True,False,False,False,False,True,False,False,True,False,False,False,False,False,True,False,False,False,False,True,True,False,False,False,False,False,False,False,True,False,False,False,False,True,False,False,False,False,True,False,True,False,False,True,False,False,False,True,True,False,False,False,False,False,False,False,False,False,False,True,False,False,False,True,False,0.11235955056179775,0.6745497974556537,-0.21363636363636473,0.0,0.16666666666666663,2025.3030303030303,False,False,False,False,False,False,False,True,False,False
0.6687285223367698,0.0,0.6914893617021277,0.6500188323917138,0.625,0.33333333333333326,0.9797979797979792,0.9666666666666686,0.0,0.0,0.0,0.8355763604447045,0.6654970760233918,0.6338028169014085,0.0,0.0,0.4634831460674157,0.0,0.0,0.5,0.0,0.6666666666666667,0.0,0.42857142857142855,0.0,0.96875,0.5,0.4255319148936171,0.0,0.7407407407407407,0.0,0.0,0.0,0.0,0.0,0.9999999999999999,0.5,0.42068965517241386,True,False,False,False,True,True,False,False,False,True,False,False,True,False,False,False,False,False,False,False,False,False,False,False,False,False,False,False,False,False,False,False,False,False,False,False,False,False,False,False,True,False,False,False,False,True,False,False,False,False,False,False,False,True,False,False,False,False,False,False,False,False,False,False,True,False,False,False,False,False,True,False,False,False,False,True,False,False,False,False,False,False,False,False,False,False,True,False,False,False,False,False,False,False,False,False,False,False,False,False,True,False,False,False,False,False,False,False,False,False,False,False,True,False,False,True,False,False,False,False,True,False,True,False,False,False,False,True,False,False,False,False,False,True,False,False,True,False,False,False,False,False,False,True,False,False,False,False,False,True,True,False,False,False,False,False,False,False,False,True,False,False,False,False,True,False,True,False,False,False,False,False,False,True,False,False,True,False,False,True,False,False,False,False,False,False,False,False,False,False,False,False,True,False,False,False,False,True,False,True,False,False,True,False,False,False,True,True,False,False,False,False,False,False,False,False,True,False,False,False,False,False,False,True,0.2896769662921348,1.2992998929248003,-0.013131313131310662,0.21276595744680854,0.2083333333333333,2025.020202020202,False,False,False,False,True,False,False,False,False,True
0.6714776632302406,1.0,0.05319148936170209,0.09521657250470811,0.625,0.33333333333333326,0.9696969696969688,0.9500000000000028,0.0,0.6831377393452749,0.0,0.07899356348741954,0.5561403508771929,0.5140845070422535,0.0,0.0,0.37593632958801504,0.5,0.0,0.0,1.0,0.0,0.0,0.14285714285714285,0.0,0.96875,0.5,0.5438829787234043,0.0,0.7160493827160493,0.0,0.0,0.0,0.0,0.0,0.9090909090909091,0.25,0.48241379310344823,True,False,False,False,True,False,True,False,False,False,False,False,True,False,False,False,False,True,False,False,False,False,False,False,False,False,False,False,False,False,False,False,False,False,False,False,False,False,False,False,True,False,False,False,False,True,False,False,False,False,False,False,False,True,False,False,False,False,False,False,False,False,True,False,True,False,False,False,False,False,True,False,False,False,False,True,False,False,False,False,False,False,False,False,False,False,False,False,False,False,False,False,False,True,False,False,False,False,False,False,False,False,False,False,False,False,False,False,True,False,False,False,True,False,False,True,False,False,False,False,True,False,True,False,False,False,False,True,False,False,False,False,False,True,False,False,True,False,False,True,False,False,False,False,False,False,False,False,False,True,True,False,False,False,False,False,False,False,False,True,False,False,False,False,True,False,True,False,False,False,False,False,False,True,False,False,True,False,False,True,False,False,False,False,False,False,False,False,False,False,False,False,True,False,False,False,False,True,False,True,False,False,True,False,False,False,True,True,False,False,False,False,False,False,False,False,True,False,False,False,False,False,False,True,0.23496020599250939,1.0702248579194464,-0.019696969696965994,0.27194148936170215,0.2083333333333333,2025.030303030303,False,False,False,False,True,False,False,False,False,False
0.6721649484536083,0.0,0.4042553191489361,0.48512241054613936,0.25,0.33333333333333326,0.4444444444444464,0.06666666666666288,0.0,0.3409512044471896,0.0,0.20011702750146285,0.3532163742690058,0.2919334186939821,0.0,0.0,0.21348314606741575,0.0,0.0,0.0,0.0,0.6666666666666667,0.0,0.28571428571428564,0.0,0.8854166666666643,0.5,0.3191489361702128,0.0,0.0,0.0,0.0,0.0,0.0,0.0,0.36363636363636365,0.25,0.17241379310344826,False,False,True,False,True,True,False,False,False,True,False,False,False,False,False,False,False,True,True,False,False,False,False,False,False,False,True,False,False,False,False,False,False,False,False,False,False,False,False,False,False,False,False,False,False,True,False,False,False,False,False,False,False,True,False,False,False,False,False,False,False,False,False,False,True,False,False,False,False,False,True,False,False,False,False,True,False,False,False,False,False,False,False,False,False,False,False,False,False,True,False,False,False,False,False,False,False,False,False,False,False,False,False,True,False,False,False,False,False,False,False,False,True,False,False,False,True,False,False,False,True,True,False,False,False,False,False,False,False,True,False,False,False,True,False,False,True,False,False,False,True,False,False,False,False,False,False,False,False,True,True,False,False,False,False,False,False,False,False,True,False,False,False,False,True,False,False,True,False,False,False,False,False,True,False,False,True,False,False,False,False,False,False,True,False,False,False,True,False,False,False,False,True,False,False,False,False,True,False,True,False,False,True,False,False,False,True,True,False,False,False,False,False,False,False,False,False,False,True,False,False,False,False,False,0.05337078651685394,0.6451497929629879,-0.37777777777778354,0.1595744680851064,0.08333333333333331,2025.5555555555557,False,False,False,False,False,False,False,False,True,False
0.672852233676976,0.0,0.5319148936170213,0.4373634651600753,0.375,0.6666666666666667,0.5353535353535364,0.21666666666666856,0.0,0.4021000617665226,0.0,0.2750146284376829,0.48596491228070177,0.4372599231754161,0.0,0.0,0.31975655430711614,0.5,0.0,0.0,0.0,0.6666666666666667,0.0,0.28571428571428564,0.0,0.5104166666666643,0.5,0.4255319148936171,0.0,0.49382716049382713,0.0,0.0,0.0,0.0,0.0,0.4545454545454545,0.75,0.27241379310344827,False,False,True,False,True,True,False,False,False,True,False,False,True,False,False,False,False,False,False,False,False,False,False,False,False,False,False,False,False,False,False,False,False,False,False,False,False,False,True,False,False,False,False,False,True,False,False,False,False,False,False,False,False,True,False,False,False,False,False,False,False,False,False,False,True,False,False,False,False,False,True,False,False,False,False,True,False,False,False,False,False,False,False,False,False,False,False,False,False,False,False,False,False,True,False,False,False,False,False,False,False,False,False,False,False,False,False,False,True,False,False,False,True,False,False,False,True,False,False,False,True,False,True,False,False,False,False,False,False,True,False,False,False,True,False,False,True,False,False,False,False,False,True,False,False,False,False,False,False,True,True,False,False,False,False,False,False,False,True,True,False,False,False,False,True,False,False,True,False,False,False,False,False,True,False,False,True,False,False,False,False,False,False,True,False,False,False,True,False,False,False,False,True,False,False,False,False,True,False,True,False,False,True,False,True,False,False,True,False,False,False,False,False,False,False,False,False,False,True,False,False,False,True,False,0.11990870786516855,0.9232248354561179,-0.3186868686868678,0.21276595744680854,0.25,2025.4646464646464,False,False,False,False,False,False,False,True,False,False
0.6749140893470791,0.0,0.1382978723404255,0.012956685499058374,0.625,0.33333333333333326,0.9797979797979792,0.9500000000000028,0.037825059101654845,0.0,0.0,0.740784084259801,0.5707602339181286,0.530089628681178,0.0,0.0,0.3876404494382023,0.0,0.0,0.5,0.0,0.3333333333333333,0.0,0.42857142857142855,0.5,0.96875,0.5,0.30319148936170215,0.24752475247524752,0.09876543209876543,0.0,0.0,0.0,0.0,0.0,0.1818181818181818,0.5,0.3444655172413793,False,False,True,False,True,True,False,False,False,True,False,False,True,False,False,False,False,True,False,False,False,False,False,False,False,False,False,False,False,False,False,False,False,False,False,False,False,False,False,False,False,False,False,False,False,True,False,False,False,False,False,False,False,True,False,False,False,False,False,False,False,False,False,False,True,False,False,False,False,False,True,False,False,False,False,True,False,False,False,False,False,False,False,False,False,False,False,False,False,False,False,False,False,True,False,False,False,False,False,False,False,False,False,False,False,False,False,False,True,False,False,True,False,False,False,True,False,False,False,False,True,False,True,False,False,False,False,True,False,False,False,False,False,True,False,False,False,False,False,False,False,False,False,True,False,False,False,False,False,True,True,False,False,False,False,False,False,False,False,True,False,False,False,False,True,False,True,False,False,False,False,False,False,True,False,True,False,False,False,True,False,False,False,False,False,False,False,False,False,False,False,False,True,False,False,False,False,True,False,True,False,False,True,False,False,False,True,True,False,False,False,False,False,False,False,False,False,False,True,False,False,False,True,False,0.24227528089887646,1.1008498625993066,-0.02979797979797638,0.15159574468085107,0.2083333333333333,2025.020202020202,False,False,False,False,True,False,False,False,False,False
0.679725085910653,0.39999999999999997,0.3723404255319148,0.3853107344632768,0.625,0.33333333333333326,0.9696969696969688,0.93333333333333,0.0,0.0,0.0,0.4505558806319485,0.28070175438596495,0.21766965428937257,0.5915492957746479,0.0,0.5327715355805244,0.0,0.0,0.5,1.0,0.6666666666666667,0.0,0.42857142857142855,0.0,0.9583333333333321,0.5,0.6037234042553191,0.0,0.30864197530864196,0.0,0.0,0.0,0.0,0.0,0.6363636363636364,0.0,0.47241379310344833,True,False,False,False,True,True,False,False,False,True,False,False,True,False,False,False,False,True,False,False,False,False,False,False,False,False,False,False,False,False,False,False,False,False,False,False,False,False,False,False,True,False,False,False,False,True,False,False,False,False,False,False,False,True,False,False,False,False,False,False,False,False,False,False,False,False,False,True,False,False,True,False,False,False,False,True,False,False,False,False,False,False,False,False,False,False,False,False,False,False,False,False,False,True,False,False,False,False,False,False,False,False,False,False,False,False,False,False,True,False,False,False,True,False,False,True,False,False,False,False,True,False,True,False,False,False,False,True,False,False,True,False,False,False,False,False,True,False,False,False,False,False,False,True,False,False,False,False,False,True,True,False,False,False,False,False,False,False,False,True,False,False,False,False,True,False,True,False,False,False,False,False,False,True,False,False,True,False,False,True,False,False,False,False,False,False,True,False,False,False,False,False,True,False,False,False,False,True,False,True,False,False,True,False,False,False,True,True,False,False,False,False,False,False,False,False,True,False,False,False,False,False,False,True,0.3329822097378277,0.4983714086753375,-0.03636363636363882,0.30186170212765956,0.2083333333333333,2025.030303030303,False,False,False,False,False,True,False,True,False,False
0.6804123711340206,0.39999999999999997,0.553191489361702,0.4852730696798493,0.75,0.33333333333333326,0.8787878787878789,0.7999999999999972,1.0,0.6633724521309451,0.0,0.18841427735517846,0.6467836257309942,0.6203585147247119,0.7301704966641956,0.0,0.9147940074906368,0.5,0.0,0.5,1.0,0.6666666666666667,0.0,0.5714285714285714,0.5,0.8645833333333321,1.0,0.9441489361702128,0.0,0.43209876543209874,0.0,0.0,0.0,0.0,0.0,0.4545454545454545,0.0,0.993103448275862,False,False,True,False,True,True,False,False,False,True,False,False,True,False,False,False,False,True,False,False,False,False,False,False,False,False,False,False,False,False,False,False,False,False,True,False,False,False,False,False,False,False,False,False,False,True,False,False,False,False,False,False,False,True,False,False,False,False,False,False,False,False,False,False,False,False,False,True,False,False,True,False,False,False,False,True,False,False,False,False,False,False,False,False,False,False,False,False,False,False,False,False,False,True,False,False,False,False,False,False,False,False,False,False,False,False,False,False,True,False,False,True,False,False,False,True,False,False,False,False,True,False,True,False,False,False,False,True,False,False,False,False,False,True,False,False,True,False,False,True,False,False,False,False,False,False,False,False,False,True,True,False,False,False,False,False,False,False,False,True,False,False,False,False,True,False,True,False,False,False,False,False,False,True,False,False,False,False,True,True,False,False,False,False,False,False,False,False,False,False,False,False,True,False,False,False,False,True,False,True,False,False,True,False,False,False,True,True,False,False,False,False,False,False,False,False,False,False,True,False,False,False,True,False,0.6860955056179776,1.2671421404557062,-0.07878787878788174,0.9441489361702128,0.24999999999999994,2025.121212121212,False,False,False,False,False,False,True,False,True,False
0.6824742268041237,0.39999999999999997,0.4042553191489361,0.439623352165725,0.5,0.33333333333333326,0.9595959595959584,0.93333333333333,0.0,0.0,0.0,0.43885313048566416,0.2690058479532164,0.19974391805377723,0.5559673832468495,0.0,0.4971910112359551,0.0,0.0,0.5,1.0,0.6666666666666667,0.0,0.42857142857142855,0.0,0.9479166666666643,0.5,0.5372340425531915,0.0,0.21604938271604937,0.0,0.0,0.0,0.0,0.0,0.6363636363636364,0.0,0.39275862068965517,False,False,True,False,True,True,False,False,False,True,False,False,True,False,False,False,False,True,False,False,False,False,False,False,True,False,False,False,False,False,False,False,False,False,False,False,False,False,False,False,False,False,False,False,False,True,False,False,False,False,False,False,False,True,False,False,False,False,False,False,False,False,False,False,False,False,False,True,False,False,True,False,False,False,False,True,False,False,False,False,False,False,False,False,False,False,False,False,False,False,False,False,False,True,False,False,False,False,False,False,False,False,False,False,False,False,False,False,True,False,False,False,True,False,False,False,True,False,False,False,True,False,True,False,False,False,False,True,False,False,False,False,False,True,False,False,True,False,False,False,False,False,False,True,False,False,False,False,False,True,True,False,False,False,False,False,False,False,False,True,False,False,False,False,True,False,True,False,False,False,False,False,False,True,False,False,True,False,False,True,False,False,False,False,False,False,True,False,False,False,False,False,True,False,False,False,False,True,False,True,False,False,True,False,False,False,True,True,False,False,False,False,False,False,False,False,True,False,False,False,False,False,False,True,0.24859550561797755,0.46874976600699364,-0.02626262626262843,0.26861702127659576,0.16666666666666663,2025.0404040404042,False,False,False,False,False,True,False,True,False,False
0.6831615120274914,0.0,0.702127659574468,0.711563088512241,1.0,0.33333333333333326,0.9696969696969688,0.9500000000000028,0.5437352245862884,0.7239036442248302,0.0,0.30895260386190754,0.824561403508772,0.8194622279129322,0.0,0.0,0.599250936329588,0.5,0.0,0.5,0.0,0.6666666666666667,0.0,0.5714285714285714,0.5,0.9791666666666643,1.0,0.8324468085106383,0.5346534653465347,0.2962962962962963,0.0,0.0,0.0,0.0,0.0,0.5454545454545454,0.75,0.9568965517241379,False,False,True,False,True,True,False,False,False,True,False,False,True,False,False,True,False,False,False,False,False,False,False,False,False,False,False,False,False,False,False,False,False,False,False,True,False,False,False,False,False,False,False,False,False,True,False,False,False,False,False,False,False,True,False,False,False,False,False,False,False,False,False,False,True,False,False,False,False,False,False,False,True,False,False,True,False,False,False,False,False,False,False,False,False,False,True,False,False,False,False,False,False,False,False,False,False,False,False,False,True,False,False,False,False,False,False,False,False,False,False,False,False,True,False,False,False,False,False,False,True,False,True,False,False,False,False,False,False,False,False,False,False,True,True,False,False,False,False,True,False,False,False,False,False,False,False,False,False,True,True,False,False,False,False,False,False,False,False,True,False,False,False,False,True,False,False,False,False,False,False,False,False,True,False,True,False,False,False,True,False,False,False,False,False,False,False,False,False,False,False,False,True,False,False,False,False,True,False,True,False,False,True,False,False,False,True,True,False,False,False,False,False,False,False,False,False,False,True,False,False,False,True,False,0.599250936329588,1.6440236314217043,-0.019696969696965994,0.8324468085106383,0.33333333333333326,2025.030303030303,False,False,False,False,False,False,True,False,False,True
0.6865979381443299,0.0,0.36170212765957444,0.2826365348399247,0.625,0.33333333333333326,0.9696969696969688,0.93333333333333,0.05673758865248227,0.4237183446571958,0.0,0.29315389116442364,0.524561403508772,0.4929577464788732,0.0,0.0,0.36048689138576784,0.5,0.0,0.5,0.0,0.3333333333333333,0.0,0.42857142857142855,0.0,0.9583333333333321,0.5,0.6276595744680851,0.2599009900990099,0.3765432098765432,0.0,0.0,0.0,0.0,0.0,0.09090909090909091,1.0,0.503448275862069,False,False,True,False,True,True,False,False,False,True,False,False,True,False,False,False,False,True,False,False,False,False,False,False,True,False,False,False,False,False,False,False,False,False,False,False,False,False,False,False,False,False,False,False,False,True,False,False,False,False,False,False,False,True,False,False,False,False,False,False,False,False,False,False,True,False,False,False,False,False,True,False,False,False,False,True,False,False,False,False,False,False,False,False,False,False,False,False,False,False,False,False,False,True,False,False,False,False,False,False,False,False,False,False,False,False,False,False,True,False,False,False,False,True,False,True,False,False,False,False,True,False,True,False,False,False,False,True,False,False,False,False,False,True,False,False,False,False,False,True,False,False,False,False,False,False,False,False,False,True,True,False,False,False,False,False,False,False,False,True,False,False,False,False,True,False,True,False,False,False,False,False,False,True,False,False,True,False,False,True,False,False,False,False,False,False,True,False,False,False,False,False,True,False,False,False,False,True,False,True,False,False,True,False,False,False,True,True,False,False,False,False,False,False,False,False,False,False,True,False,False,False,True,False,0.22530430711610488,1.0175191499876453,-0.03636363636363882,0.31382978723404253,0.2083333333333333,2025.030303030303,False,False,False,False,True,False,False,False,False,False
0.6886597938144331,0.0,0.4787234042553191,0.6739736346516008,0.75,0.33333333333333326,0.9696969696969688,0.93333333333333,0.12529550827423167,0.014823965410747375,0.0,0.9069631363370392,0.7508771929824563,0.7272727272727273,0.0,0.0,0.5318352059925093,0.0,0.0,0.5,0.0,0.6666666666666667,0.0,0.5714285714285714,0.5,0.9583333333333321,1.0,0.8829787234042553,0.3564356435643564,0.6419753086419753,0.0,0.0,0.0,0.0,0.0,0.5454545454545454,0.5,0.593103448275862,False,False,True,False,True,True,False,False,False,False,False,False,True,False,False,False,False,True,False,False,False,False,False,False,False,False,False,False,False,False,False,False,False,False,False,False,False,False,False,False,True,False,False,False,False,False,False,False,False,True,False,False,False,True,False,False,False,False,False,False,False,False,False,False,True,False,False,False,False,False,True,False,False,False,False,True,False,False,False,False,False,False,False,False,False,False,False,False,False,False,False,False,False,True,False,False,False,False,False,False,False,False,False,False,False,False,False,False,True,False,False,True,False,False,False,True,False,False,False,False,True,False,True,False,False,False,False,True,False,False,False,False,False,True,False,False,True,False,False,True,False,False,False,False,False,False,False,False,False,True,True,False,False,False,False,False,False,False,False,True,False,False,False,False,True,False,True,False,False,False,False,False,False,True,False,True,False,False,False,True,False,False,False,False,False,False,True,False,False,False,False,False,True,False,False,False,False,True,False,True,False,False,True,False,False,False,True,True,False,False,False,False,False,False,False,False,False,False,True,False,False,False,True,False,0.398876404494382,1.4781499202551835,-0.03636363636363882,0.8829787234042553,0.24999999999999994,2025.030303030303,False,False,False,False,False,True,False,False,False,True
0.6900343642611685,1.0,0.1382978723404255,0.012956685499058374,0.625,0.33333333333333326,0.9595959595959584,0.93333333333333,0.037825059101654845,0.009882643607164917,0.0,0.7782328847279111,0.6175438596491227,0.6824583866837388,0.0,0.0,0.49906367041198507,0.0,0.0,0.5,0.0,0.0,0.0,0.5714285714285714,0.5,0.9479166666666643,0.5,0.39494680851063835,0.38613861386138615,0.0,0.0,0.0,0.0,0.0,0.0,0.36363636363636365,0.75,0.4172413793103449,False,False,True,False,True,True,False,False,False,True,False,False,True,False,False,False,False,True,False,False,False,False,False,False,False,False,False,False,False,False,False,False,False,False,False,False,False,False,False,False,False,False,False,False,False,True,False,False,False,False,False,False,False,True,False,False,False,False,False,False,False,False,True,False,True,False,False,False,False,False,True,False,False,False,False,True,False,False,False,False,False,False,False,False,False,False,False,False,False,False,False,False,False,True,False,False,False,False,False,False,False,False,False,False,False,False,False,False,True,False,False,True,False,False,False,True,False,False,False,False,True,False,True,False,False,False,False,True,False,False,False,False,False,True,False,False,True,False,False,True,False,False,False,False,False,False,False,False,False,True,True,False,False,False,False,False,False,False,False,True,False,False,False,False,True,False,True,False,False,False,False,False,False,True,False,True,False,False,False,True,False,False,False,False,False,False,False,False,False,False,False,False,True,False,False,False,False,True,False,True,False,False,True,False,False,False,True,True,False,False,False,False,False,False,False,False,False,False,True,False,False,False,True,False,0.31191479400749067,1.3000022463328615,-0.02626262626262843,0.19747340425531917,0.2083333333333333,2025.0404040404042,False,False,False,False,False,True,False,False,False,False
0.6969072164948454,0.0,0.3191489361702128,0.6519020715630885,0.5,0.33333333333333326,0.3838383838383841,0.0,0.48699763593380613,0.20753551575046325,0.0,0.4365125804564073,0.46315789473684216,0.412291933418694,0.0,0.0,0.30149812734082393,0.0,0.0,0.0,0.0,0.3333333333333333,0.0,0.28571428571428564,0.5,0.3541666666666643,0.0,0.10638297872340427,0.0,0.8024691358024691,0.0,0.0,0.0,0.0,0.0,0.9090909090909091,0.25,0.20413793103448277,False,False,True,False,True,True,False,False,False,True,False,False,True,False,False,False,False,True,False,False,False,False,False,False,False,False,False,False,False,False,False,True,False,False,False,False,False,False,False,False,False,False,False,False,False,False,False,False,False,False,False,False,False,True,False,False,False,False,False,False,False,False,False,False,True,False,False,False,False,False,True,False,False,False,False,True,False,False,False,False,False,False,False,False,False,False,False,False,False,True,False,False,False,False,False,False,False,False,False,False,False,False,False,True,False,False,False,False,False,False,False,True,False,False,False,False,True,False,False,False,True,True,False,False,False,False,False,False,False,True,False,False,False,False,False,False,True,False,True,False,False,False,False,False,False,False,False,False,False,True,True,False,False,False,False,False,False,False,True,True,False,False,False,False,True,False,False,True,False,False,False,False,False,True,False,True,False,False,False,False,False,False,False,True,False,False,False,True,False,False,False,False,True,False,False,False,False,True,False,True,False,False,True,False,False,False,True,True,False,False,False,False,False,False,False,False,False,False,True,False,False,False,True,False,0.15074906367041196,0.8754498281555362,-0.3838383838383841,0.0,0.16666666666666663,2025.6161616161617,False,False,False,False,False,False,False,False,False,True
0.6975945017182131,0.39999999999999997,0.42553191489361697,0.4060263653483992,0.75,0.6666666666666667,0.9191919191919204,0.8500000000000014,0.0,0.3971587399629401,0.0,0.09771796372147455,0.304093567251462,0.23815620998719594,0.6338028169014084,0.0,0.574438202247191,0.5,0.0,0.5,1.0,0.6666666666666667,0.0,0.42857142857142855,0.0,0.90625,0.5,0.4893617021276596,0.0,0.2777777777777778,0.0,0.0,0.0,0.0,0.0,0.9090909090909091,0.75,0.5758620689655173,False,False,True,False,True,True,False,False,False,True,False,False,True,False,False,False,False,True,False,False,False,False,False,False,False,False,False,False,False,False,False,False,False,True,False,False,False,False,False,False,False,False,False,False,False,True,False,False,False,False,False,False,False,True,False,False,False,False,False,False,False,False,False,False,False,False,False,True,False,False,True,False,False,False,False,True,False,False,False,False,False,False,False,False,False,False,False,False,False,False,False,False,False,True,False,False,False,False,False,False,False,False,False,False,False,False,False,False,True,False,False,False,True,False,False,True,False,False,False,False,True,False,True,False,False,False,False,True,False,False,False,False,False,True,False,False,True,False,False,True,False,False,False,False,False,False,False,False,False,True,True,False,False,False,False,False,False,False,False,True,False,False,False,False,True,False,True,False,False,False,False,False,False,True,False,False,True,False,False,True,False,False,False,False,False,False,False,False,False,False,False,False,True,False,False,False,False,True,False,True,False,False,True,False,False,False,True,True,False,False,False,False,False,False,False,False,False,False,True,False,False,False,True,False,0.43082865168539325,0.542249777238658,-0.06919191919191903,0.2446808510638298,0.5,2025.080808080808,False,False,False,False,False,True,False,True,False,False
0.6982817869415808,0.0,0.45744680851063824,0.6683992467043315,0.625,0.33333333333333326,0.8686868686868685,0.7666666666666657,0.46335697399527187,0.42618900555898703,0.0,0.47630193095377416,0.7099415204678363,0.6824583866837388,0.0,0.0,0.49906367041198507,0.5,0.0,0.5,0.0,0.6666666666666667,0.0,0.42857142857142855,0.5,0.8541666666666643,0.5,0.4228723404255319,0.2846534653465347,0.4074074074074074,0.0,0.0,0.0,0.0,0.0,0.4545454545454545,0.75,0.49310344827586206,False,False,True,False,True,True,False,False,False,True,False,False,True,False,False,False,False,True,False,False,False,False,False,False,True,False,False,False,False,False,False,False,False,False,False,False,False,False,False,False,False,False,False,False,False,True,False,False,False,False,False,False,False,True,False,False,False,False,False,False,False,False,False,False,True,False,False,False,False,False,False,False,True,False,False,True,False,False,False,False,False,False,False,False,False,False,False,False,False,False,False,False,False,True,False,False,False,False,False,False,False,False,False,False,False,False,False,False,True,False,False,True,False,False,False,True,False,False,False,False,True,False,True,False,False,False,False,True,False,False,False,False,False,True,True,False,False,False,False,True,False,False,False,False,False,False,False,False,False,True,True,False,False,False,False,False,False,False,False,True,False,False,False,False,True,False,True,False,False,False,False,False,False,True,False,False,False,False,True,True,False,False,False,False,False,False,False,False,False,False,False,False,True,False,False,False,False,True,False,True,False,False,True,False,False,False,True,True,False,False,False,False,False,False,False,False,False,False,True,False,False,False,True,False,0.31191479400749067,1.3923999071515751,-0.10202020202020279,0.21143617021276595,0.2083333333333333,2025.1313131313132,False,False,False,False,False,True,False,False,False,True
0.7003436426116839,1.0,0.1382978723404255,0.00022598870056497744,0.625,0.33333333333333326,0.9595959595959584,0.9166666666666643,0.34278959810874704,0.009882643607164917,0.0,0.7875950848449386,0.6269005847953217,0.6837387964148527,0.0,0.0,0.5,0.0,0.0,0.5,0.0,0.3333333333333333,0.0,0.42857142857142855,0.5,0.9479166666666643,0.5,0.37234042553191493,0.35148514851485146,0.12345679012345678,0.0,0.0,0.0,0.0,0.0,0.2727272727272727,0.0,0.5292758620689655,False,False,True,False,True,True,False,False,False,True,False,False,True,False,False,False,False,True,False,False,False,False,False,False,False,False,False,False,False,False,False,False,False,False,False,False,False,False,False,False,False,False,False,False,False,True,False,False,False,False,False,False,False,True,False,False,False,False,False,False,False,False,True,False,True,False,False,False,False,False,True,False,False,False,False,True,False,False,False,False,False,False,False,False,False,False,False,False,False,False,False,False,False,True,False,False,False,False,False,False,False,False,False,False,False,False,False,False,True,False,False,True,False,False,False,True,False,False,False,False,True,False,True,False,False,False,False,True,False,False,False,False,False,True,True,False,False,False,False,True,False,False,False,False,False,False,False,False,False,True,True,False,False,False,False,False,False,False,False,True,False,False,False,False,True,False,True,False,False,False,False,False,False,True,False,True,False,False,False,True,False,False,False,False,False,False,False,False,False,False,False,False,True,False,False,False,False,True,False,True,False,False,True,False,False,False,True,True,False,False,False,False,False,False,False,False,False,False,True,False,False,False,True,False,0.3125,1.3106393812101744,-0.04292929292929415,0.18617021276595747,0.2083333333333333,2025.0404040404042,False,False,False,False,False,True,False,False,False,False
0.7010309278350516,0.0,0.3191489361702128,0.3023728813559322,0.25,0.33333333333333326,0.9595959595959584,0.9166666666666643,0.0,0.6324891908585547,0.0,0.06319485078993564,0.49239766081871345,0.44430217669654287,0.0,0.0,0.32490636704119846,0.5,0.0,0.0,1.0,0.3333333333333333,0.0,0.28571428571428564,0.0,0.9479166666666643,0.5,0.38696808510638303,0.6237623762376238,0.3950617283950617,0.0,0.0,0.0,0.0,0.0,0.4545454545454545,0.5,0.4,False,False,True,False,True,True,False,False,False,True,False,False,True,False,False,False,False,True,False,False,False,False,False,False,False,False,True,False,False,False,False,False,False,False,False,False,False,False,False,False,False,False,False,False,False,True,False,False,False,False,False,False,False,True,False,False,False,False,False,False,False,False,False,False,True,False,False,False,False,False,True,False,False,False,False,True,False,False,False,False,False,False,False,False,False,False,False,False,False,False,False,False,False,True,False,False,False,False,False,False,False,False,False,False,False,False,False,False,True,False,False,False,True,False,False,False,True,False,False,False,True,False,True,False,False,False,False,True,False,False,False,False,False,True,False,False,True,False,False,True,False,False,False,False,False,False,False,False,False,True,True,False,False,False,False,False,False,False,False,True,False,False,False,False,True,False,True,False,False,False,False,False,False,True,False,False,True,False,False,True,False,False,False,False,False,False,False,False,False,False,False,False,True,False,False,False,False,True,False,True,False,False,True,False,False,False,True,True,False,False,False,False,False,False,False,False,False,False,True,False,False,False,True,False,0.08122659176029962,0.9366998375152563,-0.04292929292929415,0.19348404255319152,0.08333333333333331,2025.0404040404042,False,False,False,False,False,False,False,False,False,False
0.7017182130584193,0.0,0.36170212765957444,0.3311487758945386,0.625,0.33333333333333326,0.9696969696969688,0.93333333333333,0.19858156028368795,0.4224830142063002,0.0,0.3013458162668227,0.5315789473684212,0.5006402048655569,0.0,0.0,0.36610486891385763,0.5,0.0,0.5,0.0,0.3333333333333333,0.0,0.42857142857142855,0.0,0.9583333333333321,0.5,0.6276595744680851,0.2599009900990099,0.3333333333333333,0.0,0.0,0.0,0.0,0.0,0.5454545454545454,0.0,0.4620689655172414,False,False,True,False,True,True,False,False,False,True,False,False,True,False,False,False,False,True,False,False,False,False,False,False,True,False,False,False,False,False,False,False,False,False,False,False,False,False,False,False,False,False,False,False,False,True,False,False,False,False,False,False,False,True,False,False,False,False,False,False,False,False,False,False,True,False,False,False,False,False,True,False,False,False,False,True,False,False,False,False,False,False,False,False,False,False,False,False,False,False,False,False,False,True,False,False,False,False,False,False,False,False,False,False,False,False,False,False,True,False,False,False,False,True,False,True,False,False,False,False,True,False,True,False,False,False,False,True,False,False,False,False,False,True,False,False,False,False,False,True,False,False,False,False,False,False,False,False,False,True,True,False,False,False,False,False,False,False,False,True,False,False,False,False,True,False,True,False,False,False,False,False,False,True,False,False,True,False,False,True,False,False,False,False,False,False,True,False,False,False,False,False,True,False,False,False,False,True,False,True,False,False,True,False,False,False,True,True,False,False,False,False,False,False,False,False,True,False,False,False,False,False,False,True,0.22881554307116103,1.032219152233978,-0.03636363636363882,0.31382978723404253,0.2083333333333333,2025.030303030303,False,False,False,False,True,False,False,False,False,False
0.7030927835051547,1.0,0.1382978723404255,0.012956685499058374,0.625,0.33333333333333326,0.9595959595959584,0.93333333333333,0.03309692671394799,0.009882643607164917,0.0,0.7782328847279111,0.6175438596491227,0.6824583866837388,0.0,0.0,0.49906367041198507,0.0,0.0,0.5,0.0,0.3333333333333333,0.0,0.5714285714285714,0.5,0.9479166666666643,0.5,0.3683510638297872,0.38613861386138615,0.12345679012345678,0.0,0.0,0.0,0.0,0.0,0.36363636363636365,0.5,0.4517241379310345,False,False,True,False,True,True,False,False,False,True,False,False,True,False,False,False,False,True,False,False,False,False,False,False,False,False,False,False,False,False,False,False,False,False,False,False,False,False,False,False,False,False,False,False,False,True,False,False,False,False,False,False,False,True,False,False,False,False,False,False,False,False,True,False,True,False,False,False,False,False,True,False,False,False,False,True,False,False,False,False,False,False,False,False,False,False,False,False,False,False,False,False,False,True,False,False,False,False,False,False,False,False,False,False,False,False,False,False,True,False,False,True,False,False,False,True,False,False,False,False,True,False,True,False,False,False,False,True,False,False,True,False,False,False,False,False,True,False,False,True,False,False,False,False,False,False,False,False,False,True,True,False,False,False,False,False,False,False,False,True,False,False,False,False,True,False,True,False,False,False,False,False,False,True,False,True,False,False,False,True,False,False,False,False,False,False,False,False,False,False,False,False,True,False,False,False,False,True,False,True,False,False,True,False,False,False,True,True,False,False,False,False,False,False,False,False,False,False,True,False,False,False,True,False,0.31191479400749067,1.3000022463328615,-0.02626262626262843,0.1841755319148936,0.2083333333333333,2025.0404040404042,False,False,False,False,False,True,False,False,False,False
0.7058419243986255,0.0,0.43617021276595747,0.49039548022598867,0.75,0.33333333333333326,0.9797979797979792,0.9666666666666686,0.7990543735224586,0.9345274861025324,0.0,0.07314218841427736,0.7883040935672514,0.7733674775928296,0.0,0.0,0.5655430711610487,0.5,0.0,0.5,0.0,0.6666666666666667,0.0,0.5714285714285714,0.5,0.9791666666666643,1.0,0.851063829787234,0.4752475247524752,0.2716049382716049,0.0,0.0,0.0,0.0,0.0,0.2727272727272727,0.5,0.8037137931034484,False,False,True,False,True,True,False,False,False,False,True,False,False,False,False,False,False,True,False,False,False,False,False,False,False,False,False,False,False,False,False,False,False,False,False,False,False,False,False,False,False,False,True,False,False,True,False,False,False,False,False,False,False,True,False,False,False,False,False,False,False,False,False,False,True,False,False,False,False,False,True,False,False,False,False,True,False,False,False,False,False,False,False,False,False,False,False,False,False,False,False,False,False,True,False,False,False,False,False,False,False,False,False,False,False,False,False,False,True,False,False,False,False,True,False,True,False,False,False,False,True,False,True,False,False,False,False,True,False,False,False,False,False,True,True,False,False,False,False,True,False,False,False,False,False,False,False,False,False,True,True,False,False,False,False,False,False,False,False,True,False,False,False,False,True,False,True,False,False,False,False,False,False,True,False,True,False,False,False,True,False,False,False,False,False,False,True,False,False,False,False,False,True,False,False,False,False,True,False,True,False,False,True,False,False,False,True,True,False,False,False,False,False,False,False,False,True,False,False,False,False,False,False,True,0.42415730337078655,1.561671571160081,-0.013131313131310662,0.851063829787234,0.24999999999999994,2025.020202020202,False,False,False,False,False,True,False,False,True,False
0.7106529209621993,0.09999999999999998,0.21276595744680848,0.24821092278719398,0.375,0.9999999999999998,0.28282828282828376,0.0,0.0,0.0,0.0,0.5383265067290813,0.3684210526315789,0.33034571062740076,0.0,0.0,0.24157303370786515,0.0,0.0,0.0,0.0,0.3333333333333333,0.0,0.28571428571428564,0.5,0.25,0.0,0.10638297872340427,0.0,0.0,0.0,0.0,0.0,0.0,0.0,0.4545454545454545,0.25,0.20603448275862066,False,False,True,False,True,True,False,False,False,True,False,False,False,False,False,False,False,True,False,False,False,False,False,False,False,True,False,False,False,False,False,False,False,False,False,False,False,False,False,False,False,False,False,False,False,True,False,False,False,False,False,False,False,True,False,False,False,False,False,False,False,False,False,False,True,False,False,False,False,False,True,False,False,False,False,True,False,False,False,False,False,False,False,False,False,False,False,False,False,True,False,False,False,False,False,False,False,False,False,False,False,False,False,True,False,False,False,False,False,False,False,False,True,False,False,False,True,False,True,False,False,False,True,False,False,False,True,False,False,False,False,False,False,False,False,False,True,False,False,False,False,False,False,True,False,False,False,False,False,True,True,False,False,False,False,False,False,False,False,True,False,False,False,False,True,True,False,False,False,False,False,False,False,True,False,True,False,False,False,False,True,False,False,False,False,False,False,True,True,False,False,False,False,False,False,False,False,True,False,True,False,False,True,False,True,False,False,True,False,False,False,False,False,False,False,False,False,False,True,False,False,False,True,False,0.09058988764044942,0.6987667632589797,-0.28282828282828376,0.0,0.3749999999999999,2025.7171717171718,False,False,False,False,False,False,False,False,False,False
0.7120274914089347,0.0,0.6276595744680851,0.7448587570621469,0.875,0.33333333333333326,0.9797979797979792,0.9666666666666686,0.16548463356973994,0.6312538604076591,0.0,0.34991222937390287,0.7777777777777779,0.7567221510883484,0.0,0.0,0.5533707865168539,0.5,0.0,0.5,0.0,0.3333333333333333,0.0,0.42857142857142855,0.5,0.9791666666666643,1.0,0.9999999999999999,0.5643564356435644,0.0,0.0,0.0,0.0,0.0,0.0,0.7272727272727273,0.75,0.8810344827586207,False,False,True,False,True,True,False,False,False,False,True,False,False,False,False,False,False,True,False,False,False,False,False,False,False,False,False,False,False,False,False,False,False,False,False,False,False,False,False,False,False,False,True,False,False,True,False,False,False,False,False,False,False,True,False,False,False,False,False,False,False,False,False,False,True,False,False,False,False,False,False,False,True,False,False,True,False,False,False,False,False,False,False,False,False,False,False,False,False,False,False,False,False,True,False,False,False,False,False,False,False,False,False,False,False,False,False,False,True,False,False,False,False,True,False,True,False,False,False,False,True,False,True,False,False,False,False,False,False,False,False,False,False,True,True,False,False,False,False,True,False,False,False,False,False,False,False,False,False,True,True,False,False,False,False,False,False,False,False,True,False,False,False,False,True,False,False,False,False,False,False,False,False,True,False,False,False,False,False,True,False,False,False,False,False,False,False,False,False,False,False,False,True,False,False,False,False,True,False,True,False,False,True,False,False,False,True,True,False,False,False,False,False,False,False,False,False,False,True,False,False,False,True,False,0.48419943820224715,1.5344999288661263,-0.013131313131310662,0.9999999999999999,0.29166666666666663,2025.020202020202,False,False,False,False,False,True,False,False,False,True
0.7161512027491409,1.0,0.04255319148936165,0.1786064030131827,0.5,0.33333333333333326,0.9595959595959584,0.9166666666666643,0.3191489361702128,0.5558987029030266,0.0,0.23756582796957285,0.5941520467836257,0.5556978233034571,0.0,0.0,0.40636704119850187,0.5,0.0,0.5,0.0,0.0,0.0,0.28571428571428564,0.5,0.9479166666666643,0.5,0.6170212765957447,0.4207920792079208,0.38888888888888884,0.0,0.0,0.0,0.0,0.0,0.6363636363636364,0.75,0.46896551724137936,False,False,True,False,True,True,False,False,False,False,False,False,True,False,False,False,False,True,False,False,False,False,False,False,False,False,False,False,False,False,False,False,False,False,False,True,False,False,False,False,False,False,False,False,False,True,False,False,False,False,False,False,False,True,False,False,False,False,False,False,False,True,False,False,True,False,False,False,False,False,True,False,False,False,False,True,False,False,False,False,False,False,False,False,False,False,False,False,False,False,False,False,False,True,False,False,False,False,False,False,False,False,False,False,False,False,False,False,True,False,False,False,False,True,False,True,False,False,False,False,True,False,True,False,False,False,False,True,False,False,False,False,False,True,False,False,False,False,False,False,False,False,False,False,False,False,False,False,False,True,True,False,False,False,False,False,False,False,False,True,False,False,False,False,True,False,True,False,False,False,False,False,False,True,False,True,False,False,False,True,False,False,False,False,False,False,True,False,False,False,False,False,True,False,False,False,False,True,False,True,False,False,True,False,False,False,True,True,False,False,False,False,False,False,False,False,False,False,True,False,False,False,True,False,0.20318352059925093,1.1498498700870827,-0.04292929292929415,0.30851063829787234,0.16666666666666663,2025.0404040404042,False,False,False,False,True,False,False,False,False,False
0.7168384879725086,0.39999999999999997,0.5957446808510638,0.6650847457627118,0.625,0.33333333333333326,0.8080808080808097,0.6666666666666643,0.23404255319148937,0.670166769610871,0.0,0.22820362785254536,0.6929824561403508,0.7003841229193342,0.5908080059303187,0.0,0.8852996254681648,0.5,0.0,0.5,1.0,1.0,0.0,0.9999999999999998,0.5,0.7916666666666643,0.5,0.4707446808510638,0.4752475247524752,0.7469135802469136,0.0,0.0,0.0,0.0,0.0,0.36363636363636365,0.5,0.6975172413793104,False,False,True,False,True,True,False,False,False,True,False,False,True,False,False,False,False,True,False,False,False,False,False,False,False,False,False,False,False,False,False,False,False,False,False,False,False,False,False,True,False,False,False,False,False,True,False,False,False,False,False,False,False,True,False,False,False,False,False,False,False,False,False,False,False,False,False,True,False,False,False,False,True,False,False,True,False,False,False,False,False,False,False,False,False,False,False,True,False,False,False,False,False,False,False,False,False,False,False,False,False,True,False,False,False,False,False,False,False,False,False,True,False,False,False,False,True,False,False,False,True,False,True,False,False,False,False,True,False,False,False,False,False,True,False,False,True,False,False,True,False,False,False,False,False,False,False,False,False,True,True,False,False,False,False,False,False,False,False,True,False,False,False,False,True,False,True,False,False,False,False,False,False,True,False,False,False,False,False,True,False,False,False,False,False,False,False,True,False,False,False,False,True,False,False,False,False,True,False,True,False,False,True,False,False,False,True,True,False,False,False,False,False,False,False,False,False,False,True,False,False,False,True,False,0.553312265917603,1.393366579059685,-0.14141414141414543,0.2353723404255319,0.2083333333333333,2025.1919191919192,False,False,False,False,False,False,True,False,False,True
0.7216494845360826,0.0,0.45744680851063824,0.4506967984934087,0.625,0.33333333333333326,0.9797979797979792,0.9500000000000028,0.0,0.0,0.0,0.7618490345231129,0.591812865497076,0.5531370038412291,0.0,0.0,0.4044943820224719,0.0,0.0,0.5,0.0,0.6666666666666667,0.0,0.42857142857142855,0.0,0.96875,0.5,0.3670212765957447,0.0,0.13580246913580246,0.0,0.0,0.0,0.0,0.0,0.6363636363636364,0.25,0.4016724137931035,False,False,True,False,True,True,False,False,False,False,False,False,True,False,False,False,False,True,False,False,False,False,False,False,False,False,False,True,False,False,False,False,False,False,False,False,False,False,False,False,False,False,False,False,False,True,False,False,False,False,False,False,False,True,False,False,False,False,False,False,False,False,False,False,True,False,False,False,False,False,True,False,False,False,False,True,False,False,False,False,False,False,False,False,False,False,False,False,False,False,False,False,False,True,False,False,False,False,False,False,False,False,False,False,False,False,False,False,True,False,False,False,True,False,False,True,False,False,False,False,True,False,True,False,False,False,False,True,False,False,False,False,False,True,False,False,False,False,False,False,False,False,False,True,False,False,False,False,False,True,True,False,False,False,False,False,False,False,False,True,False,False,False,False,True,False,True,False,False,False,False,False,False,True,False,False,True,False,False,True,False,False,False,False,False,False,False,False,False,False,False,False,True,False,False,False,False,True,False,True,False,False,True,False,False,False,True,True,False,False,False,False,False,False,False,False,True,False,False,False,False,False,False,True,0.25280898876404495,1.1449498693383051,-0.02979797979797638,0.18351063829787234,0.2083333333333333,2025.020202020202,False,False,False,False,True,False,False,True,False,False
0.7223367697594503,0.0,0.776595744680851,0.6150659133709981,0.625,0.33333333333333326,0.9797979797979792,0.9500000000000028,0.0,0.0,0.0,0.770040959625512,0.6000000000000001,0.5620998719590269,0.0,0.0,0.41104868913857684,0.0,0.0,0.5,0.0,0.6666666666666667,0.0,0.42857142857142855,0.5,0.96875,0.5,0.37234042553191493,0.0,0.12345679012345678,0.0,0.0,0.0,0.0,0.0,0.8181818181818182,0.25,0.4832448275862069,False,False,True,False,True,True,False,False,False,False,False,False,True,False,False,False,False,False,False,False,False,False,False,False,True,False,False,False,False,False,False,False,False,False,False,False,False,False,False,False,False,False,False,False,False,True,False,False,False,False,False,False,False,True,False,False,False,False,False,False,False,False,False,False,True,False,False,False,False,False,True,False,False,False,False,True,False,False,False,False,False,False,False,False,False,False,False,False,False,False,False,False,False,True,False,False,False,False,False,False,False,False,False,False,False,False,False,False,True,False,False,False,True,False,False,True,False,False,False,False,True,False,True,False,False,False,False,True,False,False,False,False,False,True,False,False,False,False,False,False,False,False,False,True,False,False,False,False,False,True,True,False,False,False,False,False,False,False,False,True,False,False,False,False,True,False,True,False,False,False,False,False,False,True,False,True,False,False,False,True,False,False,False,False,False,False,False,False,False,False,False,False,True,False,False,False,False,True,False,True,False,False,True,False,False,False,True,True,False,False,False,False,False,False,False,False,True,False,False,False,False,False,False,True,0.25690543071161054,1.162099871959027,-0.02979797979797638,0.18617021276595747,0.2083333333333333,2025.020202020202,False,False,False,False,True,False,False,False,False,True
0.7237113402061857,0.0,0.4042553191489361,0.4182297551789077,0.375,0.6666666666666667,0.47474747474747403,0.8666666666666671,0.34278959810874704,0.2365657813465102,0.0,0.4874195435927443,0.5415204678362573,0.6965428937259923,0.0,0.0,0.5093632958801498,0.0,0.0,0.0,0.0,1.0,0.0,0.5714285714285714,0.5,0.4479166666666643,0.0,0.2712765957446809,0.2871287128712871,0.48148148148148145,0.0,0.0,0.0,0.0,0.0,0.36363636363636365,1.0,0.29137931034482756,False,False,True,False,True,True,False,False,False,True,False,False,True,False,False,False,False,True,True,False,False,False,False,False,False,False,True,False,False,False,False,False,False,False,False,False,False,False,False,False,False,False,False,False,False,True,False,False,False,False,False,False,False,True,False,False,False,False,False,False,False,False,False,False,True,False,False,False,False,False,False,False,True,False,False,True,False,False,False,False,False,False,False,False,False,False,False,True,False,False,False,False,False,False,False,False,False,False,False,False,False,True,False,False,False,False,False,False,False,False,False,False,False,True,False,False,True,False,False,False,True,True,False,False,False,False,False,False,False,True,False,False,False,True,False,False,False,False,False,False,False,False,True,False,False,False,False,False,False,True,True,False,False,False,False,False,False,False,False,True,False,False,False,False,False,False,False,True,False,False,True,False,False,False,False,True,False,False,False,False,True,False,False,False,False,False,False,True,False,False,False,False,True,False,False,False,False,True,False,True,False,False,True,False,False,False,True,True,False,False,False,False,False,False,False,False,False,False,True,False,False,False,True,False,0.1910112359550562,1.2380633615622496,0.3919191919191931,0.0,0.25,2025.5252525252524,False,False,False,False,False,True,False,True,False,False
0.7243986254295534,0.39999999999999997,0.6382978723404255,0.6295291902071563,0.75,0.33333333333333326,0.9292929292929308,0.8666666666666671,0.49645390070921985,0.5756639901173565,0.0,0.0778232884727911,0.4532163742690059,0.4180537772087068,0.6656782802075611,0.0,0.726123595505618,0.5,0.0,0.5,1.0,0.6666666666666667,0.0,0.5714285714285714,0.5,0.9166666666666643,0.5,0.5664893617021277,0.49257425742574257,0.37037037037037035,0.0,0.0,0.0,0.0,0.0,0.9090909090909091,0.0,0.6724137931034483,False,False,True,False,True,True,False,False,False,True,False,False,True,False,False,False,False,False,False,False,False,False,False,False,True,False,False,False,False,False,False,False,False,False,False,False,False,False,False,False,False,False,False,False,False,True,False,False,False,False,False,False,False,True,False,False,False,False,False,False,False,False,False,False,False,False,False,True,False,False,True,False,False,False,False,True,False,False,False,False,False,False,False,False,False,False,False,False,False,False,False,False,False,True,False,False,False,False,False,False,False,False,False,False,False,False,False,False,True,False,False,True,False,False,False,True,False,False,False,False,True,False,True,False,False,False,False,True,False,False,False,False,False,True,False,True,False,False,False,True,False,False,False,False,False,False,False,False,False,True,True,False,False,False,False,False,False,False,False,True,False,False,False,False,True,False,True,False,False,False,False,False,False,True,False,True,False,False,False,True,False,False,False,False,False,False,False,False,False,False,False,False,True,False,False,False,False,True,False,True,False,False,True,False,False,False,True,True,False,False,False,False,False,False,False,False,False,False,True,False,False,False,True,False,0.5445926966292135,0.8712701514777127,-0.0626262626262637,0.28324468085106386,0.24999999999999994,2025.0707070707072,False,False,False,False,False,False,True,False,False,True
0.7257731958762887,1.0,0.1382978723404255,0.3044821092278719,0.625,0.33333333333333326,0.9595959595959584,0.9166666666666643,0.5673758865248226,0.40704138357010505,0.0,0.4125219426565243,0.6280701754385964,0.5928297055057619,0.0,0.0,0.43352059925093633,0.5,0.0,0.5,0.0,0.3333333333333333,0.0,0.42857142857142855,0.5,0.9479166666666643,0.5,0.4308510638297872,0.4752475247524752,0.2222222222222222,0.0,0.0,0.0,0.0,0.0,0.4545454545454545,0.0,0.43396551724137933,False,False,True,False,True,True,False,False,False,False,False,False,True,False,False,False,False,True,False,False,False,False,False,False,False,False,False,False,False,False,False,False,False,False,False,True,False,False,False,False,False,False,False,False,False,True,False,False,False,False,False,False,False,True,False,False,False,False,False,False,False,False,True,False,True,False,False,False,False,False,True,False,False,False,False,True,False,False,False,False,False,False,False,False,False,False,False,False,False,False,False,False,False,True,False,False,False,False,False,False,False,False,False,False,False,False,False,False,True,False,False,False,False,True,False,True,False,False,False,False,True,False,True,False,False,False,False,True,False,False,False,False,False,True,False,False,False,False,False,True,False,False,False,False,False,False,False,False,False,True,True,False,False,False,False,False,False,False,False,True,False,False,False,False,True,False,True,False,False,False,False,False,False,True,False,True,False,False,False,True,False,False,False,False,False,False,True,False,False,False,False,False,True,False,False,False,False,True,False,True,False,False,True,False,False,False,True,True,False,False,False,False,False,False,False,False,False,False,True,False,False,False,True,False,0.27095037453183524,1.2208998809443583,-0.04292929292929415,0.2154255319148936,0.2083333333333333,2025.0404040404042,False,False,False,False,True,False,False,False,False,False
0.7271477663230241,0.39999999999999997,0.702127659574468,0.6250847457627119,0.875,0.33333333333333326,0.9898989898989896,0.9666666666666686,0.36406619385342787,0.5781346510191476,0.0,0.09830310122878877,0.4760233918128655,0.4430217669654289,0.7813194959229058,0.0,0.8174157303370787,0.5,0.0,0.5,1.0,0.6666666666666667,0.0,0.9999999999999998,0.5,0.9791666666666643,1.0,0.898936170212766,0.0,0.6296296296296295,0.0,0.0,0.0,0.0,0.0,0.5454545454545454,0.75,0.9482758620689655,False,False,True,False,True,True,False,False,False,False,False,False,True,False,False,False,False,True,False,False,False,False,False,False,False,False,False,False,False,False,False,False,False,False,False,True,False,False,False,False,False,False,False,False,False,True,False,False,False,False,False,False,False,True,False,False,False,False,False,False,False,False,False,False,False,False,False,True,False,False,True,False,False,False,False,True,False,False,False,False,False,False,False,False,False,False,False,False,False,False,False,False,False,True,False,False,False,False,False,False,False,False,False,False,False,False,False,False,True,False,False,False,False,True,False,False,False,False,False,False,True,False,True,False,False,False,False,False,False,False,False,False,False,True,False,False,False,False,False,True,False,False,False,False,False,False,False,False,False,True,True,False,False,False,False,False,False,False,False,True,False,False,False,False,True,False,False,False,False,False,False,False,False,True,False,True,False,False,False,True,False,False,False,False,False,False,False,False,False,False,False,False,True,False,False,False,False,True,False,True,False,False,True,False,False,False,True,True,False,False,False,False,False,False,False,False,False,False,True,False,False,False,True,False,0.7152387640449439,0.9190451587782944,-0.02323232323232105,0.898936170212766,0.29166666666666663,2025.010101010101,False,False,False,False,False,False,True,False,False,True
0.7305841924398626,0.09999999999999998,0.21276595744680848,0.22523540489642185,0.5,0.6666666666666667,0.15151515151515227,0.5,0.0,0.2452130945027795,0.0,0.4131070801638385,0.47543859649122805,0.4257362355953905,0.0,0.0,0.31132958801498123,0.0,0.0,0.0,0.0,0.3333333333333333,0.0,0.28571428571428564,0.5,0.6458333333333321,0.5,0.37234042553191493,0.4108910891089109,0.7407407407407407,0.0,0.0,0.0,0.0,0.0,0.5454545454545454,0.0,0.17413793103448275,False,False,False,True,True,True,False,False,False,True,False,False,True,False,False,False,False,True,False,False,False,False,False,False,False,False,False,False,False,False,False,False,False,False,False,False,True,False,False,False,False,False,False,False,False,False,False,False,False,False,False,False,False,True,False,False,False,False,False,False,False,False,False,False,True,False,False,False,False,False,True,False,False,False,False,True,False,False,False,False,False,False,False,False,False,False,False,False,False,True,False,False,False,False,False,False,False,False,False,False,False,False,False,True,False,False,False,False,False,False,False,False,True,False,False,False,True,False,True,False,False,False,False,False,False,False,False,False,False,True,False,False,False,True,False,False,True,False,True,False,False,False,False,False,False,False,False,False,False,True,True,False,False,False,False,False,True,False,False,True,False,False,False,False,True,False,True,False,False,False,False,False,False,True,False,True,False,False,False,False,False,False,False,True,False,False,False,True,False,False,False,False,True,False,False,False,False,True,False,True,False,False,True,False,True,False,False,True,False,False,False,False,False,False,False,False,False,False,True,False,False,False,True,False,0.15566479400749061,0.9011748320866185,0.34848484848484773,0.18617021276595747,0.33333333333333337,2025.8484848484848,False,False,False,False,False,False,False,False,False,False
0.731958762886598,0.39999999999999997,0.5319148936170213,0.8278719397363464,0.625,0.33333333333333326,0.8686868686868685,0.7833333333333314,0.0,0.7418159357628166,0.0,0.06143943826799298,0.5941520467836257,0.5556978233034571,0.7071905114899926,0.0,0.852996254681648,0.5,0.0,0.5,1.0,0.6666666666666667,0.0,0.5714285714285714,0.0,0.8541666666666643,0.5,0.4960106382978724,0.7326732673267327,0.2716049382716049,0.0,0.0,0.0,0.0,0.0,0.2727272727272727,1.0,0.9241379310344828,False,False,True,False,True,True,False,False,False,True,False,False,True,False,False,False,False,True,True,False,False,False,False,True,False,False,False,False,False,False,False,False,False,False,False,False,False,False,False,False,False,False,False,False,False,True,False,False,False,False,False,False,False,True,False,False,False,False,False,False,False,False,False,False,False,False,False,True,False,False,True,False,False,False,False,True,False,False,False,False,False,False,False,False,False,False,False,False,False,False,False,False,False,False,True,False,False,False,False,False,False,False,False,False,False,False,False,False,False,True,False,False,True,False,False,True,False,False,False,False,True,False,True,False,False,False,False,False,False,False,False,False,False,True,True,False,False,False,False,True,False,False,False,False,False,False,False,False,False,True,True,False,False,False,False,False,False,False,False,True,False,False,False,False,True,False,True,False,False,False,False,False,False,True,False,False,True,False,False,True,False,False,False,False,False,False,True,False,False,False,False,False,True,False,False,False,False,True,False,True,False,False,True,False,False,False,True,True,False,False,False,False,False,False,False,False,False,False,True,False,False,False,True,False,0.53312265917603,1.1498498700870827,-0.08535353535353707,0.2480053191489362,0.2083333333333333,2025.1313131313132,False,False,False,False,False,False,True,False,False,True
0.7326460481099657,0.39999999999999997,0.3085106382978723,0.3636158192090395,0.5,0.9999999999999998,0.8383838383838373,0.7333333333333343,0.0,0.0,0.0,0.4675248683440609,0.2976608187134503,0.2311139564660692,0.5722757598220904,0.0,0.5304307116104869,0.0,0.0,0.5,1.0,0.6666666666666667,0.0,0.5714285714285714,0.5,0.8229166666666643,0.5,0.29255319148936176,0.0,0.24691358024691357,0.0,0.0,0.0,0.0,0.0,0.36363636363636365,0.75,0.40689655172413797,False,False,True,False,True,True,False,False,False,False,False,False,True,False,False,False,False,True,False,False,False,False,False,False,False,False,False,True,False,False,False,False,False,False,False,False,False,False,False,False,False,False,False,False,False,True,False,False,False,False,False,False,False,True,False,False,False,False,False,False,False,False,False,False,False,False,False,True,False,False,True,False,False,False,False,True,False,False,False,False,False,False,False,False,False,False,False,False,False,False,False,False,False,True,False,False,False,False,False,False,False,False,False,False,False,False,False,False,True,False,False,False,True,False,False,True,False,False,False,False,True,False,True,False,False,False,False,True,False,False,False,False,False,True,False,False,True,False,False,False,False,False,False,True,False,False,False,False,False,True,True,False,False,False,False,False,True,False,False,True,False,False,False,False,True,False,False,True,False,False,False,False,False,True,False,False,False,False,True,True,False,False,False,False,False,False,True,False,False,False,False,False,True,False,False,False,False,True,False,True,False,False,True,False,False,False,True,True,False,False,False,False,False,False,False,False,False,False,True,False,False,False,True,False,0.26521535580524347,0.5287747751795195,-0.10505050505050306,0.14627659574468088,0.4999999999999999,2025.1616161616162,False,False,False,False,False,True,False,False,False,False
0.7360824742268042,0.39999999999999997,0.5106382978723404,0.6546139359698682,0.5,0.6666666666666667,0.5858585858585847,0.29999999999999716,0.0,0.18406423718344658,0.0,0.2510239906377999,0.2555555555555556,0.2503201024327785,0.5389177168272794,0.0,0.5234082397003745,0.0,0.0,0.0,1.0,1.0,0.0,0.7142857142857142,0.0,0.5625,0.5,0.37367021276595747,0.0,0.0,0.0,0.0,0.0,0.0,0.0,0.36363636363636365,0.75,0.32413793103448274,False,False,True,False,True,True,False,False,False,True,False,False,True,False,False,False,False,True,False,False,False,False,False,False,False,False,False,False,False,False,False,False,False,True,False,False,False,False,False,False,False,False,False,False,False,False,False,False,False,True,False,False,False,True,False,False,False,False,False,False,False,False,False,False,False,False,False,True,False,False,True,False,False,False,False,True,False,False,False,False,False,False,False,False,False,False,False,False,False,True,False,False,False,False,False,False,False,False,False,False,False,False,False,True,False,False,False,False,False,False,False,False,True,False,False,False,True,False,False,False,True,True,False,False,False,False,False,False,False,True,False,False,False,True,False,False,True,False,False,False,False,False,True,False,False,False,False,False,False,True,True,False,False,False,False,False,False,False,False,True,False,False,False,False,True,False,False,True,False,False,False,False,False,True,False,False,True,False,False,True,False,False,False,False,False,False,False,True,False,False,False,False,True,False,False,False,False,True,False,True,False,False,True,False,False,False,True,True,False,False,False,False,False,False,False,False,False,False,True,False,False,False,True,False,0.26170411985018727,0.5058756579883341,-0.2858585858585876,0.18683510638297873,0.33333333333333337,2025.4141414141413,False,False,False,False,False,True,False,False,False,True
0.7374570446735396,0.39999999999999997,0.4787234042553191,0.3721280602636535,0.5,0.6666666666666667,0.6767676767676782,0.45000000000000284,0.3309692671394799,0.3304508956145769,0.0,0.09069631363370392,0.2339181286549708,0.16645326504481434,0.5396590066716086,0.0,0.46254681647940077,0.0,0.0,0.0,1.0,0.6666666666666667,0.0,0.42857142857142855,0.0,0.65625,0.5,0.37234042553191493,0.6237623762376238,0.0,0.0,0.0,0.0,0.0,0.0,0.5454545454545454,0.75,0.34310344827586203,False,False,True,False,True,True,False,False,False,False,False,False,False,False,False,False,False,False,False,False,False,False,False,False,False,False,True,False,False,False,False,False,False,False,False,False,False,False,False,False,False,False,False,False,False,True,False,False,False,False,False,False,False,True,False,False,False,False,False,False,False,False,False,False,False,False,False,True,False,False,False,False,True,False,False,True,False,False,False,False,False,False,False,False,False,False,False,True,False,False,False,False,False,False,False,False,False,False,False,False,False,False,False,False,False,True,False,False,False,False,False,True,False,False,False,False,True,False,False,False,True,True,False,False,False,False,False,False,False,True,False,False,False,True,False,False,True,False,True,False,False,False,False,False,False,False,False,False,False,True,True,False,False,False,False,False,False,False,True,True,False,False,False,False,True,False,False,True,False,False,False,False,False,True,False,False,True,False,False,True,False,False,False,False,False,False,False,False,False,False,False,False,True,False,False,False,False,True,False,True,False,False,True,False,True,False,False,True,False,False,False,False,False,False,False,False,False,False,True,False,False,False,True,False,0.23127340823970038,0.40037139369978514,-0.2267676767676754,0.18617021276595747,0.33333333333333337,2025.3232323232323,False,False,False,False,True,False,False,True,False,False
0.7381443298969073,0.0,0.46808510638297873,0.4177777777777778,0.625,0.33333333333333326,0.9696969696969688,0.93333333333333,0.0,0.0,0.0,0.7255705090696314,0.5555555555555556,0.5134443021766966,0.0,0.0,0.37546816479400746,0.0,0.0,0.5,0.0,0.3333333333333333,0.0,0.28571428571428564,0.0,0.9583333333333321,1.0,0.8856382978723404,0.34653465346534656,0.5740740740740741,0.0,0.0,0.0,0.0,0.0,0.36363636363636365,0.25,0.4620689655172414,False,False,True,False,True,True,False,False,False,True,False,False,True,False,False,False,False,True,False,False,False,False,False,False,True,False,False,False,False,False,False,False,False,False,False,False,False,False,False,False,False,False,False,False,False,True,False,False,False,False,False,False,False,True,False,False,False,False,False,False,False,False,False,False,True,False,False,False,False,False,True,False,False,False,False,True,False,False,False,False,False,False,False,False,False,False,False,False,False,False,False,False,False,True,False,False,False,False,False,False,False,False,False,False,False,False,False,False,True,False,False,False,True,False,False,True,False,False,False,False,True,False,True,False,False,False,False,True,False,False,False,False,False,True,False,False,False,False,False,False,False,False,False,True,False,False,False,False,False,True,True,False,False,False,False,False,False,False,False,True,False,False,False,False,True,False,True,False,False,False,False,False,False,True,False,False,True,False,False,True,False,False,False,False,False,False,True,False,False,False,False,False,True,False,False,False,False,True,False,True,False,False,True,False,False,False,True,True,False,False,False,False,False,False,False,False,False,False,True,False,False,False,True,False,0.23466760299625467,1.0689998577322521,-0.03636363636363882,0.8856382978723404,0.2083333333333333,2025.030303030303,False,False,False,False,True,False,False,True,False,False
0.738831615120275,0.5,0.4787234042553191,0.7619585687382298,0.625,0.6666666666666667,0.30303030303030454,0.5666666666666629,0.0,0.253242742433601,0.0,0.22820362785254536,0.29824561403508776,0.3341869398207426,0.5782060785767235,0.0,0.6095505617977528,0.0,0.0,0.0,1.0,0.6666666666666667,0.0,0.42857142857142855,1.0,0.27083333333333215,0.0,0.10638297872340427,0.0,0.0,0.0,0.0,0.0,0.0,0.0,0.5454545454545454,0.25,0.55,False,False,True,False,True,True,False,False,False,True,False,False,True,False,False,False,False,True,False,False,False,False,False,False,False,True,False,False,False,False,False,False,False,False,False,False,False,False,False,False,False,False,False,False,False,True,False,False,False,False,False,False,False,True,False,False,False,False,False,False,False,False,False,False,False,False,False,True,False,False,True,False,False,False,False,True,False,False,False,False,False,False,False,False,False,False,False,False,False,False,False,False,False,False,True,False,False,False,False,False,False,False,False,False,False,False,False,False,False,True,False,False,True,False,False,False,True,False,False,False,True,True,False,False,False,False,False,False,False,True,False,False,False,True,False,False,True,False,True,False,False,False,False,False,False,False,False,False,False,True,True,False,False,False,False,False,False,False,True,True,False,False,False,False,True,False,False,True,False,False,False,False,False,True,False,True,False,False,False,True,False,False,False,False,False,False,False,True,False,False,False,False,True,False,False,False,False,True,False,True,False,False,True,False,False,False,True,True,False,False,False,True,False,False,False,False,False,False,False,False,False,False,True,False,0.3809691011235955,0.6324325538558304,0.26363636363635834,0.0,0.41666666666666674,2025.6969696969697,False,False,False,False,False,False,True,False,False,True
0.740893470790378,1.0,0.07446808510638298,0.10734463276836159,0.5,0.33333333333333326,0.9494949494949516,0.8999999999999986,0.3995271867612293,0.40889437924644845,0.0,0.1088355763604447,0.3263157894736842,0.2624839948783611,0.0,0.0,0.19194756554307119,0.5,0.0,0.0,0.0,0.0,0.0,0.0,0.5,0.9375,0.5,0.3457446808510638,0.34653465346534656,0.0,0.0,0.0,0.0,0.0,0.0,0.36363636363636365,0.0,0.3306896551724138,False,False,False,True,True,True,False,False,False,True,False,False,True,False,False,False,False,True,False,False,False,False,False,False,True,False,False,False,False,False,False,False,False,False,False,False,False,False,False,False,False,False,False,False,False,True,False,False,False,False,False,False,False,True,False,False,False,False,False,False,False,False,True,False,True,False,False,False,False,False,True,False,False,False,False,True,False,False,False,False,False,False,False,False,False,False,False,False,False,False,False,False,False,True,False,False,False,False,False,False,False,False,False,False,False,False,False,False,True,False,False,True,False,False,False,True,False,False,False,False,True,False,True,False,False,False,False,True,False,False,False,False,False,True,False,True,False,False,False,True,False,False,False,False,False,False,False,False,False,True,True,False,False,False,False,False,False,False,False,True,False,False,False,False,True,False,True,False,False,False,False,False,False,True,False,True,False,False,False,True,False,False,False,False,False,False,True,False,False,False,False,False,True,False,False,False,False,True,False,True,False,False,True,False,False,False,True,True,False,False,False,False,False,False,False,False,False,False,True,False,False,False,True,False,0.09597378277153559,0.5887997843520454,-0.04949494949495303,0.1728723404255319,0.16666666666666663,2025.050505050505,False,False,False,False,False,False,False,False,False,False
0.7415807560137457,0.0,0.3723404255319148,0.43427495291902074,0.375,0.33333333333333326,0.8484848484848477,0.7333333333333343,0.0,0.30574428659666464,0.0,0.2896430661205383,0.40935672514619886,0.35339308578745193,0.0,0.0,0.25842696629213485,0.0,0.0,0.0,0.0,0.6666666666666667,0.0,0.28571428571428564,0.0,0.8541666666666643,0.0,0.1848404255319149,0.0,0.3950617283950617,0.0,0.0,0.0,0.0,0.0,0.2727272727272727,0.25,0.2275862068965517,False,False,True,False,True,True,False,False,False,True,False,False,True,False,False,False,False,True,False,False,False,False,False,False,True,False,False,False,False,False,False,False,False,False,False,False,False,False,False,False,False,False,False,False,False,True,False,False,False,False,False,False,False,True,False,False,False,False,False,False,False,False,False,False,True,False,False,False,False,False,True,False,False,False,False,True,False,False,False,False,False,False,False,False,False,False,False,False,False,False,False,False,False,True,False,False,False,False,False,False,False,False,False,False,False,False,False,False,True,False,False,False,True,False,False,False,True,False,False,False,True,False,True,False,False,False,False,True,False,False,False,False,False,True,False,False,True,False,False,True,False,False,False,False,False,False,False,False,False,True,True,False,False,False,False,False,True,False,False,True,False,False,False,False,True,False,False,True,False,False,False,False,False,True,False,False,True,False,False,True,False,False,False,False,False,False,False,True,False,False,False,False,True,False,False,False,False,True,False,True,False,False,True,False,False,False,True,True,False,False,False,False,False,False,False,False,False,False,True,False,False,False,True,False,0.09691011235955058,0.7627498109336508,-0.11515151515151345,0.0,0.12499999999999997,2025.1515151515152,False,False,False,False,False,False,False,True,False,False
0.7436426116838488,0.0,0.42553191489361697,0.432316384180791,0.625,0.33333333333333326,0.9292929292929308,0.8666666666666671,0.2364066193853428,0.0,0.0,0.8537156231714453,0.683625730994152,0.6536491677336747,0.0,0.0,0.47799625468164797,0.0,0.0,0.5,0.0,0.6666666666666667,0.0,0.42857142857142855,0.5,0.9166666666666643,0.5,0.4880319148936171,0.4752475247524752,0.24074074074074073,0.0,0.0,0.0,0.0,0.0,0.7272727272727273,0.25,0.45517241379310347,False,False,True,False,True,True,False,False,False,True,False,False,True,False,False,False,False,True,False,False,False,False,False,False,True,False,False,False,False,False,False,False,False,False,False,False,False,False,False,False,False,False,False,False,False,True,False,False,False,False,False,False,False,True,False,False,False,False,False,False,False,False,False,False,True,False,False,False,False,False,True,False,False,False,False,True,False,False,False,False,False,False,False,False,False,False,False,False,False,False,False,False,False,True,False,False,False,False,False,False,False,False,False,False,False,False,False,False,True,False,False,True,False,False,False,True,False,False,False,False,True,False,True,False,False,False,False,True,False,False,False,False,False,True,False,False,True,False,False,False,False,False,False,True,False,False,False,False,False,True,True,False,False,False,False,False,False,False,False,True,False,False,False,False,True,False,True,False,False,False,False,False,False,True,False,True,False,False,False,True,False,False,False,False,False,False,True,False,False,False,False,False,True,False,False,False,False,True,False,True,False,False,True,False,False,False,True,True,False,False,False,False,False,False,False,False,False,False,True,False,False,False,True,False,0.29874765917602997,1.3372748987278267,-0.0626262626262637,0.24401595744680854,0.2083333333333333,2025.0707070707072,False,False,False,False,False,True,False,True,False,False
0.7457044673539519,0.6499999999999999,0.45744680851063824,0.4564218455743879,0.5,0.6666666666666667,0.8282828282828305,0.7000000000000028,0.0,0.4613959234095121,0.0,0.11059098888238736,0.3777777777777778,0.3572343149807939,0.0,0.0,0.2612359550561798,0.5,0.0,0.0,0.0,0.3333333333333333,0.0,0.28571428571428564,0.0,0.8125,0.5,0.5372340425531915,0.297029702970297,0.0,0.0,0.0,0.0,0.0,0.0,0.2727272727272727,1.0,0.30000000000000004,False,False,True,False,True,True,False,False,False,True,False,False,True,False,False,False,False,True,False,False,False,False,False,False,False,False,False,False,False,False,False,False,False,False,False,False,False,False,False,True,False,False,False,False,False,True,False,False,False,False,False,False,False,True,False,False,False,False,False,False,False,False,False,False,False,False,False,False,True,False,True,False,False,False,False,True,False,False,False,False,False,False,False,False,False,False,False,True,False,False,False,False,False,False,False,False,False,False,False,False,False,True,False,False,False,False,False,False,False,False,False,False,True,False,False,False,True,False,False,False,True,False,True,False,False,False,False,True,False,False,False,False,False,True,False,False,False,False,False,True,False,False,False,False,False,False,False,False,False,True,True,False,False,False,False,False,False,False,False,True,False,False,False,False,True,False,True,False,False,False,False,False,False,True,False,False,True,False,False,True,False,False,False,False,False,False,False,True,False,False,False,False,True,False,False,False,False,True,False,True,False,False,True,False,False,False,True,True,False,False,False,False,False,False,False,False,False,False,True,False,False,False,True,False,0.1306179775280899,0.7350120927585717,-0.12828282828282767,0.26861702127659576,0.33333333333333337,2025.171717171717,False,False,False,False,False,False,False,False,True,False
0.7484536082474227,1.0,0.07446808510638298,0.023050847457627116,0.75,0.33333333333333326,0.9595959595959584,0.9166666666666643,0.0,0.6417541692402718,0.0,0.12170860152135753,0.5596491228070175,0.5179257362355953,0.0,0.0,0.37874531835205993,0.5,0.0,0.0,1.0,0.0,0.0,0.14285714285714285,0.5,0.9479166666666643,0.5,0.5186170212765957,0.0,0.5185185185185185,0.0,0.0,0.0,0.0,0.0,0.2727272727272727,0.0,0.47241379310344833,True,False,False,False,True,False,True,False,False,False,False,False,True,False,False,False,False,True,False,False,False,False,False,False,False,False,False,False,False,False,False,False,False,False,False,False,False,False,False,False,True,False,False,False,False,True,False,False,False,False,False,False,False,True,False,False,False,False,False,False,False,False,True,False,True,False,False,False,False,False,True,False,False,False,False,True,False,False,False,False,False,False,False,False,False,False,False,False,False,True,False,False,False,False,False,False,False,False,False,False,False,False,False,True,False,False,False,False,False,False,False,False,True,False,False,True,False,False,False,False,True,False,True,False,False,False,False,True,False,False,False,False,False,True,False,False,True,False,False,True,False,False,False,False,False,False,False,False,False,True,True,False,False,False,False,False,False,False,False,True,False,False,False,False,True,False,True,False,False,False,False,False,False,True,False,True,False,False,False,True,False,False,False,False,False,False,False,False,False,False,False,False,True,False,False,False,False,True,False,True,False,False,True,False,False,False,True,True,False,False,False,False,False,False,False,False,False,False,True,False,False,False,True,False,0.28405898876404495,1.0775748590426129,-0.04292929292929415,0.25930851063829785,0.24999999999999994,2025.0404040404042,False,False,False,False,True,False,False,False,False,False
0.752577319587629,0.0,0.5106382978723404,0.4751035781544256,0.5,0.33333333333333326,0.9696969696969688,0.93333333333333,0.0,0.014823965410747375,0.0,0.7548273844353424,0.5988304093567252,0.560819462227913,0.0,0.0,0.4101123595505618,0.0,0.0,0.5,0.0,0.6666666666666667,0.0,0.42857142857142855,0.5,0.9583333333333321,0.5,0.37234042553191493,0.0,0.13580246913580246,0.0,0.0,0.0,0.0,0.0,0.1818181818181818,0.25,0.40148965517241375,False,False,True,False,True,True,False,False,False,False,False,False,True,False,False,False,False,True,False,False,False,False,False,False,True,False,False,False,False,False,False,False,False,False,False,False,False,False,False,False,False,False,False,False,False,True,False,False,False,False,False,False,False,True,False,False,False,False,False,False,False,False,False,False,True,False,False,False,False,False,True,False,False,False,False,True,False,False,False,False,False,False,False,False,False,False,False,False,False,False,False,False,False,True,False,False,False,False,False,False,False,False,False,False,False,False,False,False,True,False,False,False,True,False,False,True,False,False,False,False,True,False,True,False,False,False,False,True,False,False,False,False,False,True,False,False,True,False,False,True,False,False,False,False,False,False,False,False,False,True,True,False,False,False,False,False,True,False,False,True,False,False,False,False,True,False,True,False,False,False,False,False,False,True,False,True,False,False,False,True,False,False,False,False,False,False,True,False,False,False,False,False,True,False,False,False,False,True,False,True,False,False,True,False,False,False,True,True,False,False,False,False,False,False,False,False,False,False,True,False,False,False,True,False,0.2050561797752809,1.1596498715846382,-0.03636363636363882,0.18617021276595747,0.16666666666666663,2025.030303030303,False,False,False,False,True,False,False,False,True,False
0.754639175257732,0.3,0.21276595744680848,0.22523540489642185,0.25,0.6666666666666667,0.262626262626263,0.0,0.0,0.4150710315009265,0.0,0.0,0.22339181286549709,0.20422535211267606,0.4203113417346182,0.0,0.41479400749063666,0.0,0.0,0.0,0.0,0.6666666666666667,0.0,0.42857142857142855,0.0,0.2291666666666643,0.0,0.10638297872340427,0.0,0.0,0.0,0.0,0.0,0.0,0.0,0.5454545454545454,0.75,0.23448275862068965,False,False,False,True,True,True,False,False,False,True,False,False,True,False,False,False,False,True,False,False,False,False,True,False,False,False,False,False,False,False,False,False,False,False,False,False,False,False,False,False,False,False,False,False,False,True,False,False,False,False,False,False,False,True,False,False,False,False,False,False,False,False,False,False,False,False,False,False,False,False,True,False,False,False,False,True,False,False,False,False,False,False,False,False,False,False,False,False,False,True,False,False,False,False,False,False,False,False,False,False,False,False,False,True,False,False,False,False,False,False,False,False,True,False,False,False,True,False,False,False,True,False,False,False,False,False,False,False,False,True,False,False,False,True,False,False,True,False,True,False,False,False,False,False,False,False,False,False,False,True,True,False,False,False,False,False,False,False,True,True,False,False,False,False,True,False,False,True,False,False,False,False,False,True,False,False,True,False,False,False,False,False,False,True,False,False,False,True,False,False,False,False,True,False,False,False,False,True,False,True,False,False,True,False,False,False,True,True,False,False,False,False,False,False,False,False,False,False,True,False,False,False,True,False,0.10369850187265917,0.42761716497817315,-0.262626262626263,0.0,0.16666666666666669,2025.7373737373737,False,False,False,False,True,False,False,False,False,False
0.7553264604810997,0.0,0.553191489361702,0.6681732580037665,0.625,0.33333333333333326,0.6868686868686886,0.46666666666666856,0.48699763593380613,0.43483631871525635,0.0,0.3317729666471621,0.5736842105263158,0.7445582586427657,0.0,0.0,0.5444756554307116,0.0,0.0,0.5,0.0,0.6666666666666667,0.0,0.5714285714285714,0.5,0.6666666666666643,0.5,0.4228723404255319,0.0,0.0,0.0,0.0,0.0,0.0,0.0,0.2727272727272727,0.75,0.33448275862068966,False,False,True,False,True,True,False,False,False,False,False,False,True,False,False,False,False,True,False,False,False,False,False,False,False,False,False,False,False,False,False,False,False,True,False,False,False,False,False,False,False,False,False,False,False,False,False,False,False,True,False,False,False,True,False,False,False,False,False,False,False,False,False,False,True,False,False,False,False,False,True,False,False,False,False,True,False,False,False,False,False,False,False,False,False,False,False,False,False,False,True,False,False,False,False,False,False,False,False,False,False,False,False,False,False,True,False,False,False,False,False,True,False,False,False,False,True,False,False,False,True,True,False,False,False,False,False,True,False,False,False,False,False,True,False,False,True,False,False,False,False,False,False,False,False,False,False,False,False,True,True,False,False,False,False,False,False,False,True,True,False,False,False,False,True,False,False,True,False,False,False,False,False,True,False,False,False,False,True,True,False,False,False,False,False,False,True,False,False,False,False,False,True,False,False,False,False,True,False,True,False,False,True,False,False,False,True,True,False,False,False,False,False,False,False,False,False,False,False,False,False,False,False,False,0.3402972846441948,1.3182424691690815,-0.22020202020202007,0.21143617021276595,0.2083333333333333,2025.3131313131314,False,False,False,False,False,True,False,False,False,True
0.7560137457044674,0.09999999999999998,0.3191489361702128,0.4060263653483992,0.0,0.33333333333333326,0.10101010101010033,0.0,0.0,0.17912291537986413,0.0,0.0,0.0,0.0,0.0,0.0,0.0,0.0,0.0,0.0,0.0,0.0,0.0,0.0,0.0,0.1666666666666643,0.0,0.11436170212765959,0.0,0.0,0.0,0.0,0.0,0.0,0.0,0.0,0.75,0.0,False,False,True,False,True,True,False,False,False,True,False,False,False,False,False,False,False,True,False,False,False,False,False,False,False,False,False,False,False,False,False,False,False,False,False,False,False,True,False,False,False,False,False,False,False,True,False,False,False,False,False,False,False,True,False,False,False,False,False,False,False,False,False,False,True,False,False,False,False,False,True,False,False,False,False,True,False,False,False,False,False,False,False,False,False,False,False,False,False,False,False,False,False,False,True,False,False,False,False,False,False,False,False,False,False,False,False,False,False,True,False,False,True,False,False,False,True,False,False,False,True,True,False,False,False,False,False,False,False,True,False,False,False,False,False,False,True,False,False,False,False,False,True,False,False,False,False,False,False,True,True,False,False,False,False,False,False,False,True,False,True,False,False,False,False,True,False,False,False,False,False,False,False,True,False,False,True,False,False,False,False,False,False,True,False,False,False,True,False,False,False,False,True,False,False,False,False,True,False,False,False,False,True,False,False,False,True,True,False,False,False,False,False,False,False,False,False,False,True,False,False,False,True,False,0.0,0.0,-0.10101010101010033,0.0,0.0,2025.8989898989898,False,False,False,False,False,False,False,True,False,False
0.7573883161512028,0.0,0.42553191489361697,0.3005649717514124,0.375,0.9999999999999998,0.5050505050505052,0.8666666666666671,0.10638297872340426,0.3631871525633107,0.0,0.24692802808660036,0.4210526315789474,0.44558258642765686,0.0,0.0,0.3258426966292135,0.0,0.0,0.0,0.0,0.3333333333333333,0.0,0.42857142857142855,0.0,0.4791666666666643,0.0,0.12499999999999997,0.0,0.09876543209876543,0.0,0.0,0.0,0.0,0.0,0.2727272727272727,0.25,0.2586206896551724,False,False,True,False,True,True,False,False,False,True,False,False,True,False,False,False,False,True,False,False,False,False,False,False,False,False,False,False,False,False,False,True,False,False,False,False,False,False,False,False,False,False,False,False,False,True,False,False,False,False,False,False,False,True,False,False,False,False,False,False,False,False,False,False,True,False,False,False,False,False,True,False,False,False,False,True,False,False,False,False,False,False,False,False,False,False,False,False,False,False,False,False,False,False,True,False,False,False,False,False,False,False,False,False,False,False,False,False,False,True,False,True,False,False,False,False,True,False,False,False,True,True,False,False,False,False,False,False,False,True,False,False,False,True,False,False,True,False,False,False,False,False,True,False,False,False,False,False,False,True,True,False,False,False,False,False,False,False,False,True,False,False,False,False,True,False,False,True,False,False,False,False,False,True,False,False,True,False,False,True,False,False,False,False,False,False,True,False,False,False,False,False,True,False,False,False,False,True,False,True,False,False,True,False,False,True,False,True,False,False,False,False,False,False,False,False,False,False,True,False,False,True,False,False,0.12219101123595506,0.8666352180066043,0.36161616161616195,0.0,0.3749999999999999,2025.4949494949494,False,False,False,False,False,False,False,False,False,False
0.7642611683848798,0.0,0.45744680851063824,0.30809792843691153,0.375,0.9999999999999998,0.47474747474747403,0.11666666666666714,0.0,0.43730697961704756,0.0,0.06319485078993564,0.30760233918128654,0.2419974391805378,0.0,0.0,0.17696629213483145,0.5,0.0,0.0,0.0,0.3333333333333333,0.0,0.28571428571428564,0.0,0.4479166666666643,0.0,0.19680851063829788,0.0,0.0,0.0,0.0,0.0,0.0,0.0,0.5454545454545454,0.0,0.2410344827586207,False,False,True,False,True,True,False,False,False,False,False,False,True,False,False,False,False,False,False,False,False,False,False,False,False,False,False,False,False,False,False,True,False,False,False,False,False,False,False,False,False,False,False,False,False,True,False,False,False,False,False,False,False,True,False,False,False,False,False,False,False,False,False,False,True,False,False,False,False,False,True,False,False,False,False,True,False,False,False,False,False,False,False,False,False,False,False,False,False,False,False,False,False,False,False,True,False,False,False,False,False,False,False,False,False,False,False,False,False,False,True,False,True,False,False,False,True,False,False,False,True,True,False,False,False,False,False,False,False,True,False,False,False,True,False,False,True,False,False,True,False,False,False,False,False,False,False,False,False,True,True,False,False,False,False,False,False,False,True,True,False,False,False,False,False,False,False,True,False,False,False,False,False,True,False,False,True,False,False,False,False,False,False,True,False,False,False,True,False,False,False,False,True,False,False,False,False,True,False,True,False,False,True,False,False,False,True,True,False,False,False,False,False,False,False,False,False,False,True,False,False,False,True,False,0.0663623595505618,0.5495997783618243,-0.3580808080808069,0.0,0.3749999999999999,2025.5252525252524,False,False,False,False,False,False,False,False,False,False
0.7649484536082475,0.0,0.3829787234042553,0.4454237288135593,0.375,0.9999999999999998,0.43434343434343603,0.93333333333333,0.0,0.3971587399629401,0.0,0.21357519016968987,0.4198830409356726,0.3649167733674776,0.0,0.0,0.26685393258426965,0.5,0.0,0.0,0.0,0.3333333333333333,0.0,0.42857142857142855,0.0,0.40625,0.0,0.10638297872340427,0.0,0.1111111111111111,0.0,0.0,0.0,0.0,0.0,0.36363636363636365,0.25,0.25689655172413794,False,False,True,False,True,True,False,False,False,True,False,False,True,False,False,False,False,True,False,False,False,False,False,False,False,False,False,False,False,False,False,True,False,False,False,False,False,False,False,False,False,False,False,False,False,True,False,False,False,False,False,False,False,True,False,False,False,False,False,False,False,False,False,False,True,False,False,False,False,False,True,False,False,False,False,True,False,False,False,False,False,False,False,False,False,False,False,False,False,False,False,False,False,False,True,False,False,False,False,False,False,False,False,False,False,False,False,False,False,True,False,False,True,False,False,False,True,False,False,False,True,True,False,False,False,False,False,False,False,True,False,False,False,True,False,False,True,False,True,False,False,False,False,False,False,False,False,False,False,True,True,False,False,False,False,False,True,False,False,True,False,False,False,False,True,False,True,False,False,False,False,False,False,True,False,False,True,False,False,True,False,False,False,False,False,False,False,True,False,False,False,False,True,False,False,False,False,True,False,True,False,False,True,False,False,False,True,True,False,False,False,False,False,False,False,False,False,False,True,False,False,False,True,False,0.10007022471910113,0.7847998143031502,0.498989898989894,0.0,0.3749999999999999,2025.5656565656566,False,False,False,False,False,False,False,True,False,False
0.7656357388316152,0.0,0.6382978723404255,0.18003766478342748,0.375,0.9999999999999998,0.4444444444444464,0.8333333333333357,0.0,0.25633106856084004,0.0,0.2445874780573435,0.31754385964912285,0.2528809218950064,0.0,0.0,0.18492509363295878,0.0,0.0,0.0,0.0,0.3333333333333333,0.0,0.14285714285714285,0.0,0.42708333333333215,0.0,0.22074468085106383,0.0,0.0,0.0,0.0,0.0,0.0,0.0,0.6363636363636364,0.0,0.196551724137931,False,False,True,False,True,True,False,False,False,True,False,False,True,False,False,False,False,True,False,False,False,False,False,False,False,False,False,False,False,False,False,False,False,False,False,False,True,False,False,False,False,False,False,False,False,True,False,False,False,False,False,False,False,True,False,False,False,False,False,False,False,False,False,False,True,False,False,False,False,False,True,False,False,False,False,True,False,False,False,False,False,False,False,False,False,False,False,False,False,True,False,False,False,False,False,False,False,False,False,False,False,False,False,True,False,False,False,False,False,False,False,False,True,False,False,False,True,False,True,False,False,True,False,False,False,False,False,False,False,True,False,False,False,True,False,False,True,False,False,False,False,False,True,False,False,False,False,False,False,True,True,False,False,False,False,False,False,False,False,True,False,False,False,False,True,False,True,False,False,False,False,False,False,True,False,False,True,False,False,False,False,False,False,True,False,False,False,True,False,False,False,False,True,False,False,False,False,True,False,True,False,False,True,False,True,False,False,True,False,False,False,False,False,False,False,False,False,False,True,False,False,False,True,False,0.06934691011235955,0.5704247815441292,0.3888888888888893,0.0,0.3749999999999999,2025.5555555555557,False,False,False,False,False,False,False,False,False,False
0.7676975945017183,0.0,0.2872340425531914,0.5087758945386064,0.375,0.9999999999999998,0.5757575757575779,0.8833333333333329,0.0,0.4336009882643607,0.0,0.11234640140433003,0.3532163742690058,0.2919334186939821,0.0,0.0,0.21348314606741575,0.5,0.0,0.0,0.0,0.6666666666666667,0.0,0.28571428571428564,0.0,0.5520833333333321,0.5,0.3856382978723404,0.0,0.0,0.0,0.0,0.0,0.0,0.0,0.36363636363636365,0.5,0.2413793103448276,False,False,True,False,True,True,False,False,False,False,False,False,True,False,False,True,False,False,False,False,False,False,False,False,False,False,False,False,False,False,False,False,False,False,False,False,False,False,True,False,False,False,False,False,True,False,False,False,False,False,False,False,False,True,False,False,False,False,False,False,False,False,False,False,True,False,False,False,False,False,True,False,False,False,False,True,False,False,False,False,False,False,False,False,False,False,False,False,False,False,False,False,False,True,False,False,False,False,False,False,False,False,False,False,False,False,False,False,True,False,False,False,True,False,False,False,True,False,False,False,True,True,False,False,False,False,False,False,False,True,False,False,False,True,False,False,True,False,True,False,False,False,False,False,False,False,False,False,False,True,True,False,False,False,False,False,False,False,False,True,False,False,False,False,True,False,True,False,False,False,False,False,False,True,False,False,True,False,False,True,False,False,False,False,False,False,True,False,False,False,False,False,True,False,False,False,False,True,False,True,False,False,True,False,False,False,True,True,False,False,False,False,False,False,False,False,False,False,True,False,False,False,True,False,0.0800561797752809,0.6451497929629879,0.30757575757575495,0.1928191489361702,0.3749999999999999,2025.4242424242425,False,False,False,False,False,False,False,False,True,False
0.770446735395189,0.0,0.5744680851063829,0.5328813559322034,0.625,0.33333333333333326,0.9595959595959584,0.93333333333333,0.46335697399527187,0.014823965410747375,0.0,0.8940901111761264,0.7380116959064327,0.7131882202304738,0.0,0.0,0.5215355805243446,0.0,0.0,0.5,0.0,0.6666666666666667,0.0,0.5714285714285714,0.0,0.9479166666666643,1.0,0.827127659574468,0.3564356435643564,0.12345679012345678,0.0,0.0,0.0,0.0,0.0,0.5454545454545454,0.0,0.5272413793103449,False,False,True,False,True,True,False,False,False,True,False,False,True,False,False,False,False,True,False,False,False,False,False,False,True,False,False,False,False,False,False,False,False,False,False,False,False,False,False,False,False,False,False,False,False,True,False,False,False,False,False,False,False,True,False,False,False,False,False,False,False,False,False,False,True,False,False,False,False,False,True,False,False,False,False,True,False,False,False,False,False,False,False,False,False,False,False,False,False,False,False,False,False,True,False,False,False,False,False,False,False,False,False,False,False,False,False,False,True,False,False,True,False,False,False,True,False,False,False,False,True,False,True,False,False,False,False,True,False,False,False,False,False,True,False,False,False,False,False,True,False,False,False,False,False,False,False,False,False,True,True,False,False,False,False,False,False,False,False,True,False,False,False,False,True,False,True,False,False,False,False,False,False,True,False,False,True,False,False,True,False,False,False,False,False,False,True,False,False,False,False,False,True,False,False,False,False,True,False,True,False,False,True,False,False,False,True,True,False,False,False,False,False,False,False,False,True,False,False,False,False,False,False,True,0.32595973782771537,1.4511999161369065,-0.02626262626262843,0.827127659574468,0.2083333333333333,2025.0404040404042,False,False,False,False,False,True,False,False,True,False
0.7731958762886598,0.0,0.3191489361702128,0.5592467043314501,0.25,0.33333333333333326,0.45454545454545325,0.0833333333333357,0.0,0.0,0.0,0.58806319485079,0.4181286549707603,0.36299615877080665,0.0,0.0,0.2654494382022472,0.0,0.0,0.0,0.0,0.3333333333333333,0.0,0.28571428571428564,0.5,0.65625,0.5,0.6808510638297872,0.0,0.0,0.0,0.0,0.0,0.0,0.0,0.9090909090909091,0.75,0.18965517241379307,False,False,True,False,True,True,False,False,False,True,False,False,True,False,False,False,False,True,False,False,False,False,False,False,False,False,False,False,False,False,False,True,False,False,False,False,False,False,False,False,False,False,False,False,False,True,False,False,False,False,False,False,False,True,False,False,False,False,False,False,False,False,False,False,True,False,False,False,False,False,True,False,False,False,False,True,False,False,False,False,False,False,False,False,False,False,False,False,False,False,True,False,False,False,False,False,False,False,False,False,False,False,False,False,False,True,False,False,False,False,False,False,True,False,False,False,True,False,False,False,True,True,False,False,False,False,False,False,False,True,False,False,False,True,False,False,True,False,False,False,False,False,False,True,False,False,False,False,False,True,True,False,False,False,False,False,False,False,True,True,False,False,False,False,True,True,False,False,False,False,False,False,False,True,False,False,False,False,True,False,False,False,False,True,False,False,False,True,True,False,False,False,False,True,False,False,False,False,False,True,False,False,True,False,False,False,True,True,False,False,False,False,False,False,False,False,False,False,True,False,False,False,True,False,0.0663623595505618,0.781124813741567,-0.37121212121211755,0.3404255319148936,0.08333333333333331,2025.5454545454545,False,False,False,False,False,False,False,False,True,False
0.7738831615120275,1.0,0.24468085106382975,0.050772128060263655,0.625,0.33333333333333326,0.9797979797979792,0.9500000000000028,0.3073286052009456,0.0,0.0,0.8033937975424225,0.6333333333333333,0.7151088348271446,0.0,0.0,0.5229400749063671,0.0,0.0,0.5,0.0,0.3333333333333333,0.0,0.5714285714285714,0.5,0.96875,1.0,0.6648936170212766,0.35396039603960394,0.12345679012345678,0.0,0.0,0.0,0.0,0.0,0.4545454545454545,0.75,0.3931034482758621,False,False,True,False,True,True,False,False,False,True,False,False,True,False,False,False,False,True,False,False,False,False,False,False,False,False,False,False,False,False,False,False,False,False,False,False,False,False,False,False,False,False,False,False,False,True,False,False,False,False,False,False,False,True,False,False,False,False,False,False,False,False,True,False,True,False,False,False,False,False,False,False,True,False,False,True,False,False,False,False,False,False,False,False,False,False,False,False,False,False,False,False,False,True,False,False,False,False,False,False,False,False,False,False,False,False,False,False,True,False,False,True,False,False,False,True,False,False,False,False,True,False,True,False,False,False,False,True,False,False,False,False,False,True,False,False,True,False,False,False,False,False,False,True,False,False,False,False,False,True,True,False,False,False,False,False,False,False,False,True,False,False,False,False,True,False,True,False,False,False,False,False,False,True,False,False,False,False,True,True,False,False,False,False,False,False,False,False,False,False,False,False,True,False,False,False,False,True,False,True,False,False,True,False,False,False,True,True,False,False,False,False,False,False,False,False,False,False,True,False,False,False,True,False,0.3268375468164794,1.348442168160478,-0.02979797979797638,0.6648936170212766,0.2083333333333333,2025.020202020202,False,False,False,False,False,True,False,False,False,False
0.7752577319587629,0.39999999999999997,0.3085106382978723,0.6618455743879472,0.625,0.33333333333333326,0.9494949494949516,0.9166666666666643,0.0,0.0,0.0,0.4956114686951434,0.3257309941520468,0.26184379001280406,0.8243143068939955,0.0,0.7120786516853933,0.0,0.0,0.5,1.0,1.0,0.0,0.7142857142857142,0.5,0.9375,0.5,0.3643617021276596,0.24752475247524752,0.2962962962962963,0.0,0.0,0.0,0.0,0.0,0.5454545454545454,0.25,0.5344827586206896,False,False,True,False,True,True,False,False,False,False,False,False,True,False,False,False,False,True,False,False,False,False,False,False,False,False,False,True,False,False,False,False,False,False,False,False,False,False,False,False,False,False,False,False,False,True,False,False,False,False,False,False,False,True,False,False,False,False,False,False,False,False,False,False,False,False,False,True,False,False,True,False,False,False,False,True,False,False,False,False,False,False,False,False,False,False,False,False,False,False,False,False,False,True,False,False,False,False,False,False,False,False,False,False,False,False,False,False,True,False,False,False,True,False,False,True,False,False,False,False,True,False,True,False,False,False,False,True,False,False,False,False,False,True,False,False,False,False,False,False,False,False,False,True,False,False,False,False,False,True,True,False,False,False,False,False,False,False,False,True,False,False,False,False,True,False,True,False,False,False,False,False,False,True,False,True,False,False,False,False,False,True,False,False,False,False,False,False,False,False,False,False,True,False,False,False,False,True,False,True,False,False,True,False,False,False,True,True,False,False,False,False,False,False,False,False,False,False,True,False,False,False,True,False,0.4450491573033708,0.5875747841648509,-0.032828282828287314,0.1821808510638298,0.2083333333333333,2025.050505050505,False,False,False,False,False,False,True,False,False,True
0.7759450171821306,0.7,0.3191489361702128,0.31563088512241055,0.375,0.33333333333333326,0.7070707070707059,0.5,0.425531914893617,0.5781346510191476,0.0,0.0,0.3777777777777778,0.3188220230473751,0.0,0.0,0.23314606741573035,0.5,0.0,0.0,0.0,0.3333333333333333,0.0,0.14285714285714285,0.0,0.6875,0.5,0.6808510638297872,0.12128712871287128,0.0,0.0,0.0,0.0,0.0,0.0,0.6363636363636364,0.25,0.27586206896551724,False,False,False,True,True,False,False,False,False,True,False,False,True,False,False,False,False,True,False,False,False,False,False,False,False,False,False,False,False,False,False,False,False,False,False,False,True,False,False,False,False,False,False,False,False,True,False,False,False,False,False,False,False,True,False,False,False,False,False,False,True,False,False,False,False,False,False,False,True,False,True,False,False,False,False,True,False,False,False,False,False,False,False,False,False,False,False,False,False,True,False,False,False,False,False,False,False,False,False,False,False,False,False,True,False,False,False,False,False,False,False,True,False,False,False,False,True,False,False,False,True,True,False,False,False,False,False,True,False,False,False,False,False,True,True,False,False,False,False,True,False,False,False,False,False,False,False,False,False,True,True,False,False,False,False,False,False,False,True,True,False,False,False,False,True,False,False,True,False,False,False,False,False,True,False,False,True,False,False,False,False,False,False,True,False,False,False,True,False,False,False,False,True,False,False,False,False,True,False,True,False,False,True,False,False,False,True,True,False,False,False,False,False,False,False,False,False,False,True,False,False,False,True,False,0.08742977528089887,0.6965998008251529,-0.20707070707070585,0.3404255319148936,0.12499999999999997,2025.2929292929293,False,False,False,False,False,False,False,False,False,False
0.7786941580756014,0.39999999999999997,0.5319148936170213,0.5135969868173258,0.75,0.33333333333333326,0.8585858585858581,0.75,0.0,0.3607164916615195,0.0,0.3183148039789351,0.4900584795321638,0.4507042253521127,0.6508524833209784,0.0,0.7406367041198502,0.0,0.0,0.5,1.0,0.6666666666666667,0.0,0.7142857142857142,0.5,0.84375,0.5,0.40691489361702127,0.0,0.95679012345679,0.0,0.0,0.0,0.0,0.0,0.4545454545454545,0.75,0.6189655172413793,False,False,True,False,True,True,False,False,False,False,False,False,True,False,False,False,False,True,False,False,False,False,False,False,False,False,False,False,False,False,False,False,False,False,False,False,False,False,False,True,False,False,False,False,False,True,False,False,False,False,False,False,False,True,False,False,False,False,False,False,False,False,False,False,False,False,False,True,False,False,True,False,False,False,False,True,False,False,False,False,False,False,False,False,False,False,False,False,False,False,False,False,False,True,False,False,False,False,False,False,False,False,False,False,False,False,False,False,True,False,False,False,True,False,False,True,False,False,False,False,True,False,True,False,False,False,False,True,False,False,False,False,False,True,False,False,True,False,False,True,False,False,False,False,False,False,False,False,False,True,True,False,False,False,False,False,False,False,False,True,False,False,False,False,True,False,True,False,False,False,False,False,False,True,False,False,False,False,True,True,False,False,False,False,False,False,True,False,False,False,False,False,True,False,False,False,False,True,False,True,False,False,True,False,False,False,True,True,False,False,False,False,False,False,False,False,False,False,True,False,False,False,True,False,0.5554775280898876,0.9407627048842765,-0.10858585858585812,0.20345744680851063,0.24999999999999994,2025.141414141414,False,False,False,False,False,False,True,False,True,False
0.7793814432989691,0.39999999999999997,0.2872340425531914,0.4341242937853107,0.5,0.33333333333333326,0.8787878787878789,0.7833333333333314,0.0,0.0,0.0,0.5359859566998245,0.3660818713450293,0.3060179257362356,0.5070422535211268,0.0,0.5440074906367042,0.0,0.0,0.5,1.0,0.6666666666666667,0.0,0.5714285714285714,0.5,0.8645833333333321,0.5,0.39893617021276595,0.24752475247524752,0.2345679012345679,0.0,0.0,0.0,0.0,0.0,0.6363636363636364,0.25,0.3758620689655172,False,False,True,False,True,True,False,False,False,False,True,False,False,False,False,False,False,True,False,False,False,False,False,False,False,False,False,True,False,False,False,False,False,False,False,False,False,False,False,False,False,False,False,False,False,True,False,False,False,False,False,False,False,True,False,False,False,False,False,False,False,False,False,False,False,False,False,True,False,False,True,False,False,False,False,True,False,False,False,False,False,False,False,False,False,False,False,False,False,False,False,False,False,True,False,False,False,False,False,False,False,False,False,False,False,False,False,False,True,False,False,False,True,False,False,False,True,False,False,False,True,False,True,False,False,False,False,True,False,False,False,False,False,True,False,False,False,False,False,False,False,False,False,True,False,False,False,False,False,True,True,False,False,False,False,False,True,False,False,True,False,False,False,False,True,False,False,True,False,False,False,False,False,True,False,False,False,False,True,True,False,False,False,False,False,False,False,False,False,False,False,False,True,False,False,False,False,True,False,True,False,False,True,False,False,False,True,True,False,False,False,False,False,False,False,False,False,False,True,False,False,False,True,False,0.2720037453183521,0.6720997970812649,-0.09545454545454746,0.19946808510638298,0.16666666666666663,2025.121212121212,False,False,False,False,False,True,False,True,False,False
0.7800687285223369,0.09999999999999998,0.3191489361702128,0.23879472693032017,0.5,0.33333333333333326,0.16161616161616266,0.0,0.0,0.0,0.0,0.56173200702165,0.391812865497076,0.3508322663252241,0.0,0.0,0.2565543071161049,0.0,0.0,0.0,0.0,0.3333333333333333,0.0,0.28571428571428564,0.5,0.125,0.0,0.026595744680851047,0.0,0.7901234567901234,0.0,0.0,0.0,0.0,0.0,0.36363636363636365,0.25,0.14482758620689654,False,False,False,True,True,True,False,False,False,True,False,False,True,False,False,False,False,False,False,False,False,False,True,False,False,False,False,False,False,False,False,False,False,False,False,False,False,False,False,False,False,False,False,False,False,True,False,False,False,False,False,False,False,True,False,False,False,False,False,False,False,False,False,False,True,False,False,False,False,False,True,False,False,False,False,True,False,False,False,False,False,False,False,False,False,False,False,False,False,False,False,False,False,False,True,False,False,False,False,False,False,False,False,False,False,False,False,False,False,True,False,False,True,False,False,False,True,False,False,False,True,False,False,False,False,False,False,False,False,True,False,False,False,True,False,False,True,False,False,False,False,False,False,True,False,False,False,False,False,True,True,False,False,False,False,False,False,False,True,False,False,False,False,False,True,False,False,True,False,False,False,False,False,True,False,True,False,False,False,False,False,False,False,True,False,False,False,True,False,False,False,False,True,False,False,False,False,True,False,True,False,False,True,False,False,False,True,True,False,False,False,False,False,False,False,False,False,False,True,False,False,False,True,False,0.12827715355805244,0.7426451318223001,-0.16161616161616266,0.0,0.16666666666666663,2025.8383838383838,False,False,False,False,False,False,False,False,False,False
0.7835051546391754,0.0,0.3191489361702128,0.32693032015065915,0.375,0.9999999999999998,0.41414141414141525,0.01666666666666572,0.0,0.5262507720815318,0.0,0.058513750731421885,0.3871345029239766,0.32906530089628677,0.0,0.0,0.24063670411985016,0.5,0.0,0.0,0.0,0.3333333333333333,0.0,0.14285714285714285,0.0,0.7708333333333321,0.5,0.9042553191489361,0.0,0.0,0.0,0.0,0.0,0.0,0.0,0.4545454545454545,0.5,0.27241379310344827,False,False,True,False,True,True,False,False,False,True,False,False,True,False,False,False,False,False,False,False,False,False,False,False,False,False,False,False,False,False,False,True,False,False,False,False,False,False,False,False,False,False,False,False,False,True,False,False,False,False,False,False,False,True,False,False,False,False,False,False,False,False,False,False,True,False,False,False,False,False,True,False,False,False,False,True,False,False,False,False,False,False,False,False,False,False,False,True,False,False,False,False,False,False,False,False,False,False,False,False,False,True,False,False,False,False,False,False,False,False,False,False,True,False,False,False,True,False,False,False,True,True,False,False,False,False,False,False,False,True,False,False,False,True,False,True,False,False,False,False,False,False,False,False,False,False,False,False,False,True,True,False,False,False,False,False,False,False,True,True,False,False,False,False,True,False,False,True,False,False,False,False,False,True,False,False,True,False,False,False,False,False,False,True,False,False,False,True,False,False,False,False,True,False,False,False,False,True,False,True,False,False,True,False,False,False,True,True,False,False,False,False,False,False,False,False,False,False,False,False,False,False,False,False,0.09023876404494381,0.7161998038202634,-0.39747474747474953,0.45212765957446804,0.3749999999999999,2025.5858585858587,False,False,False,False,False,False,False,False,False,False
0.7869415807560138,0.3,0.23404255319148937,0.2433145009416196,0.375,0.6666666666666667,0.18181818181818343,0.0,0.0,0.0,0.0,0.609713282621416,0.4397660818713451,0.3866837387964149,0.39584877687175685,0.0,0.5327715355805244,0.0,0.0,0.0,0.0,0.6666666666666667,0.0,0.7142857142857142,0.5,0.14583333333333215,0.0,0.08643617021276592,0.0,0.0,0.0,0.0,0.0,0.0,0.0,0.6363636363636364,0.0,0.306896551724138,False,False,False,True,True,True,False,False,False,True,False,False,True,False,False,False,False,True,False,False,False,False,True,False,False,False,False,False,False,False,False,False,False,False,False,False,False,False,False,False,False,False,False,False,False,True,False,False,False,False,False,False,False,True,False,False,False,False,False,False,False,False,False,False,False,False,False,False,False,False,True,False,False,False,False,True,False,False,False,False,False,False,False,False,False,False,False,False,False,True,False,False,False,False,False,False,False,False,False,False,False,False,False,True,False,False,False,False,False,False,False,False,True,False,False,False,True,False,False,False,True,False,False,False,False,False,False,False,False,True,False,False,False,True,False,False,True,False,False,False,False,False,False,True,False,False,False,False,False,True,True,False,False,False,False,False,False,False,False,True,False,False,False,False,True,False,False,True,False,False,False,False,False,True,False,True,False,False,False,False,False,False,False,True,False,False,False,True,False,False,False,False,True,False,False,False,False,True,False,True,False,False,True,False,False,False,True,True,False,False,False,False,False,False,False,False,False,False,True,False,False,True,False,False,0.19978932584269665,0.82644982066776,-0.18181818181818343,0.0,0.25,2025.8181818181818,False,False,False,False,False,True,False,False,False,False
0.7883161512027492,0.5,0.4787234042553191,0.6772128060263654,0.625,0.9999999999999998,0.3131313131313149,0.0,0.0,0.16985793699814702,0.0,0.2510239906377999,0.24210526315789477,0.2701664532650448,0.5218680504077093,0.0,0.5271535580524345,0.0,0.0,0.0,1.0,0.6666666666666667,0.0,0.5714285714285714,0.5,0.28125,0.0,0.09840425531914895,0.0,0.0,0.0,0.0,0.0,0.0,0.0,0.5454545454545454,0.75,0.3948275862068965,False,False,True,False,True,True,False,False,False,True,False,False,False,False,False,False,False,True,False,False,False,False,False,False,False,True,False,False,False,False,False,False,False,False,False,False,False,False,False,False,False,False,False,False,False,True,False,False,False,False,False,False,False,True,False,False,False,False,False,False,False,False,False,False,False,False,False,True,False,False,True,False,False,False,False,True,False,False,False,False,False,False,False,False,False,False,False,False,False,True,False,False,False,False,False,False,False,False,False,False,False,False,False,True,False,False,False,False,False,False,False,False,True,False,False,False,True,False,False,False,True,True,False,False,False,False,False,False,False,True,False,False,False,True,False,False,True,False,False,False,False,False,True,False,False,False,False,False,False,True,True,False,False,False,False,False,False,False,False,True,False,False,False,False,True,True,False,False,False,False,False,False,False,True,False,True,False,False,False,True,False,False,False,False,False,False,False,True,False,False,False,False,True,False,False,False,False,True,False,True,False,False,True,False,False,False,True,True,False,False,False,False,False,False,False,False,False,False,True,False,False,False,True,False,0.32947097378277157,0.5122717164229396,-0.3131313131313149,0.0,0.6249999999999999,2025.6868686868686,False,False,False,False,False,True,False,False,False,True
0.7951890034364262,1.0,0.04255319148936165,0.14998116760828628,0.625,0.33333333333333326,0.9797979797979792,0.9666666666666686,0.39243498817966904,0.5583693638048178,0.0,0.23990637799882972,0.5988304093567252,0.560819462227913,0.0,0.0,0.4101123595505618,0.5,0.0,0.5,0.0,0.3333333333333333,0.0,0.42857142857142855,0.5,0.9791666666666643,0.5,0.6196808510638298,0.42574257425742573,0.38271604938271603,0.0,0.0,0.0,0.0,0.0,0.5454545454545454,0.75,0.5862068965517241,False,False,True,False,True,True,False,False,False,False,False,False,True,False,False,False,False,True,False,False,False,False,False,False,False,False,False,False,False,False,False,False,False,False,False,True,False,False,False,False,False,False,False,False,False,True,False,False,False,False,False,False,False,True,False,False,False,False,False,False,False,True,False,False,True,False,False,False,False,False,True,False,False,False,False,True,False,False,False,False,False,False,False,False,False,False,False,False,False,False,False,False,False,True,False,False,False,False,False,False,False,False,False,False,False,False,False,False,True,False,False,False,False,True,False,True,False,False,False,False,True,False,True,False,False,False,False,True,False,False,False,False,False,True,False,False,True,False,False,True,False,False,False,False,False,False,False,False,False,True,True,False,False,False,False,False,False,False,False,True,False,False,False,False,True,False,True,False,False,False,False,False,False,True,False,True,False,False,False,True,False,False,False,False,False,False,True,False,False,False,False,False,True,False,False,False,False,True,False,True,False,False,True,False,False,False,True,True,False,False,False,False,False,False,False,False,False,False,True,False,False,False,True,False,0.2563202247191011,1.1596498715846382,-0.013131313131310662,0.3098404255319149,0.2083333333333333,2025.020202020202,False,False,False,False,True,False,False,False,False,False
0.7958762886597939,0.0,0.6595744680851063,0.672090395480226,0.75,0.33333333333333326,0.9797979797979792,0.9666666666666686,0.43971631205673756,0.0,0.0,0.9245172615564657,0.7543859649122808,0.7311139564660691,0.0,0.0,0.5346441947565543,0.0,0.0,0.5,0.0,0.6666666666666667,0.0,0.5714285714285714,0.0,0.9791666666666643,1.0,0.8909574468085107,0.0,0.14814814814814814,0.0,0.0,0.0,0.0,0.0,0.4545454545454545,0.5,0.6038896551724138,False,False,True,False,True,True,False,False,False,True,False,False,True,False,False,True,False,False,False,False,False,False,False,False,False,False,False,False,False,False,False,False,False,False,False,False,False,False,False,False,True,False,False,False,True,False,False,False,False,False,False,False,False,True,False,False,False,False,False,False,False,False,False,False,True,False,False,False,False,False,True,False,False,False,False,True,False,False,False,False,False,False,False,False,False,False,False,False,False,False,False,False,False,True,False,False,False,False,False,False,False,False,False,False,False,False,False,False,True,False,False,False,False,True,False,True,False,False,False,False,True,False,True,False,False,False,False,True,False,False,False,False,False,True,False,False,True,False,False,False,False,False,False,True,False,False,False,False,False,True,True,False,False,False,False,False,False,False,False,True,False,False,False,False,True,False,True,False,False,False,False,False,False,True,False,False,True,False,False,True,False,False,False,False,False,False,True,False,False,False,False,False,True,False,False,False,False,True,False,True,False,False,True,False,False,False,True,True,False,False,False,False,False,True,False,False,False,False,False,False,False,False,False,True,0.40098314606741575,1.48549992137835,-0.013131313131310662,0.8909574468085107,0.24999999999999994,2025.020202020202,False,False,False,False,False,True,False,False,False,True
0.7965635738831616,0.39999999999999997,0.4893617021276595,0.46026365348399245,0.5,0.6666666666666667,0.6464646464646471,0.3999999999999986,0.6382978723404256,0.27300802964793086,0.0,0.26857811585722646,0.35730994152046786,0.323303457106274,0.6916234247590808,0.0,0.6732209737827716,0.0,0.0,0.5,1.0,1.0,0.0,0.7142857142857142,0.5,0.625,0.5,0.5053191489361702,0.0,0.42592592592592593,0.0,0.0,0.0,0.0,0.0,0.5454545454545454,0.5,0.43103448275862066,False,False,True,False,True,True,False,False,False,True,False,False,True,False,False,False,False,True,False,False,False,False,False,False,False,False,False,False,False,False,False,False,False,True,False,False,False,False,False,False,False,False,False,False,False,True,False,False,False,False,False,False,False,True,False,False,False,False,False,False,False,False,False,False,False,False,False,True,False,False,False,False,True,False,False,True,False,False,False,False,False,False,False,False,False,False,False,True,False,False,False,False,False,False,False,False,False,False,False,False,False,True,False,False,False,False,False,False,False,False,False,True,False,False,False,True,False,False,False,False,True,True,False,False,False,False,False,False,False,True,False,False,False,True,False,False,True,False,False,False,False,False,False,False,False,False,False,False,False,True,True,False,False,False,False,False,False,False,True,True,False,False,False,False,True,False,True,False,False,False,False,False,False,True,False,False,False,False,True,True,False,False,False,False,False,False,True,False,False,True,False,False,False,False,False,False,False,True,False,True,False,False,True,False,False,False,True,True,False,False,False,False,False,False,False,False,False,False,True,False,False,False,True,False,0.3366104868913858,0.6806133986267419,-0.2464646464646485,0.2526595744680851,0.33333333333333337,2025.3535353535353,False,False,False,False,False,False,True,False,True,False
0.7986254295532647,0.0,0.8404255319148936,0.4304331450094162,0.375,0.33333333333333326,0.5858585858585847,0.29999999999999716,0.0,0.3038912909203212,0.0,0.23522527794031597,0.3532163742690058,0.2919334186939821,0.0,0.0,0.21348314606741575,0.0,0.0,0.0,0.0,0.6666666666666667,0.0,0.28571428571428564,0.5,0.5625,0.5,0.3856382978723404,0.0,0.0,0.0,0.0,0.0,0.0,0.0,0.36363636363636365,0.25,0.23793103448275862,False,False,True,False,True,True,False,False,False,True,False,False,True,False,False,False,False,True,False,False,False,False,False,False,False,False,False,False,False,False,False,False,False,False,False,False,False,False,True,False,False,False,False,False,False,True,False,False,False,False,False,False,False,True,False,False,False,False,False,False,False,False,False,False,True,False,False,False,False,False,True,False,False,False,False,True,False,False,False,False,False,False,False,False,False,False,False,False,False,False,False,False,False,True,False,False,False,False,False,False,False,False,False,False,False,False,False,False,True,False,False,False,True,False,False,False,True,False,False,False,True,True,False,False,False,False,False,True,False,False,False,False,False,True,False,False,True,False,True,False,False,False,False,False,False,False,False,False,False,True,True,False,False,False,False,False,True,False,False,True,False,False,False,False,True,False,False,True,False,False,False,False,False,True,False,False,False,True,False,True,False,False,False,False,False,False,False,False,False,False,False,False,True,False,False,False,False,True,False,True,False,False,True,False,False,False,True,True,False,False,False,False,False,False,False,False,False,False,True,False,False,False,True,False,0.0800561797752809,0.6451497929629879,-0.2858585858585876,0.1928191489361702,0.12499999999999997,2025.4141414141413,False,False,False,False,False,False,False,True,False,False
0.8006872852233677,0.0,0.5212765957446808,0.4919774011299435,0.625,0.33333333333333326,1.0,0.9833333333333343,0.6335697399527187,0.0,0.0,0.8788765359859567,0.7087719298245614,0.6811779769526247,0.0,0.0,0.49812734082397003,0.0,0.0,0.5,0.0,0.6666666666666667,0.0,0.5714285714285714,0.0,0.9895833333333321,0.5,0.6436170212765957,0.0,0.7037037037037037,0.0,0.0,0.0,0.0,0.0,0.7272727272727273,0.75,0.5971379310344828,False,False,True,False,True,True,False,False,False,False,False,False,True,False,False,False,False,True,False,False,False,False,False,False,False,False,False,False,False,False,False,False,False,False,False,True,False,False,False,False,False,False,False,False,False,True,False,False,False,False,False,False,False,True,False,False,False,False,False,False,False,False,False,False,True,False,False,False,False,False,True,False,False,False,False,True,False,False,False,False,False,False,False,False,False,False,False,False,False,False,False,False,False,True,False,False,False,False,False,False,False,False,False,False,False,False,False,False,True,False,False,False,False,True,False,True,False,False,False,False,True,False,True,False,False,False,False,True,False,False,False,False,False,True,False,False,True,False,False,False,False,False,False,True,False,False,False,False,False,True,True,False,False,False,False,False,False,False,False,True,False,False,False,False,True,False,True,False,False,False,False,False,False,True,False,False,True,False,False,True,False,False,False,False,False,False,True,False,False,False,False,False,True,False,False,False,False,True,False,True,False,False,True,False,False,False,True,True,False,False,False,False,False,False,False,False,True,False,False,False,False,False,False,True,0.3113295880149813,1.389949906777186,-0.01666666666666572,0.32180851063829785,0.2083333333333333,2025.0,False,False,False,False,False,True,False,False,True,False
0.8013745704467354,0.0,0.36170212765957444,0.5623352165725047,0.75,0.33333333333333326,0.9898989898989896,0.9666666666666686,0.1702127659574468,0.0,0.0,0.9912229373902868,0.8210526315789475,0.8040973111395646,0.0,0.0,0.5880149812734082,0.0,0.0,0.5,0.0,0.6666666666666667,0.0,0.5714285714285714,0.0,0.9791666666666643,1.0,0.8191489361702128,0.39603960396039606,0.2037037037037037,0.0,0.0,0.0,0.0,0.0,0.09090909090909091,1.0,0.6391379310344828,False,False,True,False,True,True,False,False,False,False,False,False,True,False,False,False,False,False,False,False,False,False,False,False,True,False,False,False,False,False,False,False,False,False,False,False,False,False,False,False,False,False,False,False,False,True,False,False,False,False,False,False,False,True,False,False,False,False,False,False,False,False,False,False,True,False,False,False,False,False,True,False,False,False,False,True,False,False,False,False,False,False,False,False,False,False,False,False,False,False,False,False,False,True,False,False,False,False,False,False,False,False,False,False,False,False,False,False,True,False,False,False,False,True,False,True,False,False,False,False,True,False,True,False,False,False,False,True,False,False,False,False,False,True,False,False,False,False,False,False,False,False,False,True,False,False,False,False,False,True,True,False,False,False,False,False,False,False,False,True,False,False,False,False,True,False,True,False,False,False,False,False,False,True,False,False,True,False,False,True,False,False,False,False,False,False,True,False,False,False,False,False,True,False,False,False,False,True,False,True,False,False,True,False,False,False,True,True,False,False,False,False,False,False,False,False,False,False,True,False,False,False,True,False,0.4410112359550562,1.625149942718512,-0.02323232323232105,0.8191489361702128,0.24999999999999994,2025.010101010101,False,False,False,False,False,False,True,False,True,False
0.8020618556701031,0.39999999999999997,0.2978723404255319,0.5907344632768362,0.5,0.33333333333333326,0.9090909090909101,0.8333333333333357,0.0,0.4854848672019766,0.0,0.10122878876535986,0.39122807017543865,0.33354673495518566,0.5277983691623425,0.0,0.577247191011236,0.5,0.0,0.5,1.0,0.6666666666666667,0.0,0.5714285714285714,0.5,0.8958333333333321,0.5,0.4148936170212766,0.0,0.2345679012345679,0.0,0.0,0.0,0.0,0.0,0.09090909090909091,0.0,0.3896551724137931,False,False,True,False,True,True,False,False,False,False,False,False,True,False,False,False,False,True,False,False,False,False,False,False,False,False,False,True,False,False,False,False,False,False,False,False,False,False,False,False,False,False,False,False,False,False,False,False,False,True,False,False,False,True,False,False,False,False,False,False,False,False,False,False,False,False,False,True,False,False,True,False,False,False,False,True,False,False,False,False,False,False,False,False,False,False,False,False,False,False,False,False,False,True,False,False,False,False,False,False,False,False,False,False,False,False,False,False,True,False,False,False,True,False,False,False,True,False,False,False,True,False,True,False,False,False,False,True,False,False,False,False,False,True,False,False,True,False,False,True,False,False,False,False,False,False,False,False,False,True,True,False,False,False,False,False,False,False,False,True,False,False,False,False,True,False,False,True,False,False,False,False,False,True,False,False,False,False,True,True,False,False,False,False,False,False,False,False,False,False,False,False,True,False,False,False,False,True,False,True,False,False,True,False,False,False,True,True,False,False,False,False,False,False,False,False,False,False,True,False,False,False,True,False,0.288623595505618,0.7247748051306243,-0.07575757575757436,0.2074468085106383,0.16666666666666663,2025.090909090909,False,False,False,False,False,True,False,False,False,True
0.8082474226804124,0.0,0.07446808510638298,0.2968738229755179,0.375,0.33333333333333326,0.7474747474747474,0.5833333333333357,0.0,0.40642371834465724,0.0,0.12755997659449972,0.3426900584795322,0.3104993597951345,0.0,0.0,0.22705992509363299,0.5,0.0,0.0,0.0,0.6666666666666667,0.0,0.28571428571428564,0.0,0.7291666666666643,0.0,0.13829787234042554,0.8960396039603961,0.0,0.0,0.0,0.0,0.0,0.0,0.8181818181818182,0.5,0.20517241379310344,False,False,True,False,True,True,False,False,False,False,False,False,True,False,True,False,False,False,False,False,False,False,False,False,False,False,False,False,False,False,True,False,False,False,False,False,False,False,False,False,False,False,False,False,False,True,False,False,False,False,False,False,False,True,False,False,False,False,False,False,False,False,False,False,True,False,False,False,False,False,True,False,False,False,False,True,False,False,False,False,False,False,False,False,False,False,False,True,False,False,False,False,False,False,False,False,False,False,False,False,False,False,False,False,False,True,False,False,False,False,False,False,True,False,False,False,True,False,False,False,True,True,False,False,False,False,False,False,False,True,False,False,False,True,False,False,True,False,False,False,False,False,False,False,False,False,False,False,False,True,True,False,False,False,False,False,False,False,True,True,False,False,False,False,True,False,False,True,False,False,False,False,False,True,False,False,True,False,False,True,False,False,False,False,False,False,False,True,False,False,False,False,True,False,False,False,False,True,False,True,False,False,True,False,True,False,False,True,False,False,False,False,False,False,False,False,False,False,True,False,False,False,True,False,0.08514747191011238,0.6531894182746667,-0.1641414141414117,0.0,0.12499999999999997,2025.2525252525252,False,False,False,False,False,False,False,False,False,False
0.8130584192439864,0.09999999999999998,0.3191489361702128,0.5868173258003766,0.375,0.6666666666666667,0.10101010101010033,0.0,0.0,0.5071031500926498,0.0,0.17495611468695144,0.4853801169590643,0.4430217669654289,0.0,0.0,0.32397003745318353,0.5,0.0,0.0,0.0,0.3333333333333333,0.0,0.28571428571428564,0.5,0.5833333333333321,0.5,0.7446808510638298,0.5668316831683169,0.0,0.0,0.0,0.0,0.0,0.0,0.4545454545454545,0.0,0.20689655172413793,False,False,True,False,True,False,False,False,False,True,False,False,True,False,False,False,False,True,False,False,False,False,False,False,False,False,False,False,False,False,False,False,False,False,False,False,True,False,False,False,False,False,False,False,False,True,False,False,False,False,False,False,False,True,False,False,False,False,False,False,False,False,False,False,True,False,False,False,False,False,False,False,True,False,False,True,False,False,False,False,False,False,False,False,False,False,False,False,False,False,False,False,True,False,False,False,False,False,False,False,False,False,False,False,False,False,False,True,False,False,False,False,True,False,False,False,True,False,False,False,True,False,False,False,False,False,False,False,False,True,False,False,False,True,False,False,True,False,False,False,False,False,True,False,False,False,False,False,False,True,True,False,False,False,False,False,False,False,False,True,False,False,False,False,True,False,False,True,False,False,False,False,False,True,False,True,False,False,False,False,False,False,False,True,False,False,False,True,False,False,False,False,True,False,False,False,False,True,False,True,False,False,True,False,False,False,True,True,False,False,False,False,False,False,False,False,False,False,True,False,False,False,True,False,0.12148876404494383,0.9284018839244932,-0.10101010101010033,0.3723404255319149,0.25,2025.8989898989898,False,False,False,False,False,False,False,False,False,True
0.8164948453608248,0.39999999999999997,0.4042553191489361,0.4463276836158192,0.625,0.33333333333333326,0.9292929292929308,0.8666666666666671,0.22458628841607564,0.0,0.0,0.48624926857811585,0.316374269005848,0.2516005121638924,0.614529280948851,0.0,0.5720973782771536,0.0,0.0,0.5,1.0,0.6666666666666667,0.0,0.5714285714285714,0.0,0.9166666666666643,0.5,0.44281914893617025,0.3564356435643564,0.41975308641975306,0.0,0.0,0.0,0.0,0.0,0.5454545454545454,0.75,0.4655172413793104,False,False,True,False,True,True,False,False,False,False,False,False,True,False,False,False,False,True,False,False,False,False,False,False,True,False,False,False,False,False,False,False,False,False,False,False,False,False,False,False,False,False,False,False,False,True,False,False,False,False,False,False,False,True,False,False,False,False,False,False,False,False,False,False,False,False,False,True,False,False,True,False,False,False,False,True,False,False,False,False,False,False,False,False,False,False,False,False,False,False,False,False,False,True,False,False,False,False,False,False,False,False,False,False,False,False,False,False,True,False,False,True,False,False,False,True,False,False,False,False,True,False,True,False,False,False,False,True,False,False,False,False,False,True,False,False,True,False,False,False,False,False,False,True,False,False,False,False,False,True,True,False,False,False,False,False,False,False,False,True,False,False,False,False,True,False,True,False,False,False,False,False,False,True,False,False,True,False,False,True,False,False,False,False,False,False,True,False,False,False,False,False,True,False,False,False,False,True,False,True,False,False,True,False,False,False,True,True,False,False,False,False,False,False,False,False,False,False,True,False,False,False,True,False,0.35756086142322097,0.5679747811697404,-0.0626262626262637,0.22140957446808512,0.2083333333333333,2025.0707070707072,False,False,False,False,False,True,False,True,False,False
0.8171821305841925,0.39999999999999997,0.3191489361702128,0.33822975517890774,0.625,0.33333333333333326,0.8989898989898997,0.8166666666666629,0.0,0.0,0.0,0.5816266822703335,0.4116959064327485,0.3777208706786171,0.5752409191994069,0.0,0.6395131086142323,0.0,0.0,0.5,1.0,0.6666666666666667,0.0,0.5714285714285714,0.5,0.8854166666666643,0.5,0.375,0.34653465346534656,0.37037037037037035,0.0,0.0,0.0,0.0,0.0,0.4545454545454545,1.0,0.44482758620689655,False,False,True,False,True,True,False,False,False,True,False,False,True,False,False,False,False,True,False,False,False,False,False,False,False,False,False,True,False,False,False,False,False,False,False,False,False,False,False,False,False,False,False,False,False,True,False,False,False,False,False,False,False,True,False,False,False,False,False,False,False,False,False,False,False,False,False,True,False,False,True,False,False,False,False,True,False,False,False,False,False,False,False,False,False,False,False,False,False,False,False,False,False,True,False,False,False,False,False,False,False,False,False,False,False,False,False,False,True,False,False,False,True,False,False,False,True,False,False,False,True,False,True,False,False,False,False,False,False,True,False,False,False,True,False,False,True,False,False,False,False,False,False,True,False,False,False,False,False,True,True,False,False,False,False,False,True,False,False,True,False,False,False,False,True,False,True,False,False,False,False,False,False,True,False,False,False,False,True,True,False,False,False,False,False,False,False,False,False,False,False,False,True,False,False,False,False,True,False,True,False,False,True,False,False,False,True,True,False,False,False,False,False,False,False,False,False,False,True,False,False,False,True,False,0.39969569288389517,0.7894167771113656,-0.0823232323232368,0.1875,0.2083333333333333,2025.1010101010102,False,False,False,False,False,False,True,False,False,False
0.820618556701031,0.39999999999999997,0.5319148936170213,0.4786440677966102,0.5,0.9999999999999998,0.5959595959595951,0.3166666666666629,0.3380614657210402,0.22915379864113652,0.0,0.1708601521357519,0.21812865497076023,0.1440460947503201,0.5107487027427724,0.0,0.42790262172284643,0.0,0.0,0.0,1.0,1.0,0.0,0.5714285714285714,0.0,0.5729166666666643,0.0,0.1848404255319149,0.9381188118811882,0.2222222222222222,0.0,0.0,0.0,0.0,0.0,0.1818181818181818,1.0,0.33793103448275863,False,False,True,False,True,True,False,False,False,True,False,False,True,False,False,False,False,False,False,False,False,False,False,False,False,False,False,False,False,False,False,False,False,False,False,False,False,False,True,False,False,False,False,False,False,True,False,False,False,False,False,False,False,True,False,False,False,False,False,False,False,False,False,False,False,False,False,True,False,False,True,False,False,False,False,True,False,False,False,False,False,False,False,False,False,False,False,True,False,False,False,False,False,False,False,False,False,False,False,False,False,True,False,False,False,False,False,False,False,False,False,False,False,True,False,False,True,False,False,False,True,True,False,False,False,False,False,False,False,True,False,False,False,True,False,False,True,False,False,False,False,False,False,False,False,False,False,False,False,True,True,False,False,False,False,False,False,False,True,True,False,False,False,False,True,False,False,True,False,False,False,False,False,True,False,False,True,False,False,True,False,False,False,False,False,False,False,False,False,False,False,False,True,False,False,False,False,True,False,True,False,False,True,False,True,False,False,True,False,False,False,False,False,False,False,False,False,False,True,False,False,False,True,False,0.21395131086142322,0.3621747497210803,-0.27929292929293226,0.0,0.4999999999999999,2025.4040404040404,False,False,False,False,True,False,False,False,True,False
0.8213058419243987,0.39999999999999997,0.22340425531914887,0.37807909604519774,0.5,0.33333333333333326,0.9595959595959584,0.9166666666666643,0.0,0.0,0.0,0.42598010532475133,0.256140350877193,0.18565941101152367,0.5396590066716086,0.0,0.47659176029962547,0.0,0.0,0.5,1.0,0.6666666666666667,0.0,0.7142857142857142,0.0,0.9479166666666643,0.5,0.3191489361702128,0.24752475247524752,0.14814814814814814,0.0,0.0,0.0,0.0,0.0,0.5454545454545454,0.5,0.4,False,False,True,False,True,True,False,False,False,False,False,False,True,False,False,False,False,True,False,False,False,False,False,False,False,False,False,True,False,False,False,False,False,False,False,False,False,False,False,False,False,False,False,False,False,True,False,False,False,False,False,False,False,True,False,False,False,False,False,False,False,False,False,False,False,False,False,True,False,False,True,False,False,False,False,True,False,False,False,False,False,False,False,False,False,False,False,False,False,False,False,False,False,True,False,False,False,False,False,False,False,False,False,False,False,False,False,False,True,False,False,False,True,False,False,False,True,False,False,False,True,False,True,False,False,False,False,True,False,False,False,False,False,True,False,False,True,False,False,False,False,False,False,True,False,False,False,False,False,True,True,False,False,False,False,False,False,False,False,True,False,False,False,False,True,False,True,False,False,False,False,False,False,True,False,False,True,False,False,True,False,False,False,False,False,False,False,False,False,False,False,False,True,False,False,False,False,True,False,True,False,False,True,False,False,False,True,True,False,False,False,False,False,False,False,False,False,False,True,False,False,False,True,False,0.23829588014981273,0.44179976188871667,-0.04292929292929415,0.1595744680851064,0.16666666666666663,2025.0404040404042,False,False,False,False,True,False,False,True,False,False
0.8219931271477664,0.39999999999999997,0.2978723404255319,0.8319397363465161,0.625,0.33333333333333326,0.9696969696969688,0.93333333333333,0.0,0.0,0.0,0.5143358689291984,0.3444444444444445,0.2823303457106274,0.7294292068198666,0.0,0.6671348314606742,0.0,0.0,0.5,1.0,1.0,0.0,0.857142857142857,0.5,0.9583333333333321,1.0,0.6648936170212766,0.24752475247524752,0.10493827160493827,0.0,0.0,0.0,0.0,0.0,0.9090909090909091,0.0,0.549,False,False,True,False,True,True,False,False,False,False,False,False,True,False,False,False,False,True,False,False,False,False,False,False,False,False,False,True,False,False,False,False,False,False,False,False,False,False,False,False,False,False,False,False,False,True,False,False,False,False,False,False,False,True,False,False,False,False,False,False,False,False,False,False,False,False,False,True,False,False,True,False,False,False,False,True,False,False,False,False,False,False,False,False,False,False,False,False,False,False,False,False,False,True,False,False,False,False,False,False,False,False,False,False,False,False,False,False,True,False,False,False,True,False,False,True,False,False,False,False,True,False,True,False,False,False,False,True,False,False,False,False,False,True,False,False,False,False,False,False,False,False,False,True,False,False,False,False,False,True,True,False,False,False,False,False,False,False,False,True,False,False,False,False,True,False,True,False,False,False,False,False,False,True,False,True,False,False,False,False,False,True,False,False,False,False,False,False,False,False,False,False,True,False,False,False,False,True,False,True,False,False,True,False,False,False,True,True,False,False,False,False,False,False,False,False,True,False,False,False,False,False,False,True,0.4169592696629214,0.6267747901550719,-0.03636363636363882,0.6648936170212766,0.2083333333333333,2025.030303030303,False,False,False,False,False,False,True,False,False,True
0.8233676975945018,0.0,0.42553191489361697,0.4587570621468926,0.625,0.33333333333333326,0.9191919191919204,0.8500000000000014,0.0,0.0,0.0,0.7091866588648332,0.5391812865497077,0.49551856594110116,0.0,0.0,0.3623595505617978,0.0,0.0,0.5,0.0,0.6666666666666667,0.0,0.42857142857142855,0.0,0.90625,0.5,0.5492021276595744,0.8811881188118812,0.0,0.0,0.0,0.0,0.0,0.0,0.4545454545454545,0.75,0.40689655172413797,False,False,True,False,True,True,False,False,False,True,False,False,True,False,False,False,False,True,False,False,False,False,False,False,True,False,False,False,False,False,False,False,False,False,False,False,False,False,False,False,False,False,False,False,False,True,False,False,False,False,False,False,False,True,False,False,False,False,False,False,False,False,False,False,True,False,False,False,False,False,True,False,False,False,False,True,False,False,False,False,False,False,False,False,False,False,False,False,False,False,False,False,False,True,False,False,False,False,False,False,False,False,False,False,False,False,False,False,True,False,False,False,True,False,False,True,False,False,False,False,True,False,True,False,False,False,False,True,False,False,False,False,False,True,False,False,True,False,False,False,False,False,False,True,False,False,False,False,False,True,True,False,False,False,False,False,False,False,False,True,False,False,False,False,True,False,True,False,False,False,False,False,False,True,False,False,True,False,False,True,False,False,False,False,False,False,True,False,False,False,False,False,True,False,False,False,False,True,False,True,False,False,True,False,False,False,True,True,False,False,False,False,False,False,False,False,False,False,True,False,False,False,True,False,0.22647471910112363,1.0346998524908089,-0.06919191919191903,0.2746010638297872,0.2083333333333333,2025.080808080808,False,False,False,False,True,False,False,False,True,False
0.8240549828178695,0.0,0.4787234042553191,0.6195856873822976,0.25,0.33333333333333326,0.5353535353535364,0.4833333333333343,0.12056737588652482,0.3378628783199506,0.0,0.2949093036863663,0.44502923976608194,0.6043533930857874,0.0,0.0,0.44194756554307113,0.0,0.0,0.0,1.0,0.6666666666666667,0.0,0.42857142857142855,0.5,0.625,0.5,0.3976063829787234,0.0,0.5061728395061729,0.0,0.0,0.0,0.0,0.0,0.8181818181818182,0.0,0.303448275862069,False,False,True,False,True,True,False,False,False,True,False,False,True,False,False,False,False,True,False,False,False,False,False,False,False,False,False,False,False,False,False,False,False,False,False,False,False,False,True,False,False,False,False,False,False,True,False,False,False,False,False,False,False,True,False,False,False,False,False,False,False,False,False,False,True,False,False,False,False,False,True,False,False,False,False,True,False,False,False,False,False,False,False,False,False,False,False,True,False,False,False,False,False,False,False,False,False,False,False,False,False,True,False,False,False,False,False,False,False,False,False,True,False,False,False,False,True,False,False,False,True,True,False,False,False,False,False,False,False,True,False,False,False,True,False,False,True,False,False,False,False,False,True,False,False,False,False,False,False,True,True,False,False,False,False,False,True,False,False,True,False,False,False,False,True,False,False,True,False,False,False,False,False,True,False,False,False,True,False,True,False,False,False,False,False,False,False,True,False,False,False,False,True,False,False,False,False,True,False,True,False,False,True,False,False,False,True,True,False,False,False,False,False,False,False,False,False,False,True,False,False,False,True,False,0.11048689138576778,1.0493826328518694,-0.05202020202020208,0.1988031914893617,0.08333333333333331,2025.4646464646464,False,False,False,False,True,False,False,False,False,True
0.8247422680412372,0.0,0.43617021276595747,0.47781544256120523,0.25,0.33333333333333326,0.6060606060606055,0.3333333333333357,0.0,0.0,0.0,0.5055588063194851,0.33567251461988307,0.27272727272727276,0.0,0.0,0.199438202247191,0.0,0.0,0.0,0.0,0.6666666666666667,0.0,0.28571428571428564,0.0,0.6041666666666643,0.0,0.15957446808510636,0.0,0.0,0.0,0.0,0.0,0.0,0.0,0.5454545454545454,0.0,0.1932758620689655,False,False,True,False,True,True,False,False,False,True,False,False,True,False,False,False,False,True,False,False,False,False,False,False,False,False,False,False,False,False,False,True,False,False,False,False,False,False,False,False,False,False,False,False,False,True,False,False,False,False,False,False,False,True,False,False,False,False,False,False,False,False,False,False,True,False,False,False,False,False,True,False,False,False,False,True,False,False,False,False,False,False,False,False,False,False,False,False,False,True,False,False,False,False,False,False,False,False,False,False,False,False,False,True,False,False,False,False,False,False,False,False,True,False,False,False,True,False,False,False,True,True,False,False,False,False,False,False,False,True,False,False,False,True,False,False,True,False,False,False,False,False,False,True,False,False,False,False,False,True,True,False,False,False,False,False,True,False,False,True,False,False,False,False,True,False,False,True,False,False,False,False,False,True,False,False,True,False,False,True,False,False,False,False,False,False,False,True,False,False,False,False,True,False,False,False,False,True,False,True,False,False,True,False,False,False,True,False,False,True,False,False,False,False,False,False,False,True,False,False,False,False,False,False,0.04985955056179775,0.6083997873471558,-0.2727272727272698,0.0,0.08333333333333331,2025.3939393939395,False,False,False,False,False,False,False,False,True,False
0.8254295532646049,0.39999999999999997,0.5319148936170213,0.5566854990583804,0.625,0.33333333333333326,0.8888888888888893,0.7999999999999972,0.0,0.0,0.0,0.5067290813341135,0.3368421052631579,0.27400768245838664,0.6767976278724981,0.0,0.627808988764045,0.0,0.0,0.5,1.0,0.6666666666666667,0.0,0.42857142857142855,0.0,0.875,0.5,0.5132978723404256,0.4900990099009901,0.2222222222222222,0.0,0.0,0.0,0.0,0.0,0.1818181818181818,0.75,0.4755172413793104,False,False,True,False,True,True,False,False,False,True,False,False,True,False,False,False,False,False,False,False,False,False,False,False,True,False,False,False,False,False,False,False,False,False,False,False,False,False,False,False,False,False,False,False,False,True,False,False,False,False,False,False,False,True,False,False,False,False,False,False,False,False,False,False,False,False,False,True,False,False,True,False,False,False,False,True,False,False,False,False,False,False,False,False,False,False,False,False,False,False,False,False,False,True,False,False,False,False,False,False,False,False,False,False,False,False,False,False,True,False,False,False,True,False,False,False,True,False,False,False,True,False,True,False,False,False,False,True,False,False,False,False,False,True,False,False,False,False,False,False,False,False,False,True,False,False,False,False,False,True,True,False,False,False,False,False,False,False,False,True,False,False,False,False,True,False,True,False,False,False,False,False,False,True,False,False,True,False,False,True,False,False,False,False,False,False,True,False,False,False,False,False,True,False,False,False,False,True,False,True,False,False,True,False,False,False,True,True,False,False,False,False,False,False,False,False,False,False,True,False,False,False,True,False,0.3923806179775281,0.6108497877215445,-0.08888888888889213,0.2566489361702128,0.2083333333333333,2025.111111111111,False,False,False,False,False,False,True,False,True,False
0.827491408934708,0.0,0.5106382978723404,0.5370998116760829,0.375,0.6666666666666667,0.6565656565656575,0.4166666666666643,0.0,0.48672019765287217,0.0,0.15681685196021064,0.44795321637426905,0.4071702944942382,0.0,0.0,0.297752808988764,0.5,0.0,0.0,1.0,0.6666666666666667,0.0,0.42857142857142855,0.0,0.6354166666666643,0.5,0.4454787234042553,0.0,0.5432098765432098,0.0,0.0,0.0,0.0,0.0,0.5454545454545454,0.0,0.3224137931034483,False,False,True,False,True,True,False,False,False,True,False,False,True,False,False,False,False,True,False,False,False,False,False,False,False,False,False,False,False,False,False,False,False,True,False,False,False,False,False,False,False,False,False,False,False,True,False,False,False,False,False,False,False,True,False,False,False,False,False,False,False,False,False,False,True,False,False,False,False,False,True,False,False,False,False,True,False,False,False,False,False,False,False,False,False,False,False,True,False,False,False,False,False,False,False,False,False,False,False,False,False,True,False,False,False,False,False,False,False,False,False,False,True,False,False,False,True,False,False,False,True,True,False,False,False,False,False,True,False,False,False,False,False,True,False,False,True,False,False,False,False,False,False,False,False,False,False,False,False,True,True,False,False,False,False,False,False,False,False,True,False,False,False,False,True,False,False,True,False,False,False,False,False,True,False,False,True,False,False,True,False,False,False,False,False,False,True,False,False,False,False,False,True,False,False,False,False,True,False,True,False,False,True,False,True,False,False,True,False,False,False,False,False,False,False,False,False,False,True,False,False,False,True,False,0.1116573033707865,0.8551235108685072,-0.23989898989899316,0.22273936170212766,0.25,2025.3434343434344,False,False,False,False,False,False,False,False,True,False
0.829553264604811,0.0,0.42553191489361697,0.46139359698681737,0.5,0.33333333333333326,0.9393939393939412,0.8833333333333329,0.2836879432624113,0.2100061766522545,0.0,0.7852545348156817,0.8140350877192983,0.8079385403329065,0.0,0.0,0.5908239700374532,0.5,0.0,0.5,0.0,0.6666666666666667,0.0,0.5714285714285714,0.0,0.9270833333333321,0.5,0.5106382978723404,0.4752475247524752,0.1419753086419753,0.0,0.0,0.0,0.0,0.0,0.36363636363636365,0.0,0.48275862068965514,False,False,True,False,True,True,False,False,False,True,False,False,True,False,False,False,False,True,False,False,False,False,False,False,True,False,False,False,False,False,False,False,False,False,False,False,False,False,False,False,False,False,False,False,False,True,False,False,False,False,False,False,False,True,False,False,False,False,False,False,False,False,False,False,True,False,False,False,False,False,True,False,False,False,False,True,False,False,False,False,False,False,False,False,False,False,False,False,False,False,False,False,False,True,False,False,False,False,False,False,False,False,False,False,False,False,False,False,True,False,False,True,False,False,False,True,False,False,False,False,True,False,True,False,False,False,False,True,False,False,False,False,False,True,False,False,False,False,False,True,False,False,False,False,False,False,False,False,False,True,True,False,False,False,False,False,False,False,False,True,False,False,False,False,True,False,True,False,False,False,False,False,False,True,False,False,True,False,False,True,False,False,False,False,False,False,True,False,False,False,False,False,True,False,False,False,False,True,False,True,False,False,True,False,False,False,True,True,False,False,False,False,False,False,False,False,False,False,True,False,False,False,True,False,0.2954119850187266,1.6219736280522048,-0.056060606060608364,0.2553191489361702,0.16666666666666663,2025.060606060606,False,False,False,False,False,False,True,False,True,False
0.8309278350515464,0.0,0.5851063829787234,0.5402636534839924,0.75,0.33333333333333326,0.9696969696969688,0.93333333333333,0.9929078014184397,0.753551575046325,0.0,0.2574605032182563,0.801169590643275,0.7823303457106274,0.0,0.0,0.5720973782771536,0.5,0.0,0.5,0.0,0.6666666666666667,0.0,0.7142857142857142,0.5,0.9583333333333321,0.5,0.4521276595744681,0.7970297029702971,0.30864197530864196,0.0,0.0,0.0,0.0,0.0,0.36363636363636365,0.0,0.7931034482758621,False,False,True,False,True,True,False,False,False,False,False,False,True,False,True,False,False,False,False,False,False,False,False,False,False,False,False,False,False,False,False,False,False,False,False,False,False,False,False,False,True,False,False,False,False,False,False,False,False,False,False,True,False,True,False,False,False,False,False,False,False,False,False,False,True,False,False,False,False,False,False,False,True,False,False,True,False,False,False,False,False,False,False,False,False,False,False,False,False,False,False,False,False,True,False,False,False,False,False,False,False,False,False,False,False,False,False,False,True,False,False,False,False,True,False,True,False,False,False,False,True,False,True,False,False,False,False,False,False,False,False,False,False,True,False,True,False,False,False,True,False,False,False,False,False,False,False,False,False,True,True,False,False,False,False,False,False,False,False,True,False,False,False,False,True,False,True,False,False,False,False,False,False,True,False,True,False,False,False,True,False,False,False,False,False,False,True,False,False,False,False,False,True,False,False,False,False,True,False,True,False,False,True,False,False,False,True,True,False,False,False,False,False,False,False,False,True,False,False,False,False,False,False,True,0.4290730337078652,1.5834999363539024,-0.03636363636363882,0.22606382978723405,0.24999999999999994,2025.030303030303,False,False,False,False,False,True,False,False,True,False
0.8329896907216495,0.09999999999999998,0.21276595744680848,0.47683615819209035,0.25,0.6666666666666667,0.3131313131313149,0.0,0.0,0.21247683755404573,0.0,0.1919251023990638,0.22339181286549709,0.14980793854033292,0.0,0.0,0.1095505617977528,0.5,0.0,0.0,0.0,0.3333333333333333,0.0,0.14285714285714285,0.0,0.28125,0.0,0.09840425531914895,0.0,0.6975308641975309,0.0,0.0,0.0,0.0,0.0,0.6363636363636364,0.75,0.18275862068965518,False,False,True,False,True,True,False,False,False,True,False,False,True,False,False,False,False,True,False,False,False,False,False,False,False,False,True,False,False,False,False,False,False,False,False,False,False,False,False,False,False,False,False,False,False,True,False,False,False,False,False,False,False,True,False,False,False,False,False,False,False,False,False,False,True,False,False,False,False,False,False,False,True,False,False,True,False,False,False,False,False,False,False,False,False,False,False,False,False,True,False,False,False,False,False,False,False,False,False,False,False,False,False,True,False,False,False,False,False,False,False,False,True,False,False,False,True,False,False,False,True,True,False,False,False,False,False,False,False,True,False,False,False,True,False,False,True,False,False,False,False,False,True,False,False,False,False,False,False,True,True,False,False,False,False,False,False,False,True,True,False,False,False,False,True,False,False,True,False,False,False,False,False,True,False,False,True,False,False,True,False,False,False,False,False,False,False,True,False,False,False,False,True,False,False,False,False,True,False,False,False,False,True,False,False,False,True,True,False,False,False,False,False,False,False,False,False,False,True,False,False,False,True,False,0.0273876404494382,0.37319975140583,-0.3131313131313149,0.0,0.16666666666666669,2025.6868686868686,False,False,False,False,False,False,False,False,True,False
0.8343642611683849,0.6499999999999999,0.4148936170212766,0.5419962335216573,0.375,0.33333333333333326,0.525252525252526,0.20000000000000284,0.0,0.48424953675108096,0.0,0.08250438853130486,0.37134502923976614,0.3591549295774648,0.0,0.0,0.26264044943820225,0.5,0.0,0.0,0.0,0.6666666666666667,0.0,0.42857142857142855,0.0,0.5,0.0,0.18617021276595744,0.3712871287128713,0.4444444444444444,0.0,0.0,0.0,0.0,0.0,0.36363636363636365,0.0,0.25689655172413794,False,False,True,False,True,True,False,False,False,False,False,False,True,False,False,False,False,True,False,False,False,False,False,False,False,False,False,False,False,False,False,True,False,False,False,False,False,False,False,False,False,False,False,False,False,True,False,False,False,False,False,False,False,True,False,False,False,False,False,False,False,False,False,False,False,False,False,False,True,False,True,False,False,False,False,True,False,False,False,False,False,False,False,False,False,False,False,False,False,True,False,False,False,False,False,False,False,False,False,False,False,False,False,True,False,False,False,False,False,False,False,False,True,False,False,False,True,False,False,False,True,True,False,False,False,False,False,False,False,True,False,False,False,True,False,False,False,False,True,False,False,False,False,False,False,False,False,False,False,True,True,False,False,False,False,False,False,False,True,True,False,False,False,False,True,False,False,True,False,False,False,False,False,True,False,False,True,False,False,True,False,False,False,False,False,False,False,True,False,False,False,False,True,False,False,False,False,True,False,True,False,False,True,False,False,False,True,True,False,False,False,False,False,False,False,False,False,False,True,False,False,False,True,False,0.09849016853932585,0.730499958817231,-0.32525252525252313,0.0,0.12499999999999997,2025.4747474747476,False,False,False,False,False,False,False,False,True,False
0.836426116838488,0.0,0.44680851063829785,0.42410546139359695,0.75,0.33333333333333326,1.0,0.9833333333333343,0.1702127659574468,0.5781346510191476,0.0,0.21299005266237567,0.5906432748538013,0.560819462227913,0.0,0.0,0.4101123595505618,0.5,0.0,0.5,0.0,0.6666666666666667,0.0,0.42857142857142855,0.0,0.9895833333333321,0.5,0.5212765957446809,0.3341584158415842,0.691358024691358,0.0,0.0,0.0,0.0,0.0,0.7272727272727273,0.75,0.5843310344827586,True,False,False,False,True,True,False,False,False,True,False,False,True,False,False,False,False,True,False,False,False,False,False,False,False,False,False,False,False,False,False,False,False,False,False,False,False,False,False,False,True,False,False,False,False,True,False,False,False,False,False,False,False,True,False,False,False,False,False,False,False,False,False,False,True,False,False,False,False,False,True,False,False,False,False,True,False,False,False,False,False,False,False,False,False,False,True,False,False,False,False,False,False,False,False,False,False,False,False,False,True,False,False,False,False,False,False,False,False,False,False,False,False,True,False,True,False,False,False,False,True,False,True,False,False,False,False,True,False,False,False,False,False,True,False,True,False,False,False,True,False,False,False,False,False,False,False,False,False,True,True,False,False,False,False,False,False,False,False,True,False,False,False,False,True,False,True,False,False,False,False,False,False,True,False,False,True,False,False,True,False,False,False,False,False,False,True,False,False,False,False,False,True,False,False,False,False,True,False,True,False,False,True,False,False,False,True,True,False,False,False,False,False,False,False,False,True,False,False,False,False,False,False,True,0.30758426966292135,1.1514627370817143,-0.01666666666666572,0.26063829787234044,0.24999999999999994,2025.0,False,False,False,False,True,False,False,True,False,False
0.8398625429553265,0.3,0.5106382978723404,0.5639171374764596,0.5,0.6666666666666667,0.3939393939393945,0.0,0.7565011820330969,0.12106238418777024,0.0,0.4938560561732007,0.43859649122807015,0.46734955185659405,0.5025945144551519,0.0,0.6591760299625469,0.0,0.0,0.5,0.0,0.6666666666666667,0.0,0.5714285714285714,0.5,0.36458333333333215,0.0,0.20611702127659573,0.0,0.0,0.0,0.0,0.0,0.0,0.0,0.0,0.25,0.28620689655172415,False,False,True,False,True,True,False,False,False,True,False,False,True,False,False,False,False,True,False,False,False,False,False,False,False,False,False,False,False,False,False,True,False,False,False,False,False,False,False,False,False,False,False,False,False,False,False,False,False,False,False,False,False,True,False,False,False,False,False,False,False,False,False,False,False,False,False,False,False,False,True,False,False,False,False,True,False,False,False,False,False,False,False,False,False,False,False,False,False,False,False,False,False,False,True,False,False,False,False,False,False,False,False,False,False,False,False,False,False,True,False,True,False,False,False,False,True,False,False,False,True,True,False,False,False,False,False,False,False,True,False,False,False,True,False,True,False,False,False,False,False,False,True,False,False,False,False,False,False,True,True,False,False,False,False,False,False,False,False,True,False,False,False,False,True,False,False,True,False,False,False,False,False,True,False,True,False,False,False,True,False,False,False,False,False,False,False,True,False,False,False,False,True,False,False,False,False,True,False,True,False,False,True,True,False,False,False,True,False,False,False,False,False,False,False,False,False,False,True,False,False,False,True,False,0.32958801498127344,0.9059460430846642,-0.3939393939393945,0.0,0.33333333333333337,2025.6060606060605,False,False,False,False,False,False,True,False,True,False
0.841237113402062,0.39999999999999997,0.3191489361702128,0.9321280602636536,0.625,0.33333333333333326,0.9494949494949516,0.9166666666666643,0.0,0.4471896232242125,0.0,0.037448800468110006,0.2912280701754386,0.22407170294494233,0.5203854707190512,0.0,0.49250936329588013,0.5,0.0,0.5,1.0,0.6666666666666667,0.0,0.7142857142857142,0.5,0.9375,0.5,0.30319148936170215,0.24752475247524752,0.4629629629629629,0.0,0.0,0.0,0.0,0.0,0.09090909090909091,0.5,0.4275862068965517,False,False,True,False,True,True,False,False,False,False,False,False,True,False,False,False,False,True,False,False,False,False,False,False,False,False,False,True,False,False,False,False,False,False,False,False,False,False,False,False,False,False,False,False,False,False,False,False,False,True,False,False,False,True,False,False,False,False,False,False,False,False,False,False,False,False,False,True,False,False,True,False,False,False,False,True,False,False,False,False,False,False,False,False,False,False,False,False,False,False,False,False,False,True,False,False,False,False,False,False,False,False,False,False,False,False,False,False,True,False,False,False,True,False,False,True,False,False,False,False,True,False,True,False,False,False,False,True,False,False,False,False,False,True,False,False,False,False,False,True,False,False,False,False,False,False,False,False,False,True,True,False,False,False,False,False,False,False,False,True,False,False,False,False,True,False,True,False,False,False,False,False,False,True,False,True,False,False,False,True,False,False,False,False,False,False,False,False,False,False,False,False,True,False,False,False,False,True,False,True,False,False,True,False,False,False,True,True,False,False,False,False,False,False,False,False,False,False,True,False,False,False,True,False,0.3078183520599251,0.515299773120381,-0.032828282828287314,0.15159574468085107,0.2083333333333333,2025.050505050505,False,False,False,False,False,True,False,False,False,True
0.8426116838487974,0.39999999999999997,0.5957446808510638,0.8729190207156309,0.5,0.33333333333333326,0.9797979797979792,0.9500000000000028,0.17494089834515367,0.0,0.0,0.5231129315389117,0.3532163742690058,0.2919334186939821,0.7702001482579688,0.0,0.6999063670411985,0.0,0.0,0.5,1.0,1.0,0.0,0.857142857142857,0.5,0.96875,1.0,0.6755319148936171,0.24752475247524752,0.1111111111111111,0.0,0.0,0.0,0.0,0.0,0.0,0.5,0.5310344827586208,False,False,True,False,True,True,False,False,False,False,False,False,True,False,True,False,False,False,False,False,False,False,False,False,False,False,False,False,False,False,False,False,False,False,False,False,False,False,False,False,True,False,False,False,True,False,False,False,False,False,False,False,False,True,False,False,False,False,False,False,False,False,False,False,False,False,False,True,False,False,True,False,False,False,False,True,False,False,False,False,False,False,False,False,False,False,False,False,False,False,False,False,False,True,False,False,False,False,False,False,False,False,False,False,False,False,False,False,True,False,False,False,False,True,False,True,False,False,False,False,True,False,True,False,False,False,False,True,False,False,False,False,False,True,False,True,False,False,False,False,False,False,False,True,False,False,False,False,False,True,True,False,False,False,False,False,False,False,False,True,False,False,False,False,True,False,True,False,False,False,False,False,False,True,False,True,False,False,False,False,False,True,False,False,False,False,False,False,False,False,False,False,True,False,False,False,False,True,False,True,False,False,True,False,False,False,True,True,False,False,False,False,False,False,False,False,False,False,True,False,False,False,True,False,0.34995318352059923,0.6451497929629879,-0.02979797979797638,0.6755319148936171,0.16666666666666663,2025.020202020202,False,False,False,False,False,False,True,False,False,True
0.8446735395189005,0.6000000000000001,0.42553191489361697,0.3691148775894538,0.375,0.33333333333333326,0.5050505050505052,0.1666666666666643,0.0,0.41136504014823966,0.0,0.2393212404915155,0.4590643274853801,0.6843790012804096,0.0,0.0,0.5004681647940075,0.0,0.0,0.5,0.0,1.0,0.0,0.5714285714285714,0.0,0.4791666666666643,0.0,0.32446808510638303,0.0,0.0,0.0,0.0,0.0,0.0,0.0,0.6363636363636364,0.5,0.23103448275862068,False,False,True,False,True,True,False,False,False,True,False,False,True,False,False,False,False,True,False,False,False,False,False,False,False,False,False,False,False,False,False,True,False,False,False,False,False,False,False,False,False,False,False,False,False,True,False,False,False,False,False,False,False,True,False,False,False,False,False,False,False,False,False,False,False,False,False,False,False,True,False,False,True,False,False,True,False,False,False,False,False,False,False,False,True,False,False,False,False,False,False,False,False,False,False,False,False,False,False,False,False,True,False,False,False,False,False,False,False,False,False,False,True,False,False,False,True,False,False,False,True,True,False,False,False,False,False,False,False,True,False,False,False,True,False,False,True,False,False,False,False,False,False,False,False,False,False,False,False,True,True,False,False,False,False,False,True,False,False,True,False,False,False,False,True,False,False,True,False,False,False,False,False,False,False,False,True,False,False,False,True,False,False,False,False,False,False,True,False,False,False,False,True,False,False,False,False,True,False,True,False,False,True,True,False,False,False,True,False,False,False,False,False,False,False,False,False,False,True,False,False,False,True,False,0.1876755617977528,1.1434433287657897,-0.3383838383838409,0.0,0.12499999999999997,2025.4949494949494,False,False,False,False,False,True,False,True,False,False
0.8460481099656358,0.7,0.42553191489361697,0.3554048964218456,0.375,0.6666666666666667,0.525252525252526,0.20000000000000284,0.2836879432624113,0.4959851760345893,0.0,0.1772966647162083,0.47719298245614034,0.48143405889884766,0.0,0.0,0.35205992509363293,0.5,0.0,0.0,0.0,0.6666666666666667,0.0,0.42857142857142855,0.0,0.5,0.5,0.5053191489361702,0.0,0.1111111111111111,0.0,0.0,0.0,0.0,0.0,0.36363636363636365,0.0,0.24999999999999997,False,False,True,False,True,True,False,False,False,True,False,False,True,False,False,False,False,True,False,False,False,False,False,False,False,False,False,False,False,False,False,True,False,False,False,False,False,False,False,False,False,False,False,False,False,True,False,False,False,False,False,False,False,True,False,False,False,False,False,False,True,False,False,False,False,False,False,False,False,True,False,False,True,False,False,True,False,False,False,False,False,False,False,False,False,False,False,False,False,False,False,False,False,False,True,False,False,False,False,False,False,False,False,False,False,False,False,False,False,True,False,True,False,False,False,False,True,False,False,False,True,True,False,False,False,False,False,False,False,True,False,False,False,True,False,False,False,False,False,False,False,False,False,False,False,False,False,False,False,True,True,False,False,False,False,False,False,False,True,True,False,False,False,False,True,False,False,True,False,False,False,False,False,True,False,False,True,False,False,True,False,False,False,False,False,False,False,True,False,False,False,False,True,False,False,False,False,True,False,True,False,False,True,True,False,False,False,True,False,False,False,False,False,False,False,False,False,False,True,False,False,False,True,False,0.13202247191011235,0.958627041354988,-0.32525252525252313,0.2526595744680851,0.25,2025.4747474747476,False,False,False,False,True,False,False,False,False,False
0.8487972508591066,0.5,0.702127659574468,0.7624858757062147,0.375,0.33333333333333326,0.04040404040404155,0.0,0.0,0.0,0.0,0.4370977179637215,0.26725146198830413,0.2906530089628681,0.6612305411415863,0.0,0.6301498127340824,0.0,0.0,0.0,1.0,1.0,0.0,0.857142857142857,0.0,0.0,0.0,0.026595744680851047,0.5024752475247525,0.24691358024691357,0.0,0.0,0.0,0.0,0.0,0.5454545454545454,0.0,0.2720241379310344,False,False,True,False,True,True,False,False,False,True,False,False,True,False,False,False,False,True,False,False,False,False,False,False,False,True,False,False,False,False,False,False,False,False,False,False,False,False,False,False,False,False,False,False,False,True,False,False,False,False,False,False,False,True,False,False,False,False,False,False,False,False,False,False,False,False,False,True,False,False,True,False,False,False,False,True,False,False,False,False,False,False,False,False,False,False,False,False,False,False,False,False,False,False,True,False,False,False,False,False,False,False,False,False,False,False,False,False,False,True,False,False,True,False,False,False,True,False,False,False,True,False,False,False,False,False,False,True,False,False,False,False,False,True,False,True,False,False,False,False,False,False,False,True,False,False,False,False,False,True,True,False,False,False,False,False,True,False,False,True,True,False,False,False,False,False,False,True,False,False,False,False,False,True,False,False,True,False,False,False,False,False,False,True,False,False,False,True,True,False,False,False,False,True,False,False,False,False,False,False,False,False,True,False,False,False,True,True,False,False,False,False,False,False,False,False,False,False,True,False,False,False,True,False,0.2363061797752809,0.5579044709511722,-0.04040404040404155,0.0,0.12499999999999997,2025.9595959595958,False,False,False,False,False,False,True,False,False,True
0.850171821305842,0.39999999999999997,0.11702127659574463,0.7068173258003766,0.625,0.33333333333333326,0.9494949494949516,0.9166666666666643,0.0,0.0,0.0,0.4956114686951434,0.3257309941520468,0.26184379001280406,0.816160118606375,0.0,0.7069288389513109,0.0,0.0,0.5,1.0,1.0,0.0,0.7142857142857142,0.5,0.9375,0.5,0.3643617021276596,0.24752475247524752,0.2962962962962963,0.0,0.0,0.0,0.0,0.0,0.7272727272727273,0.0,0.4655172413793104,False,False,True,False,True,True,False,True,False,False,False,False,True,False,False,True,False,False,False,False,False,False,False,False,True,False,False,False,False,False,False,False,False,False,False,False,False,False,False,False,False,False,False,False,False,True,False,False,False,False,False,False,False,True,False,False,False,False,False,False,False,False,False,False,False,False,False,True,False,False,True,False,False,False,False,True,False,False,False,False,False,False,False,False,False,False,False,False,False,False,False,False,False,True,False,False,False,False,False,False,False,False,False,False,False,False,False,False,True,False,False,False,True,False,False,True,False,False,False,False,True,False,True,False,False,False,False,True,False,False,False,False,False,True,False,False,True,False,False,False,False,False,False,True,False,False,False,False,False,True,True,False,False,False,False,False,False,False,False,True,False,False,False,False,True,False,True,False,False,False,False,False,False,True,False,True,False,False,False,False,False,True,False,False,False,False,False,False,False,False,False,False,True,False,False,False,False,True,False,True,False,False,True,False,False,False,True,True,False,False,False,False,False,False,False,False,False,False,True,False,False,False,True,False,0.44183052434456926,0.5875747841648509,-0.032828282828287314,0.1821808510638298,0.2083333333333333,2025.050505050505,False,False,False,False,False,False,True,False,False,True
0.8508591065292097,0.0,0.35106382978723405,0.7579661016949153,0.5,0.33333333333333326,0.9595959595959584,0.9166666666666643,0.0,0.0,0.0,0.6676418958455237,0.4976608187134503,0.45006402048655564,0.0,0.0,0.32911985018726597,0.0,0.0,0.0,1.0,0.6666666666666667,0.0,0.42857142857142855,0.0,0.9479166666666643,0.5,0.4308510638297872,0.0,0.0,0.0,0.0,0.0,0.0,0.0,0.1818181818181818,0.0,0.2844827586206896,False,False,True,False,True,True,False,False,False,True,False,False,True,False,False,False,False,True,False,False,False,False,False,False,False,False,False,False,False,False,False,False,False,False,False,False,False,False,False,True,False,False,False,False,False,False,False,False,True,False,False,False,False,True,False,False,False,False,False,False,False,False,False,False,True,False,False,False,False,False,True,False,False,False,False,True,False,False,False,False,False,False,False,False,False,False,False,False,False,False,False,False,False,True,False,False,False,False,False,False,False,False,False,False,False,False,False,False,True,False,False,False,True,False,False,True,False,False,False,False,True,False,True,False,False,False,False,True,False,False,False,False,False,True,False,False,True,False,False,False,False,False,False,True,False,False,False,False,False,True,True,False,False,False,False,False,False,False,False,True,False,False,False,False,True,False,False,True,False,False,False,False,False,True,False,False,True,False,False,False,False,False,False,True,False,False,False,True,False,False,False,False,True,False,False,False,False,True,False,True,False,False,True,False,False,False,True,True,False,False,False,False,False,False,False,False,False,False,True,False,False,False,False,False,0.16455992509363299,0.9477248392000059,-0.04292929292929415,0.2154255319148936,0.16666666666666663,2025.0404040404042,False,False,False,False,False,False,False,False,False,True
0.8515463917525774,0.0,0.36170212765957444,0.45401129943502827,0.75,0.33333333333333326,0.9696969696969688,0.93333333333333,0.07565011820330969,0.26436071649166154,0.0,0.6132241076653013,0.6935672514619884,0.6696542893725992,0.0,0.0,0.48970037453183524,0.0,0.0,0.5,0.0,0.3333333333333333,0.0,0.42857142857142855,0.5,0.9583333333333321,0.5,0.4148936170212766,0.297029702970297,0.2037037037037037,0.0,0.0,0.0,0.0,0.0,0.9999999999999999,0.25,0.71,False,False,True,False,True,True,False,False,False,False,True,False,False,False,False,False,False,True,False,False,False,False,False,False,False,False,False,False,False,False,False,False,False,False,False,False,False,False,False,False,False,False,True,False,False,True,False,False,False,False,False,False,False,True,False,False,False,False,False,False,False,False,False,False,True,False,False,False,False,False,False,False,True,False,False,True,False,False,False,False,False,False,False,False,False,False,False,False,False,False,False,False,False,True,False,False,False,False,False,False,False,False,False,False,False,False,False,False,True,False,False,True,False,False,False,True,False,False,False,False,True,False,True,False,False,False,False,True,False,False,False,False,False,True,False,False,False,False,False,True,False,False,False,False,False,False,False,False,False,True,True,False,False,False,False,False,False,False,False,True,False,False,False,False,True,False,False,False,False,False,False,False,False,True,False,True,False,False,False,True,False,False,False,False,False,False,True,False,False,False,False,False,True,False,False,False,False,True,False,True,False,False,True,False,False,False,True,True,False,False,False,False,False,False,False,False,False,False,True,False,False,False,True,False,0.3672752808988764,1.3632215408345876,-0.03636363636363882,0.2074468085106383,0.24999999999999994,2025.030303030303,False,False,False,False,False,True,False,True,False,False
0.8522336769759451,0.39999999999999997,0.3723404255319148,0.3877966101694915,0.625,0.33333333333333326,0.9393939393939412,0.8833333333333329,0.5957446808510638,0.33971587399629405,0.0,0.1954359274429491,0.3473684210526316,0.2855313700384123,0.6553002223869533,0.0,0.6226591760299626,0.5,0.0,0.5,1.0,0.6666666666666667,0.0,0.7142857142857142,0.0,0.9270833333333321,0.5,0.5093085106382979,0.0,0.38888888888888884,0.0,0.0,0.0,0.0,0.0,0.5454545454545454,0.5,0.5686206896551724,False,False,True,False,True,True,False,False,False,True,False,False,True,False,False,False,False,True,False,False,False,False,False,False,True,False,False,False,False,False,False,False,False,False,False,False,False,False,False,False,False,False,False,False,False,True,False,False,False,False,False,False,False,True,False,False,False,False,False,False,False,False,False,False,False,False,False,True,False,False,True,False,False,False,False,True,False,False,False,False,False,False,False,False,False,False,False,False,False,False,False,False,False,True,False,False,False,False,False,False,False,False,False,False,False,False,False,False,True,False,False,True,False,False,False,True,False,False,False,False,True,False,True,False,False,False,False,True,False,False,False,False,False,True,False,False,True,False,False,True,False,False,False,False,False,False,False,False,False,True,True,False,False,False,False,False,False,False,False,True,False,False,False,False,True,False,True,False,False,False,False,False,False,True,False,False,True,False,False,True,False,False,False,False,False,False,True,False,False,False,False,False,True,False,False,False,False,True,False,True,False,False,True,False,False,False,True,True,False,False,False,False,False,False,False,False,False,False,True,False,False,False,True,False,0.3891619850187266,0.6328997910910439,-0.056060606060608364,0.2546542553191489,0.2083333333333333,2025.060606060606,False,False,False,False,False,False,True,True,False,False
0.8563573883161513,0.39999999999999997,0.3723404255319148,0.3853107344632768,0.625,0.33333333333333326,0.9595959595959584,0.93333333333333,0.0,0.0,0.0,0.44236395552954944,0.27251461988304093,0.20358514724711907,0.5908080059303187,0.0,0.522003745318352,0.0,0.0,0.5,1.0,0.6666666666666667,0.0,0.42857142857142855,0.0,0.9479166666666643,0.5,0.6050531914893618,0.0,0.2777777777777778,0.0,0.0,0.0,0.0,0.0,0.1818181818181818,0.0,0.4362068965517242,True,False,False,False,True,True,False,False,False,True,False,False,True,False,False,False,False,True,False,False,False,False,False,False,False,False,False,False,False,False,False,False,False,False,False,False,False,False,False,False,True,False,False,False,False,True,False,False,False,False,False,False,False,True,False,False,False,False,False,False,False,False,False,False,False,False,False,True,False,False,True,False,False,False,False,True,False,False,False,False,False,False,False,False,False,False,False,False,False,False,False,False,False,True,False,False,False,False,False,False,False,False,False,False,False,False,False,False,True,False,False,False,True,False,False,True,False,False,False,False,True,False,True,False,False,False,False,True,False,False,False,False,False,True,False,False,True,False,False,False,False,False,False,True,False,False,False,False,False,True,True,False,False,False,False,False,False,False,False,True,False,False,False,False,True,False,True,False,False,False,False,False,False,True,False,False,True,False,False,True,False,False,False,False,False,False,True,False,False,False,False,False,True,False,False,False,False,True,False,True,False,False,True,False,False,False,True,True,False,False,False,False,False,False,False,False,True,False,False,False,False,False,False,True,0.32625234082397003,0.47609976713016,-0.02626262626262843,0.3025265957446809,0.2083333333333333,2025.0404040404042,False,False,False,False,False,True,False,True,False,False
0.8618556701030928,0.39999999999999997,0.3191489361702128,0.29536723163841805,0.625,0.33333333333333326,0.9393939393939412,0.8999999999999986,0.21749408983451535,0.0,0.0,0.4365125804564073,0.26666666666666666,0.20614596670934698,0.6641957005189029,0.0,0.5702247191011236,0.0,0.0,0.5,1.0,0.6666666666666667,0.0,0.5714285714285714,0.5,0.9270833333333321,0.5,0.31515957446808507,0.4405940594059406,0.7901234567901234,0.0,0.0,0.0,0.0,0.0,0.5454545454545454,0.5,0.36344827586206896,False,False,True,False,True,True,False,False,False,True,False,False,True,False,False,False,False,True,False,False,False,False,False,False,False,False,True,False,False,False,False,False,False,False,False,False,False,False,False,False,False,False,False,False,False,True,False,False,False,False,False,False,False,True,False,False,False,False,False,False,False,False,False,False,False,False,False,True,False,False,True,False,False,False,False,True,False,False,False,False,False,False,False,False,False,False,False,False,False,False,False,False,False,True,False,False,False,False,False,False,False,False,False,False,False,False,False,False,True,False,False,False,False,True,False,True,False,False,False,False,True,False,True,False,False,False,False,True,False,False,False,False,False,True,False,False,True,False,False,False,False,False,False,True,False,False,False,False,False,True,True,False,False,False,False,False,False,False,False,True,False,False,False,False,True,False,True,False,False,False,False,False,False,True,False,True,False,False,False,False,False,True,False,False,False,False,False,False,False,False,False,False,True,False,False,False,False,True,False,True,False,False,True,False,False,False,True,True,False,False,False,False,False,False,False,False,False,False,True,False,False,False,True,False,0.35639044943820225,0.47281263337601365,-0.039393939393942645,0.15757978723404253,0.2083333333333333,2025.060606060606,False,False,False,False,False,True,False,False,False,False
0.8646048109965636,0.6000000000000001,0.3085106382978723,0.4954425612052731,0.625,0.33333333333333326,0.9595959595959584,0.9166666666666643,0.4302600472813239,0.4045707226683138,0.0,0.11761263897015799,0.3309941520467837,0.4660691421254802,0.0,0.0,0.34082397003745324,0.5,0.0,0.5,0.0,0.3333333333333333,0.0,0.28571428571428564,0.0,0.9479166666666643,0.5,0.3191489361702128,0.5247524752475248,0.0,0.0,0.0,0.0,0.0,0.0,0.5454545454545454,0.5,0.4482758620689655,False,False,True,False,True,True,False,False,False,False,False,False,True,False,False,False,False,True,False,False,False,False,False,False,False,False,False,True,False,False,False,False,False,False,False,False,False,False,False,False,False,False,False,False,False,True,False,False,False,False,False,False,False,True,False,False,False,False,False,False,False,False,False,False,False,False,False,False,False,True,True,False,False,False,False,True,False,False,False,False,False,False,False,False,False,False,False,False,False,False,False,False,False,True,False,False,False,False,False,False,False,False,False,False,False,False,False,False,True,False,False,False,False,True,False,True,False,False,False,False,True,False,True,False,False,False,False,True,False,False,False,False,False,True,True,False,False,False,False,True,False,False,False,False,False,False,False,False,False,True,True,False,False,False,False,False,False,False,False,True,False,False,False,False,True,False,True,False,False,False,False,False,False,True,False,False,True,False,False,True,False,False,False,False,False,False,False,False,False,False,False,False,True,False,False,False,False,True,False,True,False,False,True,False,False,False,True,True,False,False,False,False,False,False,False,False,False,False,True,False,False,False,True,False,0.2130149812734083,0.7970632941722638,-0.04292929292929415,0.1595744680851064,0.2083333333333333,2025.0404040404042,False,False,False,False,True,False,False,False,True,False
0.8666666666666667,0.0,0.5319148936170213,0.49642184557438795,0.375,0.6666666666666667,0.46464646464646364,0.10000000000000142,0.0,0.3113032736256949,0.0,0.3194850789935635,0.4444444444444445,0.3918053777208707,0.0,0.0,0.28651685393258425,0.0,0.0,0.0,0.0,0.3333333333333333,0.0,0.28571428571428564,0.0,0.4375,0.0,0.23670212765957446,0.0,0.0,0.0,0.0,0.0,0.0,0.0,0.4545454545454545,0.75,0.23758620689655172,False,False,True,False,True,True,False,False,False,True,False,False,True,False,False,False,False,True,False,False,False,False,False,False,False,False,False,False,False,False,False,True,False,False,False,False,False,False,False,False,False,False,False,False,False,True,False,False,False,False,False,False,False,True,False,False,False,False,False,False,False,False,False,False,True,False,False,False,False,False,False,False,True,False,False,True,False,False,False,False,False,False,False,False,False,False,False,False,False,True,False,False,False,False,False,False,False,False,False,False,False,False,False,True,False,False,False,False,False,False,False,False,True,False,False,False,True,False,False,False,True,True,False,False,False,False,False,False,False,True,False,False,False,True,False,False,True,False,False,False,False,False,True,False,False,False,False,False,False,True,True,False,False,False,False,False,True,False,False,True,False,False,False,False,True,False,False,True,False,False,False,False,False,True,False,False,True,False,False,True,False,False,False,False,False,False,False,True,False,False,False,False,True,False,False,False,False,True,False,True,False,False,True,False,False,False,True,True,False,False,False,False,False,False,False,False,False,False,True,False,False,False,True,False,0.1074438202247191,0.8362498221653152,-0.3646464646464622,0.0,0.25,2025.5353535353536,False,False,False,False,False,False,False,False,True,False
0.8687285223367698,1.0,0.04255319148936165,0.0790960451977401,0.5,0.33333333333333326,0.8888888888888893,0.8166666666666629,0.0,0.16429894996911676,0.0,0.6664716208308953,0.6520467836257311,0.5755441741357235,0.0,0.0,0.42088014981273414,0.5,0.0,0.5,0.0,0.3333333333333333,0.0,0.28571428571428564,0.0,0.875,0.5,0.4667553191489362,0.3564356435643564,0.41975308641975306,0.0,0.0,0.0,0.0,0.0,0.6363636363636364,0.5,0.4172413793103449,False,True,False,False,True,True,False,False,False,True,False,False,True,False,False,False,False,True,False,False,False,False,False,False,False,False,False,False,False,False,False,True,False,False,False,False,False,False,False,False,False,False,False,False,False,True,False,False,False,False,False,False,False,True,False,False,False,False,False,False,False,False,True,False,True,False,False,False,False,False,True,False,False,False,False,True,False,False,False,False,False,False,False,False,False,False,False,False,False,True,False,False,False,False,False,False,False,False,False,False,False,False,False,True,False,False,False,False,False,False,False,False,True,False,False,True,False,False,False,False,True,False,True,False,False,False,False,True,False,False,False,False,False,True,False,False,True,False,False,True,False,False,False,False,False,False,False,False,False,True,True,False,False,False,False,False,False,False,False,True,False,False,False,False,True,False,True,False,False,False,False,False,False,True,False,False,True,False,False,True,False,False,False,False,False,False,False,False,False,False,False,False,True,False,False,False,False,True,False,True,False,False,True,False,False,False,True,True,False,False,False,False,False,False,False,False,False,False,False,False,False,False,False,False,0.21044007490636707,1.2275909577614545,-0.0722222222222264,0.2333776595744681,0.16666666666666663,2025.111111111111,False,False,False,False,True,False,False,False,False,False
0.8721649484536084,0.3,0.5106382978723404,0.6277966101694915,0.375,0.33333333333333326,0.4848484848484844,0.13333333333333286,0.425531914893617,0.2841260037059914,0.0,0.24224692802808662,0.3415204678362573,0.27912932138284247,0.48183839881393625,0.0,0.5084269662921348,0.0,0.0,0.0,1.0,0.6666666666666667,0.0,0.5714285714285714,0.0,0.45833333333333215,0.0,0.20611702127659573,0.0,0.0,0.0,0.0,0.0,0.0,0.0,0.5454545454545454,0.25,0.2896551724137931,False,False,True,False,True,True,False,False,False,True,False,False,True,False,False,False,False,True,False,False,False,False,False,False,False,False,False,False,False,False,False,True,False,False,False,False,False,False,False,False,False,False,False,False,True,False,False,False,False,False,False,False,False,True,False,False,False,False,False,False,False,False,False,False,False,False,False,False,False,False,True,False,False,False,False,True,False,False,False,False,False,False,False,False,False,False,False,False,False,True,False,False,False,False,False,False,False,False,False,False,False,False,False,True,False,False,False,False,False,False,False,True,False,False,False,False,True,False,False,False,True,True,False,False,False,False,False,False,False,True,False,False,False,True,False,False,True,False,True,False,False,False,False,False,False,False,False,False,False,True,False,True,False,False,False,False,False,False,True,True,False,False,False,False,False,False,False,True,False,False,False,False,False,True,False,False,True,False,False,True,False,False,False,False,False,False,False,True,False,False,False,False,True,False,False,False,False,True,False,True,False,False,True,True,False,False,False,True,False,False,False,False,False,False,False,False,False,False,True,False,False,False,True,False,0.19066011235955055,0.6206497892190997,-0.35151515151515156,0.0,0.12499999999999997,2025.5151515151515,False,False,False,False,False,True,False,False,False,True
0.879725085910653,0.0,0.3936170212765957,0.512090395480226,0.625,0.33333333333333326,0.9292929292929308,0.8666666666666671,0.26004728132387706,0.48672019765287217,0.0,0.4593329432416618,0.7502923976608187,0.7266325224071704,0.0,0.0,0.5313670411985019,0.5,0.0,0.5,0.0,0.6666666666666667,0.0,0.42857142857142855,0.0,0.9166666666666643,0.5,0.5106382978723404,0.0,0.4444444444444444,0.0,0.0,0.0,0.0,0.0,0.1818181818181818,0.75,0.5758620689655173,False,False,True,False,True,True,False,False,False,False,False,False,True,False,False,False,False,True,False,False,False,False,False,False,True,False,False,False,False,False,False,False,False,False,False,False,False,False,False,False,False,False,False,False,False,True,False,False,False,False,False,False,False,True,False,False,False,False,False,False,False,False,False,False,True,False,False,False,False,False,True,False,False,False,False,True,False,False,False,False,False,False,False,False,False,False,False,False,False,False,False,False,False,True,False,False,False,False,False,False,False,False,False,False,False,False,False,False,True,False,False,True,False,False,False,True,False,False,False,False,True,False,True,False,False,False,False,True,False,False,False,False,False,True,False,False,True,False,False,True,False,False,False,False,False,False,False,False,False,True,True,False,False,False,False,False,False,False,False,True,False,False,False,False,True,False,True,False,False,False,False,False,False,True,False,False,True,False,False,True,False,False,False,False,False,False,True,False,False,False,False,False,True,False,False,False,False,True,False,True,False,False,True,False,False,False,True,True,False,False,False,False,False,False,False,False,False,False,True,False,False,False,True,False,0.33210440074906367,1.476924920067989,-0.0626262626262637,0.2553191489361702,0.2083333333333333,2025.0707070707072,False,False,False,False,False,True,False,False,True,False
0.8831615120274915,0.3,0.21276595744680848,0.22523540489642185,0.5,0.6666666666666667,0.29292929292929415,0.0,0.0,0.0,0.0,0.4564072557050907,0.2865497076023392,0.24775928297055055,0.43513713862120085,0.0,0.45599250936329594,0.0,0.0,0.0,0.0,1.0,0.0,0.42857142857142855,0.5,0.2604166666666643,0.0,0.15957446808510636,0.11138613861386139,0.0,0.0,0.0,0.0,0.0,0.0,0.36363636363636365,0.75,0.24999999999999997,False,False,False,True,True,True,False,False,False,True,False,False,True,False,False,False,False,True,False,False,False,False,True,False,False,False,False,False,False,False,False,False,False,False,False,False,False,False,False,False,False,False,False,False,False,True,False,False,False,False,False,False,False,True,False,False,False,False,False,False,False,False,False,False,False,False,False,False,False,False,True,False,False,False,False,True,False,False,False,False,False,False,False,False,False,False,False,False,False,True,False,False,False,False,False,False,False,False,False,False,False,False,False,True,False,False,False,False,False,False,False,False,True,False,False,False,True,True,False,False,False,True,False,False,False,False,False,False,False,True,False,False,False,True,False,False,True,False,False,False,False,False,False,True,False,False,False,False,False,True,True,False,False,False,False,False,False,False,False,True,True,False,False,False,False,False,False,True,False,False,False,False,False,True,False,True,False,False,False,False,False,False,False,True,False,False,False,True,False,False,False,False,True,False,False,False,False,True,False,True,False,False,True,False,False,False,True,True,False,False,False,False,False,False,False,False,False,False,True,False,False,False,True,False,0.22799625468164797,0.5343089905728897,-0.29292929292929415,0.0,0.33333333333333337,2025.7070707070707,False,False,False,False,True,False,False,False,False,False
0.8852233676975946,1.0,0.10638297872340424,0.199924670433145,0.75,0.33333333333333326,0.9090909090909101,0.8333333333333357,0.0,0.7152563310685609,0.0,0.20070216500877708,0.708187134502924,0.7816901408450705,0.0,0.0,0.5716292134831461,0.5,0.0,0.5,0.0,0.3333333333333333,0.0,0.28571428571428564,0.5,0.8958333333333321,0.5,0.45079787234042556,0.5247524752475248,0.3641975308641975,0.0,0.0,0.0,0.0,0.0,0.8181818181818182,0.75,0.7517241379310344,False,False,True,False,True,True,False,False,False,False,False,False,True,False,False,False,False,True,False,False,False,False,False,False,False,False,False,False,False,False,False,False,False,False,False,False,False,False,False,False,False,True,False,False,False,True,False,False,False,False,False,False,False,True,False,False,False,False,False,False,False,False,True,False,True,False,False,False,False,False,True,False,False,False,False,True,False,False,False,False,False,False,False,False,False,False,True,False,False,False,False,False,False,False,False,False,False,False,False,False,True,False,False,False,False,False,False,False,False,False,False,False,True,False,False,True,False,False,False,False,True,False,True,False,False,False,False,True,False,False,False,False,False,True,False,False,True,False,False,True,False,False,False,False,False,False,False,False,False,True,True,False,False,False,False,False,False,False,False,True,False,False,False,False,True,False,False,False,False,False,False,False,False,True,False,False,False,False,False,True,False,False,False,False,False,False,False,False,False,False,False,False,True,False,False,False,False,True,False,True,False,False,True,False,False,False,True,True,False,False,False,False,False,False,False,False,False,False,True,False,False,False,True,False,0.4287219101123596,1.4898772753479945,-0.07575757575757436,0.22539893617021278,0.24999999999999994,2025.090909090909,False,False,False,False,False,True,False,False,False,False
0.8893470790378007,0.0,0.3191489361702128,0.38885122410546136,0.375,0.9999999999999998,0.45454545454545325,0.6666666666666643,0.0,0.10315009264978382,0.0,0.40784084259801057,0.33567251461988307,0.27272727272727276,0.0,0.0,0.199438202247191,0.5,0.0,0.0,0.0,0.3333333333333333,0.0,0.28571428571428564,0.0,0.4479166666666643,0.5,0.5478723404255319,0.0,0.0,0.0,0.0,0.0,0.0,0.0,0.2727272727272727,0.0,0.18965517241379307,False,False,True,False,True,True,False,False,False,True,False,False,True,False,False,False,False,True,False,False,False,False,False,False,False,False,True,False,False,False,False,False,False,False,False,False,False,False,False,False,False,False,False,False,False,True,False,False,False,False,False,False,False,True,False,False,False,False,False,False,False,False,False,False,True,False,False,False,False,False,False,False,True,False,False,True,False,False,False,False,False,False,False,False,False,False,False,False,False,False,False,False,False,False,False,True,False,False,False,False,False,False,False,False,False,True,False,False,False,False,False,False,True,False,False,False,True,False,False,False,True,True,False,False,False,False,False,False,False,True,False,False,False,True,False,False,True,False,False,False,False,False,True,False,False,False,False,False,False,True,True,False,False,False,False,False,False,False,True,True,False,False,False,False,True,False,False,True,False,False,False,False,False,True,False,False,True,False,False,False,False,False,False,True,False,False,False,True,False,False,False,False,True,False,False,False,False,True,False,False,False,False,True,False,False,False,True,True,False,False,False,False,False,False,False,False,False,False,True,False,False,False,True,False,0.07478932584269662,0.6083997873471558,0.21212121212121104,0.27393617021276595,0.3749999999999999,2025.5454545454545,False,False,False,False,False,False,False,True,False,False
0.8900343642611684,0.0,0.42553191489361697,0.4060263653483992,0.375,0.33333333333333326,0.5858585858585847,0.29999999999999716,0.3971631205673759,0.6275478690549723,0.0,0.021064950263311878,0.4456140350877193,0.3930857874519846,0.0,0.0,0.28745318352059923,0.5,0.0,0.0,1.0,0.6666666666666667,0.0,0.28571428571428564,0.0,0.5625,0.0,0.1702127659574468,0.8811881188118812,0.0,0.0,0.0,0.0,0.0,0.0,0.9090909090909091,0.0,0.27068965517241383,False,False,True,False,True,True,False,False,False,True,False,False,True,False,False,False,False,True,False,False,False,False,False,False,False,False,False,False,False,False,False,True,False,False,False,False,False,False,False,False,False,False,False,False,True,False,False,False,False,False,False,False,False,True,False,False,False,False,False,False,False,False,False,False,True,False,False,False,False,False,False,False,True,False,False,True,False,False,False,False,False,False,False,False,False,False,False,True,False,False,False,False,False,False,False,False,False,False,False,False,False,True,False,False,False,False,False,False,False,False,False,True,False,False,False,False,True,False,False,False,True,True,False,False,False,False,False,False,False,True,False,False,False,True,False,False,False,False,True,False,False,False,False,False,False,False,False,False,False,True,True,False,False,False,False,False,True,False,False,True,False,False,False,False,True,False,False,True,False,False,False,False,False,True,False,False,True,False,False,True,False,False,False,False,False,False,True,False,False,False,False,False,True,False,False,False,False,True,False,True,False,False,True,True,False,False,False,True,False,False,False,False,False,False,False,False,False,False,True,False,False,False,True,False,0.10779494382022471,0.8386998225397039,-0.2858585858585876,0.0,0.12499999999999997,2025.4141414141413,False,False,False,False,False,False,False,True,False,False
0.8948453608247423,0.39999999999999997,0.6595744680851063,0.535593220338983,0.75,0.33333333333333326,0.8484848484848477,0.7333333333333343,0.9243498817966903,0.4570722668313774,0.0,0.248683440608543,0.5116959064327486,0.4897567221510883,0.9807264640474425,0.0,0.9775280898876405,0.5,0.0,0.5,1.0,1.0,0.0,0.7142857142857142,0.5,0.8333333333333321,1.0,0.9095744680851064,0.7648514851485149,0.48148148148148145,0.0,0.0,0.0,0.0,0.0,0.9999999999999999,0.0,0.7931034482758621,False,False,True,False,True,True,False,False,False,True,False,False,True,False,False,False,False,True,False,False,False,False,False,False,False,False,False,False,False,False,False,False,False,False,True,False,False,False,False,False,False,False,False,False,False,True,False,False,False,False,False,False,False,True,False,False,False,False,False,False,False,False,False,False,False,False,False,True,False,False,False,False,True,False,False,True,False,False,False,False,False,False,False,False,False,False,False,False,False,False,False,False,False,True,False,False,False,False,False,False,False,False,False,False,False,False,False,False,True,False,False,True,False,False,False,True,False,False,False,False,True,False,True,False,False,False,False,True,False,False,False,False,False,True,False,False,True,False,False,True,False,False,False,False,False,False,False,False,False,True,True,False,False,False,False,False,False,False,False,True,False,False,False,False,True,False,True,False,False,False,False,False,False,True,False,False,False,False,True,True,False,False,False,False,False,False,True,False,False,False,False,False,True,False,False,False,False,True,False,True,False,False,True,False,False,False,True,True,False,False,False,False,False,False,False,False,False,False,True,False,False,False,True,False,0.7331460674157304,1.001452628583837,-0.11515151515151345,0.9095744680851064,0.24999999999999994,2025.1515151515152,False,False,False,False,False,False,True,False,True,False
0.89553264604811,0.0,0.45744680851063824,0.4277212806026366,0.625,0.33333333333333326,0.9595959595959584,0.9166666666666643,0.5390070921985816,0.0,0.0,0.9455822118197776,0.775438596491228,0.7541613316261204,0.0,0.0,0.5514981273408239,0.0,0.0,0.5,0.0,0.6666666666666667,0.0,0.5714285714285714,0.0,0.9479166666666643,1.0,0.8962765957446809,0.5148514851485149,0.3641975308641975,0.0,0.0,0.0,0.0,0.0,0.2727272727272727,0.0,0.593103448275862,False,False,True,False,True,True,False,False,False,True,False,False,True,False,False,False,False,True,False,False,False,False,False,False,False,False,False,False,False,False,False,False,False,False,False,False,False,False,False,False,True,False,False,False,False,True,False,False,False,False,False,False,False,True,False,False,False,False,False,False,False,False,False,False,True,False,False,False,False,False,True,False,False,False,False,True,False,False,False,False,False,False,False,False,False,False,False,False,False,False,False,False,False,True,False,False,False,False,False,False,False,False,False,False,False,False,False,False,True,False,False,True,False,False,False,True,False,False,False,False,True,False,True,False,False,False,False,True,False,False,False,False,False,True,False,False,False,False,False,False,False,False,False,True,False,False,False,False,False,True,True,False,False,False,False,False,False,False,False,True,False,False,False,False,True,False,True,False,False,False,False,False,False,True,False,False,True,False,False,True,False,False,False,False,False,False,True,False,False,False,False,False,True,False,False,False,False,True,False,True,False,False,True,False,False,False,True,True,False,False,False,False,False,False,False,False,False,False,True,False,False,False,True,False,0.34468632958801493,1.5295999281173485,-0.04292929292929415,0.8962765957446809,0.2083333333333333,2025.0404040404042,False,False,False,False,False,True,False,True,False,False
0.8969072164948454,0.0,0.8297872340425531,0.7655743879472693,0.875,0.33333333333333326,0.9696969696969688,0.9500000000000028,0.7092198581560284,0.9709697344039532,0.0,0.046811000585137506,0.7964912280701755,0.7772087067861717,0.0,0.0,0.5683520599250936,0.5,0.0,0.5,0.0,0.3333333333333333,0.0,0.42857142857142855,1.0,0.9583333333333321,0.5,0.9042553191489361,1.0,0.6296296296296295,0.0,0.0,0.0,0.0,0.0,0.9090909090909091,0.75,0.9137931034482758,False,False,True,False,True,True,False,False,False,False,False,False,True,False,False,False,False,False,False,False,False,False,False,False,False,False,False,False,False,False,False,False,False,False,False,True,False,False,False,False,False,False,False,False,False,True,False,False,False,False,False,False,False,True,False,False,False,False,False,False,False,False,False,False,True,False,False,False,False,False,False,False,True,False,False,True,False,False,False,False,False,False,False,False,False,False,False,False,False,False,False,False,False,True,False,False,False,False,False,False,False,False,False,False,False,False,False,False,True,False,False,False,False,True,False,True,False,False,False,False,True,False,True,False,False,False,False,False,False,False,False,False,False,True,False,False,True,False,False,True,False,False,False,False,False,False,False,False,False,True,True,False,False,False,False,False,False,False,False,True,False,False,False,False,True,False,False,False,False,False,False,False,False,True,False,False,False,False,False,True,False,False,False,False,False,False,False,False,False,False,False,False,True,False,False,False,False,True,False,True,False,False,True,False,False,False,True,True,False,False,False,False,False,False,False,False,False,False,True,False,False,False,True,False,0.4973080524344569,1.5736999348563472,-0.019696969696965994,0.45212765957446804,0.29166666666666663,2025.030303030303,False,False,False,False,False,True,False,False,False,True
0.8975945017182131,1.0,0.1914893617021276,0.29717514124293787,0.625,0.33333333333333326,0.9595959595959584,0.93333333333333,0.2222222222222222,0.0,0.0,0.8004681100058514,0.6304093567251463,0.5953905249679898,0.0,0.0,0.4353932584269663,0.0,0.0,0.5,0.0,0.3333333333333333,0.0,0.42857142857142855,0.5,0.9479166666666643,0.5,0.41755319148936176,0.32673267326732675,0.21604938271604937,0.0,0.0,0.0,0.0,0.0,0.7272727272727273,0.0,0.4913793103448276,False,False,True,False,True,True,False,False,False,False,False,False,True,False,False,False,False,True,False,False,False,False,False,False,False,False,False,False,False,False,False,False,False,False,False,True,False,False,False,False,False,False,False,False,False,True,False,False,False,False,False,False,False,True,False,False,False,False,False,False,False,False,True,False,True,False,False,False,False,False,True,False,False,False,False,True,False,False,False,False,False,False,False,False,False,False,False,False,False,False,False,False,False,True,False,False,False,False,False,False,False,False,False,False,False,False,False,False,True,False,False,False,False,True,False,True,False,False,False,False,True,False,True,False,False,False,False,True,False,False,False,False,False,True,False,False,True,False,False,False,False,False,False,True,False,False,False,False,False,True,True,False,False,False,False,False,False,False,False,True,False,False,False,False,True,False,True,False,False,False,False,False,False,True,False,True,False,False,False,True,False,False,False,False,False,False,True,False,False,False,False,False,True,False,False,False,False,True,False,True,False,False,True,False,False,False,True,True,False,False,False,False,False,False,False,False,True,False,False,False,False,False,False,True,0.27212078651685395,1.2257998816931361,-0.02626262626262843,0.20877659574468088,0.2083333333333333,2025.0404040404042,False,False,False,False,True,False,False,False,False,False
0.8982817869415808,0.0,0.3191489361702128,0.38131826741996233,0.375,0.33333333333333326,0.8484848484848477,0.75,0.0,0.46077825818406426,0.0,0.1427735517846694,0.40935672514619886,0.35339308578745193,0.0,0.0,0.25842696629213485,0.5,0.0,0.0,0.0,0.6666666666666667,0.0,0.28571428571428564,0.0,0.8958333333333321,0.5,0.4255319148936171,0.0,0.3950617283950617,0.0,0.0,0.0,0.0,0.0,0.36363636363636365,0.75,0.2689655172413793,False,False,True,False,True,True,False,False,False,True,False,False,True,False,False,False,False,True,False,False,False,False,False,False,True,False,False,False,False,False,False,False,False,False,False,False,False,False,False,False,False,False,False,False,False,True,False,False,False,False,False,False,False,True,False,False,False,False,False,False,False,False,False,False,True,False,False,False,False,False,True,False,False,False,False,True,False,False,False,False,False,False,False,False,False,False,False,False,False,False,False,False,False,True,False,False,False,False,False,False,False,False,False,False,False,False,False,False,True,False,False,False,True,False,False,False,True,False,True,False,False,False,True,False,False,False,False,True,False,False,True,False,False,False,False,False,True,False,False,False,False,False,False,False,False,False,False,False,False,True,True,False,False,False,False,False,False,False,False,True,False,False,False,False,True,False,False,True,False,False,False,False,False,True,False,False,True,False,False,False,False,False,False,True,False,False,False,True,False,False,False,False,True,False,False,False,False,True,False,True,False,False,True,False,False,False,True,True,False,False,False,False,False,False,False,False,False,False,True,False,False,False,True,False,0.09691011235955058,0.7627498109336508,-0.09848484848484773,0.21276595744680854,0.12499999999999997,2025.1515151515152,False,False,False,False,False,False,False,True,False,False
0.9010309278350516,0.0,0.4042553191489361,0.43721280602636536,0.625,0.33333333333333326,0.9595959595959584,0.9500000000000028,0.18912529550827423,0.5713403335392218,0.0,0.20421299005266239,0.5754385964912281,0.5352112676056338,0.0,0.0,0.39138576779026213,0.5,0.0,0.5,0.0,0.6666666666666667,0.0,0.42857142857142855,0.0,0.9479166666666643,0.5,0.4627659574468085,0.6534653465346535,0.6049382716049383,0.0,0.0,0.0,0.0,0.0,0.0,0.25,0.49310344827586206,False,False,True,False,True,True,False,False,False,True,False,False,True,False,False,False,False,True,False,False,False,False,False,False,True,False,False,False,False,False,False,False,False,False,False,False,False,False,False,False,False,False,False,False,False,True,False,False,False,False,False,False,False,True,False,False,False,False,False,False,False,False,False,False,True,False,False,False,False,False,True,False,False,False,False,True,False,False,False,False,False,False,False,False,False,False,False,False,False,False,False,False,False,True,False,False,False,False,False,False,False,False,False,False,False,False,False,False,True,False,False,True,False,False,False,True,False,False,False,False,True,False,True,False,False,False,False,True,False,False,False,False,False,True,False,False,True,False,False,True,False,False,False,False,False,False,False,False,False,True,True,False,False,False,False,False,False,False,False,True,False,False,False,False,True,False,True,False,False,False,False,False,False,True,False,False,True,False,False,True,False,False,False,False,False,False,True,False,False,False,False,False,True,False,False,False,False,True,False,True,False,False,True,False,False,False,True,True,False,False,False,False,False,False,False,False,True,False,False,False,False,False,False,True,0.24461610486891383,1.1106498640968618,-0.009595959595955605,0.23138297872340424,0.2083333333333333,2025.0404040404042,False,False,False,False,True,False,False,True,False,False
0.9030927835051548,0.0,0.3191489361702128,0.3902071563088513,0.25,0.6666666666666667,0.4444444444444464,0.06666666666666288,0.0,0.45213094502779494,0.0,0.12638970157987128,0.38479532163742697,0.3265044814340589,0.0,0.0,0.23876404494382025,0.5,0.0,0.0,0.0,0.6666666666666667,0.0,0.28571428571428564,0.5,0.4375,0.0,0.15957446808510636,0.0,0.2222222222222222,0.0,0.0,0.0,0.0,0.0,0.8181818181818182,0.25,0.20344827586206896,False,False,True,False,True,True,False,False,False,True,False,False,True,False,False,False,False,True,False,False,False,False,False,False,False,False,True,False,False,False,False,False,False,False,False,False,False,False,False,False,False,False,False,False,False,True,False,False,False,False,False,False,False,True,False,False,False,False,False,False,False,False,False,False,True,False,False,False,False,False,False,False,True,False,False,True,False,False,False,False,False,False,False,False,False,False,False,False,False,False,False,False,False,False,True,False,False,False,False,False,False,False,False,False,False,False,False,False,False,True,False,False,True,False,False,False,True,False,False,False,True,True,False,False,False,False,False,False,False,True,False,False,False,True,False,False,True,False,False,False,False,False,True,False,False,False,False,False,False,True,True,False,False,False,False,False,False,False,False,True,False,False,False,False,True,False,False,True,False,False,False,False,False,True,False,False,False,False,True,False,False,False,False,True,False,False,False,True,False,False,False,False,True,False,False,False,False,True,False,True,False,False,True,False,False,False,True,True,False,False,False,False,False,False,False,False,False,False,True,False,False,False,True,False,0.05969101123595506,0.7112998030714859,-0.37777777777778354,0.0,0.16666666666666669,2025.5555555555557,False,False,False,False,False,False,False,True,False,False
0.9044673539518902,0.0,0.32978723404255317,0.5435781544256121,0.75,0.33333333333333326,0.9898989898989896,0.9666666666666686,0.6382978723404256,0.0,0.0,0.949093036863663,0.7789473684210526,0.763124199743918,0.0,0.0,0.5580524344569289,0.5,0.0,0.5,0.0,0.6666666666666667,0.0,0.7142857142857142,0.5,0.9791666666666643,1.0,0.9308510638297872,0.42574257425742573,0.25925925925925924,0.0,0.0,0.0,0.0,0.0,0.0,0.75,0.8120448275862069,False,False,True,False,True,True,False,False,False,False,False,False,True,False,False,False,False,True,False,False,False,False,False,False,True,False,False,False,False,False,False,False,False,False,False,False,False,False,False,False,False,False,False,False,False,True,False,False,False,False,False,False,False,True,False,False,False,False,False,False,False,False,False,False,True,False,False,False,False,False,True,False,False,False,False,True,False,False,False,False,False,False,False,False,False,False,False,False,False,False,False,False,False,True,False,False,False,False,False,False,False,False,False,False,False,False,False,False,True,False,False,False,False,True,False,True,False,False,False,False,True,False,True,False,False,False,False,False,False,False,False,False,False,True,True,False,False,False,False,False,False,False,False,True,False,False,False,False,False,True,True,False,False,False,False,False,False,False,False,True,False,False,False,False,True,False,False,False,False,False,False,False,False,True,False,True,False,False,False,True,False,False,False,False,False,False,True,False,False,False,False,False,True,False,False,False,False,True,False,True,False,False,True,False,False,False,True,True,False,False,False,False,False,False,False,False,False,False,True,False,False,False,True,False,0.41853932584269665,1.5420715681649706,-0.02323232323232105,0.9308510638297872,0.24999999999999994,2025.010101010101,False,False,False,False,False,True,False,False,True,False
0.9065292096219932,0.0,0.4787234042553191,0.5427495291902071,0.25,0.33333333333333326,0.4444444444444464,0.06666666666666288,0.3120567375886525,0.3038912909203212,0.0,0.2176711527208894,0.33567251461988307,0.3265044814340589,0.0,0.0,0.23876404494382025,0.0,0.0,0.0,0.0,0.6666666666666667,0.0,0.28571428571428564,0.0,0.4166666666666643,0.0,0.11702127659574466,0.0,0.0,0.0,0.0,0.0,0.0,0.0,0.09090909090909091,0.25,0.17586206896551723,False,False,True,False,True,True,False,False,False,True,False,False,False,False,False,False,False,True,False,False,False,False,False,False,False,False,True,False,False,False,False,False,False,False,False,False,False,False,False,False,False,False,False,False,False,True,False,False,False,False,False,False,False,True,False,False,False,False,False,False,False,False,False,False,True,False,False,False,False,False,False,False,True,False,False,True,False,False,False,False,False,False,False,False,False,False,False,False,False,False,False,False,False,False,True,False,False,False,False,False,False,False,False,False,False,False,False,False,False,True,False,True,False,False,False,False,True,False,False,False,True,False,True,False,False,False,False,False,False,True,False,False,False,True,False,False,True,False,False,False,False,False,False,False,False,False,False,False,False,True,True,False,False,False,False,False,False,False,False,True,False,False,False,False,True,False,False,True,False,False,False,False,False,True,False,False,True,False,False,True,False,False,False,False,False,False,False,True,False,False,False,False,True,False,False,False,False,True,False,True,False,False,True,False,False,False,True,True,False,False,False,False,False,False,False,False,False,False,True,False,False,False,True,False,0.05969101123595506,0.662176996053942,-0.37777777777778354,0.0,0.08333333333333331,2025.5555555555557,False,False,False,False,False,False,False,False,True,False
0.9085910652920963,0.39999999999999997,0.8191489361702128,0.5405649717514124,0.625,0.33333333333333326,0.8282828282828305,0.7000000000000028,0.0,0.41630636195182213,0.0,0.044470450555880635,0.2690058479532164,0.39884763124199746,0.6389918458117123,0.0,0.6952247191011236,0.5,0.0,0.5,1.0,0.6666666666666667,0.0,0.7142857142857142,0.5,0.8125,0.5,0.5372340425531915,0.594059405940594,0.24074074074074073,0.0,0.0,0.0,0.0,0.0,0.4545454545454545,1.0,0.4482758620689655,False,False,True,False,True,True,False,False,False,False,False,False,True,False,False,False,False,True,False,False,False,False,False,False,False,False,False,False,False,False,False,False,False,False,True,False,False,False,False,False,False,False,False,False,False,True,False,False,False,False,False,False,False,True,False,False,False,False,False,False,False,False,False,False,False,False,False,True,False,False,True,False,False,False,False,True,False,False,False,False,False,False,False,False,False,False,False,True,False,False,False,False,False,False,False,False,False,False,False,False,False,True,False,False,False,False,False,False,False,False,False,False,True,False,False,True,False,False,False,False,True,False,True,False,False,False,False,True,False,False,False,False,False,True,False,False,True,False,False,True,False,False,False,False,False,False,False,False,False,True,True,False,False,False,False,False,False,False,False,True,False,False,False,False,True,False,True,False,False,False,False,False,False,True,False,False,False,False,True,True,False,False,False,False,False,False,True,False,False,False,False,False,True,False,False,False,False,True,False,True,False,False,True,False,False,False,True,True,False,False,False,False,False,False,False,False,False,False,True,False,False,False,True,False,0.43451544943820225,0.6678534791952139,-0.12828282828282767,0.26861702127659576,0.2083333333333333,2025.171717171717,False,False,False,False,False,False,True,False,True,False
0.9134020618556702,0.39999999999999997,0.35106382978723405,0.45755178907721283,0.625,0.33333333333333326,0.8888888888888893,0.7999999999999972,0.0,0.0,0.0,0.5471035693387947,0.37719298245614036,0.3309859154929577,0.5018532246108228,0.0,0.5589887640449438,0.0,0.0,0.5,1.0,0.6666666666666667,0.0,0.7142857142857142,0.5,0.875,0.5,0.40159574468085113,0.0,0.1728395061728395,0.0,0.0,0.0,0.0,0.0,0.4545454545454545,0.0,0.40172413793103445,False,False,True,False,True,True,False,False,False,False,False,False,True,False,False,False,False,True,False,False,False,False,False,False,False,False,False,True,False,False,False,False,False,False,False,False,False,False,False,False,False,False,False,False,False,True,False,False,False,False,False,False,False,True,False,False,False,False,False,False,False,False,False,False,False,False,False,True,False,False,False,False,True,False,False,True,False,False,False,False,False,False,False,False,False,False,False,False,False,False,False,False,False,True,False,False,False,False,False,False,False,False,False,False,False,False,False,False,True,False,False,False,True,False,False,False,True,False,False,False,True,False,True,False,False,False,False,True,False,False,False,False,False,True,False,False,True,False,False,False,False,False,False,True,False,False,False,False,False,True,True,False,False,False,False,False,True,False,False,True,False,False,False,False,True,False,False,True,False,False,False,False,False,True,False,False,False,False,True,True,False,False,False,False,False,False,False,False,False,False,False,False,True,False,False,False,False,True,False,True,False,False,True,False,False,False,True,True,False,False,False,False,False,False,False,False,False,False,True,False,False,False,True,False,0.3493679775280899,0.708178897949098,-0.08888888888889213,0.20079787234042556,0.2083333333333333,2025.111111111111,False,False,False,False,False,True,False,False,True,False
0.9140893470790379,0.0,0.5851063829787234,0.5265536723163842,0.75,0.33333333333333326,0.9696969696969688,0.93333333333333,0.9692671394799054,0.0,0.0,0.9291983616149795,0.7590643274853801,0.7362355953905251,0.0,0.0,0.5383895131086143,0.0,0.0,0.5,0.0,0.6666666666666667,0.0,0.5714285714285714,0.5,0.9583333333333321,1.0,0.8843085106382979,0.3564356435643564,0.2777777777777778,0.0,0.0,0.0,0.0,0.0,0.9999999999999999,0.25,0.5758620689655173,False,False,True,False,True,True,False,False,False,True,False,False,True,False,False,False,False,True,False,False,False,False,False,False,False,False,False,False,False,False,False,False,False,False,False,False,False,False,False,False,True,False,False,False,False,True,False,False,False,False,False,False,False,True,False,False,False,False,False,False,False,False,False,False,True,False,False,False,False,False,False,False,True,False,False,True,False,False,False,False,False,False,False,False,False,False,False,False,False,False,False,False,False,True,False,False,False,False,False,False,False,False,False,False,False,False,False,False,True,False,False,False,False,True,False,True,False,False,False,False,True,False,True,False,False,False,False,True,False,False,True,False,False,False,False,False,False,False,False,False,False,False,False,True,False,False,False,False,False,True,True,False,False,False,False,False,False,False,False,True,False,False,False,False,True,False,True,False,False,False,False,False,False,True,False,True,False,False,False,True,False,False,False,False,False,False,True,False,False,False,False,False,True,False,False,False,False,True,False,True,False,False,True,False,False,False,True,True,False,False,False,False,False,False,False,False,False,False,True,False,False,False,True,False,0.4037921348314607,1.4952999228759052,-0.03636363636363882,0.8843085106382979,0.24999999999999994,2025.030303030303,False,False,False,False,False,True,False,False,True,False
0.9147766323024056,0.6000000000000001,0.26595744680851063,0.5853107344632769,0.375,0.33333333333333326,0.6666666666666679,0.43333333333333,0.0,0.29833230389129095,0.0,0.2504388531304857,0.3631578947368422,0.33034571062740076,0.0,0.0,0.24157303370786515,0.0,0.0,0.0,0.0,0.6666666666666667,0.0,0.42857142857142855,0.0,0.6458333333333321,0.5,0.5531914893617021,0.0,0.0,0.0,0.0,0.0,0.0,0.0,0.5454545454545454,0.0,0.24999999999999997,False,False,True,False,True,True,False,False,False,False,False,False,True,False,False,False,False,True,False,False,False,False,False,False,True,False,False,False,False,False,False,False,False,False,False,False,False,False,False,False,False,False,False,False,False,True,False,False,False,False,False,False,False,True,False,False,False,False,False,False,False,False,False,False,False,False,False,False,False,True,True,False,False,False,False,True,False,False,False,False,False,False,False,False,False,False,False,False,False,True,False,False,False,False,False,False,False,False,False,False,False,False,False,True,False,False,False,False,False,False,False,False,True,False,False,False,True,False,False,False,True,True,False,False,False,False,False,False,False,True,False,False,False,True,False,False,False,False,False,False,False,False,False,False,False,False,False,False,False,True,True,False,False,False,False,False,True,False,False,True,False,False,False,False,True,False,False,True,False,False,False,False,False,True,False,False,True,False,False,False,False,False,False,True,False,False,False,True,False,False,False,False,True,False,False,False,False,True,False,True,False,False,True,False,False,False,True,True,False,False,False,False,False,False,False,False,False,False,True,False,False,False,True,False,0.09058988764044942,0.6935036053642429,-0.23333333333333783,0.2765957446808511,0.12499999999999997,2025.3333333333333,False,False,False,False,False,False,False,False,False,True
0.9154639175257733,0.0,0.3936170212765957,0.4419585687382298,0.25,0.6666666666666667,0.28282828282828376,0.13333333333333286,0.0,0.42618900555898703,0.0,0.07372732592159158,0.30760233918128654,0.2419974391805378,0.0,0.0,0.17696629213483145,0.5,0.0,0.0,0.0,0.3333333333333333,0.0,0.0,0.5,0.45833333333333215,0.0,0.1702127659574468,0.0,0.0,0.0,0.0,0.0,0.0,0.0,0.36363636363636365,0.75,0.1379310344827586,False,False,True,False,True,True,False,False,False,True,False,False,True,False,False,False,False,True,True,False,False,False,False,False,False,False,True,False,False,False,False,False,False,False,False,False,False,False,False,False,False,False,False,False,False,True,False,False,False,False,False,False,False,True,False,False,False,False,False,False,False,False,False,False,True,False,False,False,False,False,True,False,False,False,False,True,False,False,False,False,False,False,False,False,False,False,False,False,False,True,False,False,False,False,False,False,False,False,False,False,False,False,False,True,False,False,False,False,False,False,False,False,True,False,False,False,True,False,False,False,True,True,False,False,False,False,False,False,False,True,False,False,False,True,False,True,False,False,False,False,False,False,False,False,False,False,False,False,False,True,True,False,False,False,False,False,False,False,False,True,False,False,False,False,True,False,False,True,False,False,False,False,False,True,False,True,False,False,False,False,False,False,False,True,False,False,False,True,True,False,False,False,False,True,False,False,False,False,False,True,False,False,True,False,False,False,True,True,False,False,False,False,False,False,False,False,False,False,True,False,False,False,True,False,0.04424157303370786,0.5495997783618243,-0.1494949494949509,0.0,0.16666666666666669,2025.7171717171718,False,False,False,False,False,False,False,True,False,False
0.9195876288659794,0.39999999999999997,0.6914893617021277,0.7864406779661016,0.625,0.33333333333333326,0.9292929292929308,0.8666666666666671,0.0,0.43236565781346514,0.0,0.12638970157987128,0.3660818713450293,0.30857874519846346,0.6975537435137138,0.0,0.6661985018726592,0.5,0.0,0.5,1.0,0.6666666666666667,0.0,0.7142857142857142,0.0,0.9166666666666643,0.5,0.4414893617021277,0.3613861386138614,0.5617283950617283,0.0,0.0,0.0,0.0,0.0,0.4545454545454545,0.0,0.48275862068965514,False,False,True,False,True,True,False,False,False,False,False,False,True,False,False,False,False,False,False,False,False,False,False,False,True,False,False,False,False,False,False,False,False,False,False,False,False,False,False,False,False,False,False,False,False,True,False,False,False,False,False,False,False,True,False,False,False,False,False,False,False,False,False,False,False,False,False,True,False,False,True,False,False,False,False,True,False,False,False,False,False,False,False,False,False,False,False,False,False,False,False,False,False,True,False,False,False,False,False,False,False,False,False,False,False,False,False,False,True,False,False,False,True,False,False,True,False,False,False,False,True,False,True,False,False,False,False,True,False,False,False,False,False,True,False,False,True,False,False,True,False,False,False,False,False,False,False,False,False,True,True,False,False,False,False,False,False,False,False,True,False,False,False,False,True,False,True,False,False,False,False,False,False,True,False,False,True,False,False,False,False,True,False,False,False,False,True,False,False,False,False,False,True,False,False,False,False,True,False,True,False,False,True,False,False,False,True,True,False,False,False,False,False,False,False,False,False,False,True,False,False,False,True,False,0.41637406367041196,0.6746606165434927,-0.0626262626262637,0.22074468085106386,0.2083333333333333,2025.0707070707072,False,False,False,False,False,False,True,False,False,True
0.9202749140893471,0.0,0.9574468085106383,0.49340866290018837,0.375,0.9999999999999998,0.6262626262626263,0.36666666666666714,0.0,0.22235948116121063,0.0,0.2949093036863663,0.33567251461988307,0.27272727272727276,0.0,0.0,0.199438202247191,0.0,0.0,0.0,0.0,0.6666666666666667,0.0,0.28571428571428564,0.0,0.6041666666666643,0.0,0.1702127659574468,0.0,0.0,0.0,0.0,0.0,0.0,0.0,0.4545454545454545,0.0,0.23620689655172414,False,False,True,False,True,True,False,False,False,False,False,False,True,False,False,False,False,False,False,False,False,False,False,False,True,False,False,False,False,False,False,False,False,False,False,False,False,False,False,False,False,False,False,False,False,True,False,False,False,False,False,False,False,True,False,False,False,False,False,False,False,False,False,False,True,False,False,False,False,False,False,False,True,False,False,True,False,False,False,False,False,False,False,False,False,False,False,False,False,True,False,False,False,False,False,False,False,False,False,False,False,False,False,True,False,False,False,False,False,False,False,False,True,False,False,False,True,False,True,False,False,True,False,False,False,False,False,False,False,True,False,False,False,True,False,True,False,False,False,False,False,False,True,False,False,False,False,False,False,True,True,False,False,False,False,False,False,False,False,True,False,False,False,False,True,False,False,True,False,False,False,False,False,True,False,False,True,False,False,True,False,False,False,False,False,False,True,False,False,False,False,False,True,False,False,False,False,True,False,True,False,False,True,False,False,False,True,True,False,False,False,False,False,False,False,False,False,False,True,False,False,False,True,False,0.07478932584269662,0.6083997873471558,-0.25959595959595916,0.0,0.3749999999999999,2025.3737373737374,False,False,False,False,False,False,False,False,True,False
0.9216494845360825,0.0,0.3829787234042553,0.8048964218455744,0.5,0.33333333333333326,0.9393939393939412,0.8999999999999986,0.0,0.5027794935145151,0.0,0.17554125219426567,0.48187134502923984,0.43277848911651723,0.0,0.0,0.31647940074906367,0.5,0.0,0.0,0.0,0.6666666666666667,0.0,0.42857142857142855,0.0,0.9375,0.5,0.5531914893617021,0.0,0.48148148148148145,0.0,0.0,0.0,0.0,0.0,0.5454545454545454,0.5,0.3275862068965517,False,False,True,False,True,True,False,False,False,True,False,False,True,False,False,False,False,True,False,False,False,False,False,False,False,False,False,False,False,False,False,False,False,False,False,False,False,False,False,True,False,False,False,False,False,False,False,False,True,False,False,False,False,True,False,False,False,False,False,False,False,False,False,False,True,False,False,False,False,False,True,False,False,False,False,True,False,False,False,False,False,False,False,False,False,False,False,False,False,False,False,False,False,True,False,False,False,False,False,False,False,False,False,False,False,False,False,False,True,False,False,False,True,False,False,False,True,False,False,False,True,False,True,False,False,False,False,True,False,False,False,False,False,True,False,False,True,False,False,True,False,False,False,False,False,False,False,False,False,True,True,False,False,False,False,False,False,False,False,True,False,False,False,False,True,False,True,False,False,False,False,False,False,True,False,False,True,False,False,False,False,False,False,True,False,False,False,True,False,False,False,False,True,False,False,False,False,True,False,True,False,False,True,False,False,False,True,True,False,False,False,False,False,False,False,False,False,False,True,False,False,False,True,False,0.15823970037453183,0.9146498341457571,-0.039393939393942645,0.2765957446808511,0.16666666666666663,2025.060606060606,False,False,False,False,False,False,False,False,False,True
0.9230240549828179,0.3,0.2872340425531914,0.34259887005649714,0.5,0.6666666666666667,0.18181818181818343,0.0,0.0,0.0,0.0,0.5242832065535401,0.35438596491228075,0.469910371318822,0.5492957746478873,0.0,0.6905430711610487,0.0,0.0,0.0,1.0,0.6666666666666667,0.0,0.857142857142857,0.5,0.15625,0.5,0.24202127659574466,0.0,0.0,0.0,0.0,0.0,0.0,0.0,0.1818181818181818,0.75,0.403448275862069,False,False,True,False,True,True,False,False,False,True,False,False,False,False,False,False,False,True,False,False,False,False,False,False,False,True,False,False,False,False,False,False,False,False,False,False,False,False,False,False,False,False,False,False,False,True,False,False,False,False,False,False,False,True,False,False,False,False,False,False,False,False,False,False,False,False,False,False,False,False,True,False,False,False,False,True,False,False,False,False,False,False,False,False,True,False,False,False,False,False,False,False,False,False,False,False,False,False,False,False,False,False,False,False,False,False,True,False,False,False,False,False,True,False,False,False,True,False,False,False,True,False,False,False,False,False,False,False,False,True,False,False,False,True,False,False,True,False,False,False,False,False,False,True,False,False,False,False,False,True,True,False,False,False,False,False,True,False,False,True,False,False,False,False,True,False,False,True,False,False,False,False,False,True,False,False,False,False,True,False,False,False,False,True,False,False,False,True,True,False,False,False,False,True,False,False,False,False,False,True,False,False,True,False,False,False,True,True,False,False,False,False,False,False,False,False,False,False,True,False,False,False,True,False,0.34527153558052437,0.8242963362311028,-0.18181818181818343,0.12101063829787233,0.33333333333333337,2025.8181818181818,False,False,False,False,False,False,True,False,False,False
0.9237113402061856,0.39999999999999997,0.5851063829787234,0.6096421845574388,0.625,0.33333333333333326,0.9696969696969688,0.93333333333333,0.0,0.0,0.0,0.42598010532475133,0.256140350877193,0.18565941101152367,0.5396590066716086,0.0,0.47659176029962547,0.0,0.0,0.5,1.0,0.6666666666666667,0.0,0.7142857142857142,0.5,0.9583333333333321,0.5,0.37234042553191493,0.0,0.0,0.0,0.0,0.0,0.0,0.0,0.5454545454545454,0.25,0.3304655172413793,False,False,True,False,True,True,False,False,False,False,False,False,True,False,False,False,False,False,False,False,False,False,False,False,True,False,False,False,False,False,False,False,False,False,False,False,False,False,False,False,False,False,False,False,False,True,False,False,False,False,False,False,False,True,False,False,False,False,False,False,False,False,False,False,False,False,False,True,False,False,True,False,False,False,False,True,False,False,False,False,False,False,False,False,False,False,False,False,False,False,False,False,False,True,False,False,False,False,False,False,False,False,False,False,False,False,False,False,True,False,False,False,True,False,False,True,False,False,False,False,True,False,True,False,False,False,False,True,False,False,False,False,False,True,False,False,True,False,False,False,False,False,False,True,False,False,False,False,False,True,True,False,False,False,False,False,False,False,False,True,False,False,False,False,True,False,True,False,False,False,False,False,False,True,False,False,False,False,True,True,False,False,False,False,False,False,False,False,False,False,False,False,True,False,False,False,False,True,False,True,False,False,True,False,False,False,True,True,False,False,False,False,False,False,False,False,True,False,False,False,False,False,False,True,0.2978698501872659,0.44179976188871667,-0.03636363636363882,0.18617021276595747,0.2083333333333333,2025.030303030303,False,False,False,False,True,False,False,False,False,True
0.9257731958762887,0.0,0.6702127659574467,0.9262523540489641,0.75,0.33333333333333326,0.9696969696969688,0.9500000000000028,0.2364066193853428,0.04941321803582459,0.0,0.9666471620830895,0.8432748538011696,0.856594110115237,0.0,0.0,0.6264044943820225,0.5,0.0,0.5,0.0,0.6666666666666667,0.0,0.5714285714285714,0.5,0.9583333333333321,1.0,0.7340425531914894,0.0,0.0,0.0,0.0,0.0,0.0,0.0,0.36363636363636365,0.25,0.7705620689655173,False,False,True,False,True,True,False,False,False,False,True,False,False,False,False,False,False,False,False,False,False,False,False,False,False,False,False,False,False,False,False,False,False,False,False,False,False,False,False,False,False,False,True,False,False,True,False,False,False,False,False,False,False,True,False,False,False,False,False,False,False,False,False,False,True,False,False,False,False,False,True,False,False,False,False,True,False,False,False,False,False,False,False,False,False,False,False,False,False,False,False,False,False,True,False,False,False,False,False,False,False,False,False,False,False,False,False,False,True,False,False,False,False,True,False,True,False,False,False,False,True,False,True,False,False,False,False,False,False,False,False,False,False,True,True,False,False,False,False,True,False,False,False,False,False,False,False,False,False,True,True,False,False,False,False,False,False,False,False,True,False,False,False,False,True,False,True,False,False,False,False,False,False,True,False,True,False,False,False,True,False,False,False,False,False,False,False,False,False,False,False,False,True,False,False,False,False,True,False,True,False,False,True,False,False,False,True,True,False,False,False,False,False,False,False,False,True,False,False,False,False,False,False,True,0.4698033707865169,1.6998689639164066,-0.019696969696965994,0.7340425531914894,0.24999999999999994,2025.030303030303,False,False,False,False,False,False,True,False,False,True
0.9312714776632303,0.6000000000000001,0.7659574468085105,0.5410169491525424,0.625,0.6666666666666667,0.5858585858585847,0.7000000000000028,0.3380614657210402,0.0,0.0,0.33352837916910477,0.16374269005847952,0.5019206145966708,0.5174203113417346,0.0,0.6938202247191011,0.0,0.0,1.0,0.0,1.0,0.0,0.7142857142857142,0.5,0.5625,0.5,0.43484042553191493,0.0,0.6049382716049383,0.0,0.0,0.0,0.0,0.0,0.7272727272727273,0.0,0.3793103448275862,False,False,True,False,True,True,False,False,False,False,False,False,True,False,False,False,False,True,False,False,False,False,False,False,False,False,False,False,False,False,False,False,False,True,False,False,False,False,False,False,False,False,False,False,False,True,False,False,False,False,False,False,False,True,False,False,False,False,False,False,False,False,False,False,False,False,False,False,False,True,True,False,False,False,False,True,False,False,False,False,False,False,False,False,False,False,False,False,False,True,False,False,False,False,False,False,False,False,False,False,False,False,False,True,False,False,False,False,False,False,False,True,False,False,False,False,True,False,False,False,True,True,False,False,False,False,False,False,False,True,False,False,False,True,False,False,True,False,False,False,False,False,False,True,False,False,False,False,False,True,True,False,False,False,False,False,True,False,False,True,False,False,False,False,True,False,True,False,False,False,False,False,False,True,False,False,False,False,True,True,False,False,False,False,False,False,True,False,False,False,False,False,True,False,False,False,False,True,False,True,False,False,True,False,False,False,False,True,False,False,False,False,False,False,False,False,False,False,True,False,False,False,True,False,0.4336376404494382,0.6656633046551503,0.1141414141414181,0.21742021276595747,0.41666666666666674,2025.4141414141413,False,False,False,False,False,False,True,False,True,False
0.9353951890034365,0.0,0.9999999999999999,0.9904331450094163,0.625,0.33333333333333326,0.9595959595959584,0.9166666666666643,0.037825059101654845,0.7869054972205065,0.0,0.14979520187244003,0.7251461988304093,0.6991037131882203,0.0,0.0,0.5112359550561798,0.5,0.0,0.5,0.0,0.6666666666666667,0.0,0.5714285714285714,0.5,0.9479166666666643,0.5,0.35904255319148937,0.4158415841584158,0.2222222222222222,0.0,0.0,0.0,0.0,0.0,0.4545454545454545,0.75,0.6896551724137931,False,False,True,False,True,True,False,False,False,False,False,True,False,False,False,False,False,True,True,False,False,False,False,False,False,False,False,False,False,False,False,False,False,False,False,False,False,False,False,False,False,True,False,False,False,True,False,False,False,False,False,False,False,True,False,False,False,False,False,False,False,False,False,False,True,False,False,False,False,False,False,False,True,False,False,True,False,False,False,False,False,False,False,False,False,False,False,False,False,False,False,False,False,True,False,False,False,False,False,False,False,False,False,False,False,False,False,False,True,False,False,False,False,True,False,True,False,False,False,False,True,False,True,False,False,False,False,False,False,False,False,False,False,True,False,False,False,False,False,False,False,False,False,False,False,False,False,False,False,True,True,False,False,False,False,False,False,False,False,True,False,False,False,False,True,False,True,False,False,False,False,False,False,True,False,True,False,False,False,True,False,False,False,False,False,False,False,False,False,False,False,False,True,False,False,False,False,True,False,True,False,False,True,False,False,False,True,True,False,False,False,False,False,False,False,False,False,False,True,False,False,False,True,False,0.3195224719101124,1.4242499120186296,-0.04292929292929415,0.17952127659574468,0.2083333333333333,2025.0404040404042,False,False,False,False,False,True,False,False,False,True
0.9367697594501719,0.39999999999999997,0.45744680851063824,0.41348399246704337,0.5,0.33333333333333326,0.9696969696969688,0.9500000000000028,0.0,0.0,0.0,0.3604447045055588,0.19064327485380117,0.11395646606914211,0.5900667160859896,0.0,0.45599250936329594,0.0,0.0,0.5,1.0,0.6666666666666667,0.0,0.42857142857142855,0.5,0.96875,0.5,0.36170212765957444,0.0,0.2222222222222222,0.0,0.0,0.0,0.0,0.0,0.1818181818181818,0.25,0.33424827586206896,False,False,True,False,True,True,False,False,False,False,False,False,True,False,False,False,False,True,False,False,False,False,False,False,False,False,False,True,False,False,False,False,False,False,False,False,False,False,False,False,False,False,False,False,False,True,False,False,False,False,False,False,False,True,False,False,False,False,False,False,False,False,False,False,False,False,False,True,False,False,True,False,False,False,False,True,False,False,False,False,False,False,False,False,False,False,False,False,False,False,False,False,False,True,False,False,False,False,False,False,False,False,False,False,False,False,False,False,True,False,False,False,True,False,False,False,True,False,False,False,True,False,True,False,False,False,False,True,False,False,False,False,False,True,False,False,True,False,False,False,False,False,False,True,False,False,False,False,False,True,True,False,False,False,False,False,False,False,False,True,False,False,False,False,True,False,True,False,False,False,False,False,False,True,False,True,False,False,False,False,False,True,False,False,False,False,False,False,False,False,False,False,True,False,False,False,False,True,False,True,False,False,True,False,False,False,True,True,False,False,False,False,False,False,False,False,True,False,False,False,False,False,False,True,0.22799625468164797,0.3045997409229433,-0.019696969696965994,0.18085106382978722,0.16666666666666663,2025.030303030303,False,False,False,False,True,False,False,True,False,False
0.938831615120275,0.39999999999999997,0.4042553191489361,0.4647080979284369,0.625,0.33333333333333326,0.8989898989898997,0.8166666666666629,0.3735224586288416,0.39098208770846204,0.0,0.1404330017554125,0.3409356725146199,0.2842509603072983,0.6730911786508524,0.0,0.6329588014981273,0.5,0.0,0.5,1.0,0.6666666666666667,0.0,0.5714285714285714,0.0,0.8854166666666643,0.5,0.5691489361702128,0.0,0.5432098765432098,0.0,0.0,0.0,0.0,0.0,0.4545454545454545,0.5,0.45862068965517244,False,False,True,False,True,True,False,False,False,False,False,False,True,False,False,False,False,True,False,False,False,False,False,False,True,False,False,False,False,False,False,False,False,False,False,False,False,False,False,False,False,False,False,False,False,True,False,False,False,False,False,False,False,True,False,False,False,False,False,False,False,False,False,False,False,False,False,True,False,False,True,False,False,False,False,True,False,False,False,False,False,False,False,False,False,False,False,False,False,False,False,False,False,True,False,False,False,False,False,False,False,False,False,False,False,False,False,False,True,False,False,True,False,False,False,True,False,False,False,False,True,False,True,False,False,False,False,True,False,False,False,False,False,True,False,False,True,False,False,True,False,False,False,False,False,False,False,False,False,True,True,False,False,False,False,False,False,False,False,True,False,False,False,False,True,False,True,False,False,False,False,False,False,True,False,False,True,False,False,True,False,False,False,False,False,False,True,False,False,False,False,False,True,False,False,False,False,True,False,True,False,False,True,False,False,False,True,True,False,False,False,False,False,False,False,False,False,False,True,False,False,False,False,False,0.3955992509363296,0.6251866328219182,-0.0823232323232368,0.2845744680851064,0.2083333333333333,2025.1010101010102,False,False,False,False,False,False,True,False,True,False
0.9450171821305843,0.0,0.6276595744680851,0.6012052730696799,0.75,0.33333333333333326,0.9797979797979792,0.9500000000000028,0.18912529550827423,0.0,0.0,0.9192510239906378,0.749122807017544,0.7253521126760563,0.0,0.0,0.5304307116104869,0.0,0.0,0.5,0.0,0.6666666666666667,0.0,0.5714285714285714,0.5,0.96875,1.0,0.7473404255319149,0.24752475247524752,0.2222222222222222,0.0,0.0,0.0,0.0,0.0,0.9999999999999999,0.25,0.6172413793103448,False,False,True,False,True,True,False,False,False,False,True,False,False,False,False,False,False,True,False,False,False,False,False,False,False,False,False,False,False,False,False,False,False,False,False,False,False,False,False,False,False,False,True,False,False,True,False,False,False,False,False,False,False,True,False,False,False,False,False,False,False,False,False,False,True,False,False,False,False,False,True,False,False,False,False,True,False,False,False,False,False,False,False,False,False,False,False,False,False,False,False,False,False,True,False,False,False,False,False,False,False,False,False,False,False,False,False,False,True,False,False,True,False,False,False,True,False,False,False,False,True,False,True,False,False,False,False,True,False,False,False,False,False,True,True,False,False,False,False,False,False,False,False,True,False,False,False,False,False,True,True,False,False,False,False,False,False,False,False,True,False,False,False,False,True,False,True,False,False,False,False,False,False,True,False,True,False,False,False,True,False,False,False,False,False,False,False,False,False,False,False,False,True,False,False,False,False,True,False,True,False,False,True,False,False,False,True,True,False,False,False,False,False,False,False,False,True,False,False,False,False,False,False,True,0.3978230337078652,1.4744749196936002,-0.02979797979797638,0.7473404255319149,0.24999999999999994,2025.020202020202,False,False,False,False,False,True,False,False,False,True
0.945704467353952,0.09999999999999998,0.23404255319148937,0.2472316384180791,0.5,0.33333333333333326,0.2020202020202042,0.0,0.0,0.237183446571958,0.0,0.22469280280866005,0.2795321637426901,0.22535211267605632,0.0,0.0,0.16479400749063672,0.0,0.0,0.0,0.0,0.3333333333333333,0.0,0.14285714285714285,0.0,0.11458333333333215,0.0,0.0,0.0,0.8703703703703703,0.0,0.0,0.0,0.0,0.0,0.2727272727272727,0.5,0.10689655172413795,False,False,True,False,True,True,False,False,False,True,False,False,False,False,False,False,False,True,False,False,False,False,False,False,False,False,False,False,False,False,False,False,False,False,False,False,False,True,False,False,False,False,False,False,False,True,False,False,False,False,False,False,False,True,False,False,False,False,False,False,False,False,False,False,True,False,False,False,False,False,True,False,False,False,False,True,False,False,False,False,False,False,False,False,False,False,False,False,False,False,False,False,False,False,True,False,False,False,False,False,False,False,False,False,False,False,False,False,False,True,False,False,True,False,False,False,True,False,False,False,True,False,False,False,False,False,False,True,False,False,False,False,False,True,False,True,False,False,False,False,False,False,True,False,False,False,False,False,False,True,True,False,False,False,False,False,False,False,True,False,False,False,False,False,True,False,False,True,False,False,False,False,False,True,False,False,True,False,False,False,False,False,False,True,False,False,False,True,True,False,False,False,False,False,False,False,False,True,False,True,False,False,True,False,False,False,True,True,False,False,False,False,False,False,False,False,False,False,True,False,False,False,True,False,0.08239700374531836,0.5048842764187464,-0.2020202020202042,0.0,0.16666666666666663,2025.79797979798,False,False,False,False,False,False,False,False,False,False
0.9477663230240551,0.6000000000000001,0.45744680851063824,0.5065913370998116,0.375,0.33333333333333326,0.9696969696969688,0.9500000000000028,0.0,0.0,0.0,0.22469280280866005,0.05497076023391814,0.20230473751600514,0.4744255003706449,0.0,0.44756554307116103,0.0,0.0,0.5,1.0,0.6666666666666667,0.0,0.5714285714285714,0.0,0.96875,0.5,0.3191489361702128,0.24752475247524752,0.0,0.0,0.0,0.0,0.0,0.0,0.36363636363636365,0.5,0.3706896551724138,False,False,True,False,True,True,False,False,False,True,False,False,True,False,False,False,False,True,False,False,False,False,False,False,False,False,False,False,False,False,False,False,False,False,False,False,False,False,False,False,False,False,True,False,False,True,False,False,False,False,False,False,False,True,False,False,False,False,False,False,False,False,False,False,False,False,False,False,False,True,True,False,False,False,False,True,False,False,False,False,False,False,False,False,False,False,False,False,False,False,False,False,False,True,False,False,False,False,False,False,False,False,False,False,False,False,False,False,True,False,False,False,True,False,False,False,True,False,False,False,True,False,True,False,False,False,False,True,False,False,False,False,False,True,False,False,True,False,False,False,False,False,False,True,False,False,False,False,False,True,True,False,False,False,False,False,True,False,False,True,False,False,False,True,False,False,True,False,False,False,False,False,False,True,False,False,True,False,False,False,False,True,False,False,False,False,False,False,False,False,False,False,True,False,False,False,False,True,False,True,False,False,True,False,False,False,True,True,False,False,False,False,False,False,False,False,False,False,True,False,False,False,True,False,0.1678370786516854,0.2572754977499233,-0.019696969696965994,0.1595744680851064,0.12499999999999997,2025.030303030303,False,False,False,False,True,False,False,False,True,False
0.9512027491408935,0.3,0.3191489361702128,0.455743879472693,0.5,0.33333333333333326,0.29292929292929415,0.0,0.0,0.1260037059913527,0.0,0.20830895260386192,0.15789473684210525,0.16645326504481434,0.4151223128243143,0.0,0.38389513108614237,0.0,0.0,0.0,0.0,0.3333333333333333,0.0,0.42857142857142855,0.0,0.2604166666666643,0.0,0.15957446808510636,0.0,0.0,0.0,0.0,0.0,0.0,0.0,0.8181818181818182,0.75,0.15517241379310345,False,False,True,False,True,True,False,False,False,True,False,False,True,False,False,False,False,True,False,False,False,False,False,False,False,False,True,False,False,False,False,False,False,False,False,False,False,False,False,False,False,False,False,False,False,True,False,False,False,False,False,False,False,True,False,False,False,False,False,False,False,False,False,False,False,False,False,False,False,False,True,False,False,False,False,True,False,False,False,False,False,False,False,False,False,False,False,False,False,False,False,False,False,False,False,True,False,False,False,False,False,False,False,False,False,False,False,False,False,False,True,False,True,False,False,False,True,False,False,False,True,False,False,False,False,False,False,False,False,True,False,False,False,True,False,True,False,False,False,False,False,False,True,False,False,False,False,False,False,True,True,False,False,False,False,False,False,False,True,True,False,False,False,False,True,False,False,True,False,False,False,False,False,True,False,False,True,False,False,False,False,False,False,True,False,False,False,True,False,False,False,False,True,False,False,False,False,True,True,False,False,False,True,False,True,False,False,True,False,False,False,False,False,False,False,False,False,False,True,False,False,False,True,False,0.19194756554307119,0.3243480018869196,-0.29292929292929415,0.0,0.16666666666666663,2025.7070707070707,False,False,False,False,True,False,False,False,True,False
0.9553264604810997,0.0,0.42553191489361697,0.4587570621468926,0.625,0.33333333333333326,0.9090909090909101,0.8333333333333357,0.5768321513002364,0.8647313156269303,0.0,0.07314218841427736,0.7222222222222223,0.6959026888604354,0.0,0.0,0.5088951310861424,0.5,0.0,0.5,0.0,0.6666666666666667,0.0,0.42857142857142855,0.0,0.8958333333333321,0.5,0.5066489361702128,0.5420792079207921,0.2222222222222222,0.0,0.0,0.0,0.0,0.0,0.7272727272727273,0.0,0.603448275862069,False,False,True,False,True,True,False,False,False,True,False,False,True,False,False,False,False,True,False,False,False,False,False,False,True,False,False,False,False,False,False,False,False,False,False,False,False,False,False,False,False,False,False,False,False,True,False,False,False,False,False,False,False,True,False,False,False,False,False,False,False,False,False,False,True,False,False,False,False,False,True,False,False,False,False,True,False,False,False,False,False,False,False,False,False,False,False,False,False,False,False,False,False,True,False,False,False,False,False,False,False,False,False,False,False,False,False,False,True,False,False,True,False,False,False,True,False,False,False,False,True,False,True,False,False,False,False,True,False,False,False,False,False,True,False,False,False,False,False,True,False,False,False,False,False,False,False,False,False,True,True,False,False,False,False,False,False,False,False,True,False,False,False,False,True,False,True,False,False,False,False,False,False,True,False,False,True,False,False,True,False,False,False,False,False,False,True,False,False,False,False,False,True,False,False,False,False,True,False,True,False,False,True,False,False,False,True,True,False,False,False,False,False,False,False,False,False,False,True,False,False,False,True,False,0.31805945692883897,1.4181249110826577,-0.07575757575757436,0.2533244680851064,0.2083333333333333,2025.090909090909,False,False,False,False,False,True,False,False,True,False
0.9567010309278351,0.6499999999999999,0.4042553191489361,0.3636911487758946,0.375,0.33333333333333326,0.5757575757575779,0.28333333333333144,0.0,0.4749845583693638,0.0,0.05558806319485079,0.33567251461988307,0.29577464788732394,0.0,0.0,0.2162921348314607,0.5,0.0,0.0,0.0,0.6666666666666667,0.0,0.42857142857142855,0.5,0.5520833333333321,0.0,0.1702127659574468,0.43316831683168316,0.8888888888888888,0.0,0.0,0.0,0.0,0.0,0.9999999999999999,0.0,0.2172413793103448,False,False,True,False,True,True,False,False,False,True,False,False,True,False,False,False,False,True,False,False,False,False,False,False,False,False,False,False,False,False,False,True,False,False,False,False,False,False,False,False,False,False,False,False,False,True,False,False,False,False,False,False,False,True,False,False,False,False,False,False,False,False,False,False,False,False,False,False,True,False,True,False,False,False,False,True,False,False,False,False,False,False,False,False,False,False,False,True,False,False,False,False,False,False,False,False,False,False,False,False,False,True,False,False,False,False,False,False,False,False,False,False,True,False,False,False,True,False,False,False,True,True,False,False,False,False,False,False,False,True,False,False,False,True,False,False,False,False,False,False,False,False,False,False,False,False,False,False,False,True,True,False,False,False,False,False,False,False,True,True,False,False,False,False,True,False,False,True,False,False,False,False,False,True,False,False,False,True,False,True,False,False,False,False,False,False,True,False,False,False,False,False,True,False,False,False,False,True,False,True,False,False,True,False,False,True,False,True,False,False,False,False,False,False,False,False,False,False,True,False,False,False,True,False,0.08110955056179776,0.631447162507207,-0.29242424242424647,0.0,0.12499999999999997,2025.4242424242425,False,False,False,False,False,False,False,False,False,False
0.9580756013745705,1.0,0.24468085106382975,0.07796610169491525,0.625,0.33333333333333326,0.9696969696969688,0.93333333333333,0.10638297872340426,0.6609017912291538,0.0,0.1673493270918666,0.6233918128654972,0.6798975672215108,0.0,0.0,0.4971910112359551,0.5,0.0,0.5,0.0,0.3333333333333333,0.0,0.42857142857142855,0.5,0.9583333333333321,1.0,0.648936170212766,0.39851485148514854,0.12345679012345678,0.0,0.0,0.0,0.0,0.0,0.8181818181818182,0.0,0.6433724137931035,False,False,True,False,True,True,False,False,False,True,False,False,True,False,False,False,False,True,False,False,False,False,False,False,False,False,False,False,False,False,False,False,False,False,False,False,False,False,False,False,False,False,False,False,False,True,False,False,False,False,False,False,False,True,False,False,False,False,False,False,False,False,True,False,True,False,False,False,False,False,False,False,True,False,False,True,False,False,False,False,False,False,False,False,False,False,False,False,False,False,False,False,False,True,False,False,False,False,False,False,False,False,False,False,False,False,False,False,True,False,False,True,False,False,False,True,False,False,False,False,True,False,True,False,False,False,False,True,False,False,False,False,False,True,False,False,False,False,False,True,False,False,False,False,False,False,False,False,False,True,True,False,False,False,False,False,False,False,False,True,False,False,False,False,True,False,True,False,False,False,False,False,False,True,False,True,False,False,False,True,False,False,False,False,False,False,False,False,False,False,False,False,True,False,False,False,False,True,False,True,False,False,True,False,False,False,True,True,False,False,False,False,False,False,False,False,True,False,False,False,False,False,False,True,0.31074438202247195,1.303289380087008,-0.03636363636363882,0.648936170212766,0.2083333333333333,2025.030303030303,False,False,False,False,False,True,False,False,False,False
0.9587628865979382,0.39999999999999997,0.6170212765957447,0.7273069679849341,0.75,0.33333333333333326,0.9595959595959584,0.93333333333333,0.5791962174940898,0.0,0.0,0.6401404330017554,0.4701754385964913,0.4449423815620998,1.0,0.0,0.956928838951311,0.0,0.0,0.5,1.0,1.0,0.0,0.857142857142857,0.5,0.9479166666666643,1.0,0.6409574468085106,0.3564356435643564,0.24074074074074073,0.0,0.0,0.0,0.0,0.0,0.09090909090909091,0.25,0.7628034482758621,False,False,True,False,True,True,False,False,False,False,False,False,True,False,False,False,False,True,False,False,False,False,False,False,False,False,False,False,False,False,False,False,False,False,False,False,False,False,False,False,False,False,True,False,False,True,False,False,False,False,False,False,False,True,False,False,False,False,False,False,False,False,False,False,False,False,False,True,False,False,False,False,True,False,False,True,False,False,False,False,False,False,False,False,False,False,False,False,False,False,False,False,False,True,False,False,False,False,False,False,False,False,False,False,False,False,False,False,True,False,False,True,False,False,False,True,False,False,False,False,True,False,True,False,False,False,False,True,False,False,True,False,False,False,True,False,False,False,False,False,False,False,False,True,False,False,False,False,False,True,True,False,False,False,False,False,False,False,False,True,False,False,False,False,True,False,True,False,False,False,False,False,False,True,False,True,False,False,False,False,False,True,False,False,False,False,False,False,False,False,False,False,True,False,False,False,False,True,False,True,False,False,True,False,False,False,True,True,False,False,False,False,False,False,False,False,False,False,True,False,False,False,True,False,0.7176966292134832,0.9151178201585911,-0.02626262626262843,0.6409574468085106,0.24999999999999994,2025.0404040404042,False,False,False,False,False,False,True,False,False,True
0.961512027491409,0.3,0.22340425531914887,0.23811676082862526,0.5,0.6666666666666667,0.15151515151515227,0.6666666666666643,0.0,0.16306361951822113,0.0,0.41661790520772385,0.4011695906432749,0.4622279129321382,0.33209785025945143,0.0,0.5477528089887641,0.0,0.0,0.5,1.0,0.6666666666666667,0.0,0.5714285714285714,0.5,0.11458333333333215,0.0,0.07446808510638295,0.36386138613861385,0.09876543209876543,0.0,0.0,0.0,0.0,0.0,0.8181818181818182,0.75,0.26706896551724135,False,False,True,False,True,True,False,False,False,True,False,False,True,False,False,False,False,True,False,False,False,False,False,False,False,False,False,False,False,False,False,False,False,False,False,False,False,True,False,False,False,False,False,False,False,True,False,False,False,False,False,False,False,True,False,False,False,False,False,False,False,False,False,False,False,False,False,False,False,False,True,False,False,False,False,True,False,False,False,False,False,False,False,False,False,False,False,False,False,False,False,False,False,False,False,True,False,False,False,False,False,False,False,False,False,False,False,False,False,False,True,False,True,False,False,False,True,False,False,False,True,False,False,False,False,False,False,False,False,True,False,False,False,True,False,False,True,False,True,False,False,False,False,False,False,False,False,False,False,True,True,False,False,False,False,False,False,False,False,True,False,False,False,False,True,False,True,False,False,False,False,False,False,True,False,True,False,False,False,False,False,False,False,True,False,False,False,True,True,False,False,False,False,False,False,False,False,True,False,True,False,False,True,False,True,False,False,True,False,False,False,False,False,False,False,False,False,False,True,False,False,False,True,False,0.27387640449438205,0.8633975035754131,0.515151515151512,0.0,0.33333333333333337,2025.8484848484848,False,False,False,False,False,True,False,False,False,False
0.9628865979381444,0.39999999999999997,0.34042553191489355,0.3318267419962335,0.5,0.33333333333333326,0.9494949494949516,0.8999999999999986,0.0,0.46880790611488576,0.0,0.046811000585137506,0.32105263157894737,0.27272727272727276,0.5404002965159377,0.0,0.5407303370786517,0.5,0.0,0.5,1.0,0.6666666666666667,0.0,0.7142857142857142,0.5,0.9375,0.5,0.3164893617021277,0.24752475247524752,0.4629629629629629,0.0,0.0,0.0,0.0,0.0,0.2727272727272727,0.5,0.45862068965517244,False,False,True,False,True,True,False,False,False,False,False,False,True,False,False,False,False,True,False,False,False,False,False,False,False,False,False,True,False,False,False,False,False,False,False,False,False,False,False,False,False,False,False,False,False,True,False,False,False,False,False,False,False,True,False,False,False,False,False,False,False,False,False,False,False,False,False,True,False,False,True,False,False,False,False,True,False,False,False,False,False,False,False,False,False,False,False,False,False,False,False,False,False,True,False,False,False,False,False,False,False,False,False,False,False,False,False,False,True,False,False,False,True,False,False,False,True,False,False,False,True,False,True,False,False,False,False,False,False,True,False,False,False,True,False,False,True,False,False,True,False,False,False,False,False,False,False,False,False,True,True,False,False,False,False,False,False,False,False,True,False,False,False,False,True,False,False,True,False,False,False,False,False,True,False,False,False,False,True,True,False,False,False,False,False,False,False,False,False,False,False,False,True,False,False,False,False,True,False,True,False,False,True,False,False,False,True,True,False,False,False,False,False,False,False,False,False,False,True,False,False,False,True,False,0.27036516853932585,0.5937799043062202,-0.04949494949495303,0.15824468085106386,0.16666666666666663,2025.050505050505,False,False,False,False,False,True,False,False,False,False
0.9635738831615122,0.0,0.36170212765957444,0.2826365348399247,0.625,0.33333333333333326,0.9696969696969688,0.93333333333333,0.0,0.0,0.0,0.7524868344060854,0.5824561403508772,0.5480153649167734,0.0,0.0,0.40074906367041196,0.0,0.0,0.5,0.0,0.3333333333333333,0.0,0.42857142857142855,0.5,0.9583333333333321,0.5,0.6675531914893617,0.4158415841584158,0.3395061728395061,0.0,0.0,0.0,0.0,0.0,0.5454545454545454,0.0,0.4616517241379311,False,False,True,False,True,True,False,False,False,True,False,False,True,False,False,False,False,True,False,False,False,False,False,False,True,False,False,False,False,False,False,False,False,False,False,False,False,False,False,False,False,False,False,False,False,True,False,False,False,False,False,False,False,True,False,False,False,False,False,False,False,False,False,False,True,False,False,False,False,False,True,False,False,False,False,True,False,False,False,False,False,False,False,False,False,False,False,False,False,False,False,False,False,True,False,False,False,False,False,False,False,False,False,False,False,False,False,False,True,False,False,False,True,False,False,True,False,False,False,False,True,False,True,False,False,False,False,True,False,False,True,False,False,False,False,False,False,False,False,False,False,False,False,True,False,False,False,False,False,True,True,False,False,False,False,False,False,False,False,True,False,False,False,False,True,False,True,False,False,False,False,False,False,True,False,True,False,False,False,True,False,False,False,False,False,False,True,False,False,False,False,False,True,False,False,False,False,True,False,True,False,False,True,False,False,False,True,True,False,False,False,False,False,False,False,False,True,False,False,False,False,False,False,True,0.25046816479400746,1.1304715052676506,-0.03636363636363882,0.3337765957446808,0.2083333333333333,2025.030303030303,False,False,False,False,True,False,False,False,False,False
0.9642611683848799,0.0,0.2021276595744681,0.9224858757062148,0.75,0.33333333333333326,0.9797979797979792,0.9500000000000028,0.19858156028368795,0.573810994441013,0.0,0.3253364540667057,0.6988304093567252,0.6568501920614596,0.0,0.0,0.4803370786516854,0.5,0.0,0.5,0.0,0.6666666666666667,0.0,0.42857142857142855,0.0,0.96875,1.0,0.7898936170212766,0.4158415841584158,0.9876543209876543,0.0,0.0,0.0,0.0,0.0,0.6363636363636364,0.25,0.768696551724138,False,False,True,False,True,True,False,False,False,False,False,False,True,False,True,False,False,False,False,False,False,False,False,False,False,False,False,False,False,False,False,False,False,False,False,False,False,False,False,False,True,False,False,False,False,False,False,False,False,True,False,False,False,True,False,False,False,False,False,False,False,False,False,False,True,False,False,False,False,False,True,False,False,False,False,True,False,False,False,False,False,False,False,False,False,False,False,False,False,False,False,False,False,True,False,False,False,False,False,False,False,False,False,False,False,False,False,False,True,False,False,False,False,True,False,True,False,False,False,False,True,False,True,False,False,False,False,True,False,False,False,False,False,True,True,False,False,False,False,True,False,False,False,False,False,False,False,False,False,True,True,False,False,False,False,False,False,False,False,True,False,False,False,False,True,False,True,False,False,False,False,False,False,True,False,False,True,False,False,True,False,False,False,False,False,False,False,True,False,False,False,False,True,False,False,False,False,True,False,True,False,False,True,False,False,False,True,True,False,False,False,False,False,False,False,False,False,False,True,False,False,False,True,False,0.36025280898876405,1.3556806014181848,-0.02979797979797638,0.7898936170212766,0.24999999999999994,2025.020202020202,False,False,False,False,False,True,False,False,False,True
0.9663230240549829,0.6499999999999999,0.42553191489361697,0.40941619585687383,0.375,0.9999999999999998,0.6262626262626263,0.9500000000000028,0.0,0.4051883878937616,0.0,0.06553540081919251,0.2795321637426901,0.2112676056338028,0.0,0.0,0.1544943820224719,0.5,0.0,0.0,0.0,0.3333333333333333,0.0,0.28571428571428564,0.0,0.7708333333333321,0.5,0.31382978723404253,0.14356435643564355,0.0,0.0,0.0,0.0,0.0,0.0,0.1818181818181818,0.75,0.25172413793103443,False,False,True,False,True,True,False,False,False,True,False,False,True,False,False,False,False,False,False,False,False,False,False,False,True,False,False,False,False,False,False,False,False,False,False,False,False,False,False,False,False,False,False,False,False,True,False,False,False,False,False,False,False,True,False,False,False,False,False,False,False,False,False,False,False,False,False,False,True,False,True,False,False,False,False,True,False,False,False,False,False,False,False,False,False,False,False,True,False,False,False,False,False,False,False,False,False,False,False,False,False,False,False,False,False,False,False,False,False,False,True,False,True,False,False,False,True,False,False,False,True,True,False,False,False,False,False,True,False,False,False,False,False,True,False,False,False,False,False,True,False,False,False,False,False,False,False,False,False,True,True,False,False,False,False,False,False,False,True,True,False,False,False,False,True,False,False,True,False,False,False,False,False,True,False,False,True,False,False,False,False,False,False,True,False,False,False,True,False,False,False,False,True,False,False,False,False,True,False,True,False,False,True,False,True,False,False,True,False,False,False,False,False,False,False,False,False,False,True,False,False,False,True,False,0.05793539325842696,0.4907997693764929,0.32373737373737654,0.15691489361702127,0.3749999999999999,2025.3737373737374,False,False,False,False,False,False,False,True,False,False
0.9690721649484537,0.39999999999999997,0.5212765957446808,0.7088512241054614,0.625,0.33333333333333326,0.9191919191919204,0.8500000000000014,0.0,0.41136504014823966,0.0,0.16266822703335285,0.3824561403508772,0.32394366197183094,0.6641957005189029,0.0,0.6563670411985019,0.5,0.0,0.5,1.0,0.6666666666666667,0.0,0.42857142857142855,0.0,0.90625,0.5,0.6143617021276596,0.0,0.2777777777777778,0.0,0.0,0.0,0.0,0.0,0.4545454545454545,0.75,0.5862068965517241,False,False,True,False,True,True,False,False,False,True,False,False,True,False,False,False,False,True,False,False,False,False,False,False,True,False,False,False,False,False,False,False,False,False,False,False,False,False,False,False,False,False,False,False,False,True,False,False,False,False,False,False,False,True,False,False,False,False,False,False,False,False,False,False,False,False,False,True,False,False,True,False,False,False,False,True,False,False,False,False,False,False,False,False,False,False,False,False,False,False,False,False,False,True,False,False,False,False,False,False,False,False,False,False,False,False,False,False,True,False,False,False,True,False,False,True,False,False,False,False,True,False,True,False,False,False,False,True,False,False,False,False,False,True,False,False,True,False,False,True,False,False,False,False,False,False,False,False,False,True,True,False,False,False,False,False,False,False,False,True,False,False,False,False,True,False,True,False,False,False,False,False,False,True,False,False,True,False,False,True,False,False,False,False,False,False,True,False,False,False,False,False,True,False,False,False,False,True,False,True,False,False,True,False,False,False,True,True,False,False,False,False,False,False,False,False,False,False,True,False,False,False,True,False,0.41022940074906367,0.7063998023227082,-0.06919191919191903,0.3071808510638298,0.2083333333333333,2025.080808080808,False,False,False,False,False,False,True,False,False,True
0.9711340206185568,0.0,0.6170212765957447,0.6014312617702449,0.75,0.33333333333333326,0.9595959595959584,0.93333333333333,0.8652482269503546,0.60284126003706,0.0,0.507899356348742,0.9087719298245616,0.9001280409731114,0.0,0.0,0.6582397003745318,0.5,0.0,0.5,0.0,0.3333333333333333,0.0,0.5714285714285714,0.5,0.9479166666666643,0.5,0.6117021276595744,0.40841584158415845,0.2716049382716049,0.0,0.0,0.0,0.0,0.0,0.7272727272727273,0.75,0.6793103448275862,False,False,True,False,True,True,False,False,False,False,False,False,True,False,False,False,False,False,False,False,False,False,False,False,False,False,False,False,False,False,False,False,False,False,False,False,False,False,False,True,False,False,False,False,False,True,False,False,False,False,False,False,False,True,False,False,False,False,False,False,False,False,False,False,True,False,False,False,False,False,True,False,False,False,False,True,False,False,False,False,False,False,False,False,False,False,False,False,False,False,False,False,False,True,False,False,False,False,False,False,False,False,False,False,False,False,False,False,True,False,False,False,False,True,False,True,False,False,False,False,True,False,True,False,False,False,False,True,False,False,True,False,False,False,False,False,True,False,False,True,False,False,False,False,False,False,False,False,False,True,True,False,False,False,False,False,False,False,False,True,False,False,False,False,True,False,True,False,False,False,False,False,False,True,False,True,False,False,False,True,False,False,False,False,False,False,False,False,False,False,False,False,True,False,False,False,False,True,False,True,False,False,True,False,False,False,True,True,False,False,False,False,False,False,False,False,False,False,False,False,False,False,False,False,0.4936797752808989,1.808899970797673,-0.02626262626262843,0.3058510638297872,0.24999999999999994,2025.0404040404042,False,False,False,False,False,False,True,False,False,True
0.9773195876288661,1.0,0.07446808510638298,0.10734463276836159,0.5,0.33333333333333326,0.9393939393939412,0.8833333333333329,0.4018912529550827,0.4237183446571958,0.0,0.09479227618490345,0.3263157894736842,0.2624839948783611,0.0,0.0,0.19194756554307119,0.5,0.0,0.0,0.0,0.0,0.0,0.0,0.0,0.9270833333333321,0.5,0.3457446808510638,0.34653465346534656,0.0,0.0,0.0,0.0,0.0,0.0,0.1818181818181818,0.5,0.2637931034482759,False,False,False,True,True,True,False,False,False,True,False,False,True,False,False,False,False,True,False,False,False,False,False,False,True,False,False,False,False,False,False,False,False,False,False,False,False,False,False,False,False,False,False,False,False,True,False,False,False,False,False,False,False,True,False,False,False,False,False,False,False,False,True,False,True,False,False,False,False,False,True,False,False,False,False,True,False,False,False,False,False,False,False,False,False,False,False,False,False,False,False,False,False,True,False,False,False,False,False,False,False,False,False,False,False,False,False,False,True,False,False,True,False,False,False,True,False,False,False,False,True,False,True,False,False,False,False,True,False,False,False,False,False,True,False,False,False,False,False,True,False,False,False,False,False,False,False,False,False,True,True,False,False,False,False,False,False,False,False,True,False,False,False,False,True,False,True,False,False,False,False,False,False,True,False,False,True,False,False,True,False,False,False,False,False,False,False,False,False,False,False,False,True,False,False,False,False,True,False,True,False,False,True,False,False,False,True,True,False,False,False,False,False,False,False,False,False,False,True,False,False,False,True,False,0.09597378277153559,0.5887997843520454,-0.056060606060608364,0.1728723404255319,0.16666666666666663,2025.060606060606,False,False,False,False,False,False,False,False,False,False
0.9793814432989691,0.0,0.5319148936170213,0.5808662900188324,0.5,0.6666666666666667,0.4949494949494948,0.14999999999999858,0.5744680851063829,0.0,0.0,0.7325921591574021,0.5625730994152047,0.5211267605633803,0.0,0.0,0.38108614232209737,0.0,0.0,0.0,0.0,0.6666666666666667,0.0,0.5714285714285714,0.0,0.4791666666666643,0.5,0.4893617021276596,0.0,0.24074074074074073,0.0,0.0,0.0,0.0,0.0,0.8181818181818182,0.5,0.2827586206896552,False,False,True,False,True,True,False,False,False,False,False,False,True,False,False,False,False,True,False,False,False,False,False,False,False,False,False,False,False,False,False,True,False,False,False,False,False,False,False,False,False,False,False,False,False,True,False,False,False,False,False,False,False,True,False,False,False,False,False,False,False,False,False,False,True,False,False,False,False,False,False,False,True,False,False,True,False,False,False,False,False,False,False,False,False,False,False,True,False,False,False,False,False,False,False,False,False,False,False,False,False,True,False,False,False,False,False,False,False,False,False,False,False,True,False,True,False,False,False,False,True,True,False,False,False,False,False,False,False,True,False,False,False,True,False,False,True,False,False,False,False,False,False,True,False,False,False,False,False,True,True,False,False,False,False,False,False,False,False,True,False,False,False,False,True,False,True,False,False,False,False,False,False,True,False,False,True,False,False,False,False,False,False,True,False,False,False,True,False,False,False,False,True,False,False,False,False,True,False,True,False,False,True,False,False,False,True,True,False,False,False,False,False,False,False,False,False,False,True,False,False,False,True,False,0.19054307116104868,1.083699859978585,-0.3449494949494962,0.2446808510638298,0.33333333333333337,2025.5050505050506,False,False,False,False,True,False,False,False,False,True
0.9807560137457045,0.3,0.3191489361702128,0.5966101694915255,0.375,0.6666666666666667,0.3535353535353529,0.0,0.0,0.35824583075972827,0.0,0.19485078993563487,0.364327485380117,0.3905249679897567,0.37805782060785764,0.0,0.5243445692883896,0.5,0.0,0.0,1.0,0.6666666666666667,0.0,0.42857142857142855,0.5,0.5,0.0,0.1702127659574468,0.0,0.0,0.0,0.0,0.0,0.0,0.0,0.2727272727272727,0.5,0.27586206896551724,False,False,True,False,True,False,False,False,False,True,False,False,False,False,False,False,False,True,False,False,False,False,False,False,False,False,False,False,False,False,False,True,False,False,False,False,False,False,False,False,False,False,False,False,False,False,False,False,False,False,False,False,False,True,False,False,False,False,False,False,False,False,False,False,False,False,False,False,False,False,True,False,False,False,False,True,False,False,False,False,False,False,False,False,False,False,False,False,False,True,False,False,False,False,False,False,False,False,False,False,False,False,False,True,False,False,False,False,False,False,False,False,True,False,False,False,True,False,False,False,True,True,False,False,False,False,False,False,False,True,False,False,False,True,False,False,True,False,True,False,False,False,False,False,False,False,False,False,False,True,True,False,False,False,False,False,False,False,True,True,False,False,False,False,False,False,False,True,False,False,False,False,False,True,False,False,False,False,True,True,False,False,False,False,False,False,False,True,False,False,False,False,True,False,False,False,False,True,False,True,False,False,True,False,False,False,True,True,False,False,False,False,False,False,False,False,False,False,True,False,False,False,True,False,0.1966292134831461,0.7548524533698737,-0.3535353535353529,0.0,0.25,2025.6464646464647,False,False,False,False,False,True,False,False,False,True
0.984192439862543,0.09999999999999998,0.3191489361702128,0.5868173258003766,0.25,0.6666666666666667,0.17171717171717304,0.9500000000000028,0.0,0.0,0.0,0.3838502047981276,0.21403508771929824,0.33930857874519843,0.0,0.0,0.24812734082397003,0.0,0.0,0.5,0.0,1.0,0.0,0.28571428571428564,0.0,0.14583333333333215,0.0,0.07446808510638295,0.0,0.0,0.0,0.0,0.0,0.0,0.0,0.6363636363636364,0.25,0.015517241379310348,False,False,True,False,True,False,False,False,False,True,False,False,True,False,False,False,False,True,False,False,False,False,False,False,False,False,False,False,False,False,False,False,False,False,False,False,True,False,False,False,False,False,False,False,False,True,False,False,False,False,False,False,False,True,False,False,False,False,False,False,False,False,False,False,True,False,False,False,False,False,True,False,False,False,False,True,False,False,False,False,False,False,False,False,False,False,False,False,False,False,False,False,False,False,True,False,False,False,False,False,False,False,False,False,False,False,False,False,False,True,False,False,True,False,False,False,True,False,False,False,True,False,False,False,False,False,False,False,False,True,False,False,False,True,False,False,True,False,False,False,False,False,False,True,False,False,False,False,False,True,True,False,False,False,False,False,False,False,True,True,False,False,False,False,True,False,False,True,False,False,False,False,False,True,False,False,True,False,False,False,False,False,False,True,False,False,False,True,True,False,False,False,False,True,False,False,False,False,False,True,False,False,True,False,False,False,True,True,False,False,False,False,False,False,False,False,False,False,True,False,False,False,True,False,0.06203183520599251,0.5533436664644966,0.7782828282828298,0.0,0.16666666666666669,2025.828282828283,False,False,False,False,False,False,False,False,False,True
0.9848797250859107,0.39999999999999997,0.6702127659574467,0.5462146892655367,0.5,0.33333333333333326,0.9090909090909101,0.8333333333333357,0.75177304964539,0.0,0.0,0.5476887068461088,0.3777777777777778,0.3354673495518566,0.6152705707931801,0.0,0.6338951310861424,0.5,0.0,0.5,1.0,0.6666666666666667,0.0,0.7142857142857142,0.5,0.8958333333333321,0.5,0.38696808510638303,0.0,0.0,0.0,0.0,0.0,0.0,0.0,0.36363636363636365,0.5,0.4362068965517242,False,False,True,False,True,True,False,False,False,False,False,False,True,False,False,False,False,True,False,False,False,False,False,False,False,False,False,True,False,False,False,False,False,False,False,False,False,False,False,False,False,False,False,False,False,True,False,False,False,False,False,False,False,True,False,False,False,False,False,False,False,False,False,False,False,False,False,True,False,False,True,False,False,False,False,True,False,False,False,False,False,False,False,False,False,False,False,False,False,False,False,False,False,True,False,False,False,False,False,False,False,False,False,False,False,False,False,False,True,False,False,True,False,False,False,False,True,False,False,False,True,False,True,False,False,False,False,True,False,False,False,False,False,True,False,False,True,False,False,False,False,False,False,True,False,False,False,False,False,True,True,False,False,False,False,False,False,False,False,True,False,False,False,False,True,False,False,True,False,False,False,False,False,True,False,False,False,False,True,True,False,False,False,False,False,False,False,False,False,False,False,False,True,False,False,False,False,True,False,True,False,False,True,False,False,False,True,True,False,False,False,False,False,False,False,False,False,False,True,False,False,False,True,False,0.3169475655430712,0.7132451273296344,-0.07575757575757436,0.19348404255319152,0.16666666666666663,2025.090909090909,False,False,False,False,False,False,True,False,True,False
0.9869415807560138,0.0,0.3191489361702128,0.4512241054613936,0.25,0.6666666666666667,0.6161616161616159,0.3500000000000014,0.0,0.38048177887584933,0.0,0.14511410181392628,0.33567251461988307,0.27272727272727276,0.0,0.0,0.199438202247191,0.0,0.0,0.0,0.0,0.6666666666666667,0.0,0.28571428571428564,0.0,0.625,0.5,0.4893617021276596,0.0,0.0,0.0,0.0,0.0,0.0,0.0,0.36363636363636365,0.25,0.20862068965517241,False,False,True,False,True,True,False,False,False,True,False,False,True,False,False,True,False,False,False,False,False,False,False,False,False,False,False,False,False,False,False,True,False,False,False,False,False,False,False,False,False,False,False,False,False,True,False,False,False,False,False,False,False,True,False,False,False,False,False,False,False,False,False,False,True,False,False,False,False,False,True,False,False,False,False,True,False,False,False,False,False,False,False,False,False,False,False,True,False,False,False,False,False,False,False,False,False,False,False,False,False,True,False,False,False,False,False,False,False,False,False,False,True,False,False,False,True,False,False,False,True,False,True,False,False,False,False,False,False,True,False,False,False,True,False,False,True,False,False,False,False,False,False,False,False,False,False,False,False,True,True,False,False,False,False,False,False,False,True,True,False,False,False,False,True,False,False,True,False,False,False,False,False,True,False,False,True,False,False,False,False,False,False,True,False,False,False,True,False,False,False,False,True,False,False,False,False,True,False,True,False,False,True,True,False,False,False,True,False,False,False,False,False,False,False,False,False,False,True,False,False,False,True,False,0.04985955056179775,0.6083997873471558,-0.2661616161616145,0.2446808510638298,0.16666666666666669,2025.3838383838383,False,False,False,False,False,False,False,True,False,False
0.99106529209622,0.39999999999999997,0.5851063829787234,0.6021092278719398,1.0,0.33333333333333326,0.9898989898989896,0.9666666666666686,0.37825059101654845,0.4725138974675726,0.0,0.14745465184318315,0.4251461988304093,0.3764404609475032,0.7272053372868792,0.0,0.7345505617977528,0.5,0.0,0.5,1.0,0.6666666666666667,0.0,0.9999999999999998,0.5,0.9791666666666643,1.0,0.8670212765957447,0.4158415841584158,0.32098765432098764,0.0,0.0,0.0,0.0,0.0,0.2727272727272727,0.75,0.8620689655172413,True,False,False,False,True,True,False,False,False,True,False,False,True,False,False,False,False,True,False,False,False,False,False,False,False,False,False,False,False,False,False,False,False,False,False,False,False,False,False,False,True,False,False,False,False,True,False,False,False,False,False,False,False,True,False,False,False,False,False,False,False,False,False,False,False,False,False,True,False,False,True,False,False,False,False,True,False,False,False,False,False,False,False,False,False,False,False,False,False,False,False,False,False,True,False,False,False,False,False,False,False,False,False,False,False,False,False,False,True,False,False,False,False,True,False,False,False,False,False,False,True,False,True,False,False,False,False,False,False,False,False,False,False,True,False,False,False,False,False,True,False,False,False,False,False,False,False,False,False,True,True,False,False,False,False,False,False,False,False,True,False,False,False,False,True,False,False,False,False,False,False,False,False,True,False,False,False,False,False,True,False,False,False,False,False,False,False,False,False,False,False,False,True,False,False,False,False,True,False,True,False,False,True,False,False,False,True,True,False,False,False,False,False,False,False,False,False,False,True,False,False,False,True,False,0.7345505617977528,0.8015866597779125,-0.02323232323232105,0.8670212765957447,0.33333333333333326,2025.010101010101,False,False,False,False,False,False,True,False,False,True
0.9924398625429554,0.0,0.35106382978723405,0.41355932203389834,0.625,0.33333333333333326,0.9494949494949516,0.8999999999999986,0.25059101654846333,0.0,0.0,0.8320655354008192,0.6619883040935672,0.6299615877080667,0.0,0.0,0.4606741573033708,0.0,0.0,0.5,0.0,0.6666666666666667,0.0,0.5714285714285714,0.0,0.9375,0.5,0.6196808510638298,0.4752475247524752,0.37037037037037035,0.0,0.0,0.0,0.0,0.0,0.9090909090909091,0.25,0.4124137931034483,False,False,True,False,True,True,False,False,False,True,False,False,True,False,False,True,False,False,False,False,False,False,False,False,True,False,False,False,False,False,False,False,False,False,False,False,False,False,False,False,False,False,False,False,False,True,False,False,False,False,False,False,False,True,False,False,False,False,False,False,False,False,False,False,True,False,False,False,False,False,True,False,False,False,False,True,False,False,False,False,False,False,False,False,False,False,False,False,False,False,False,False,False,True,False,False,False,False,False,False,False,False,False,False,False,False,False,False,True,False,False,True,False,False,False,True,False,False,False,False,True,False,True,False,False,False,False,True,False,False,False,False,False,True,False,False,False,False,False,False,False,False,False,True,False,False,False,False,False,True,True,False,False,False,False,False,False,False,False,True,False,False,False,False,True,False,True,False,False,False,False,False,False,True,False,False,True,False,False,True,False,False,False,False,False,False,True,False,False,False,False,False,True,False,False,False,False,True,False,True,False,False,True,False,False,False,True,True,False,False,False,False,False,False,False,False,False,False,True,False,False,False,True,False,0.28792134831460675,1.2919498918016339,-0.04949494949495303,0.3098404255319149,0.2083333333333333,2025.050505050505,False,False,False,False,True,False,False,True,False,False
0.9951890034364262,0.3,0.42553191489361697,0.6596610169491526,0.25,0.9999999999999998,0.0,0.8333333333333357,0.0,0.0,0.0,0.32767700409596257,0.15789473684210525,0.22919334186939816,0.407709414381023,0.0,0.42509363295880154,0.0,0.0,0.0,1.0,0.3333333333333333,0.0,0.42857142857142855,0.0,0.375,0.0,0.2978723404255319,0.4158415841584158,0.14814814814814814,0.0,0.0,0.0,0.0,0.0,0.36363636363636365,0.25,0.1793103448275862,False,False,True,False,True,True,False,False,False,True,False,False,True,False,False,False,False,True,False,False,False,False,False,False,False,False,True,False,False,False,False,False,False,False,False,False,False,False,False,False,False,False,False,False,False,True,False,False,False,False,False,False,False,True,False,False,False,False,False,False,False,False,False,False,False,False,False,True,False,False,True,False,False,False,False,True,False,False,False,False,False,False,False,False,False,False,False,False,False,True,False,False,False,False,False,False,False,False,False,False,False,True,False,False,False,False,False,False,False,False,False,False,True,False,False,False,True,False,False,False,True,True,False,False,False,False,True,False,False,False,False,False,False,True,False,False,True,False,False,False,False,False,False,True,False,False,False,False,False,True,True,False,False,False,False,False,True,False,False,False,False,False,False,False,True,False,False,True,False,False,True,False,False,False,False,False,True,False,False,False,False,False,False,True,False,False,False,True,True,False,False,False,False,False,False,False,False,True,False,True,False,False,True,True,False,False,False,True,False,False,False,False,False,False,False,False,False,False,True,False,False,False,True,False,0.10627340823970038,0.3870880787115034,0.8333333333333357,0.0,0.24999999999999994,2026.0,False,False,False,False,True,False,False,False,False,True
0.9972508591065293,0.0,0.5106382978723404,0.4709604519774011,0.75,0.33333333333333326,0.9898989898989896,0.9833333333333343,0.458628841607565,0.0,0.0,0.9204212990052663,0.7502923976608187,0.7298335467349553,0.0,0.0,0.5337078651685393,0.0,0.0,0.5,0.0,0.6666666666666667,0.0,0.5714285714285714,0.5,0.9791666666666643,1.0,0.9042553191489361,0.0,0.2222222222222222,0.0,0.0,0.0,0.0,0.0,0.36363636363636365,0.75,0.7830689655172414,False,False,True,False,True,True,False,False,False,True,False,False,True,False,False,False,False,True,False,False,False,False,False,False,False,False,False,False,False,False,False,False,False,False,False,False,False,False,False,False,True,False,False,False,False,True,False,False,False,False,False,False,False,True,False,False,False,False,False,False,False,False,False,False,True,False,False,False,False,False,True,False,False,False,False,True,False,False,False,False,False,False,False,False,False,False,True,False,False,False,False,False,False,False,False,False,False,False,False,False,True,False,False,False,False,False,False,False,False,False,False,False,False,True,False,True,False,False,False,False,True,False,True,False,False,False,False,True,False,False,False,False,False,True,False,False,True,False,False,False,False,False,False,True,False,False,False,False,False,True,True,False,False,False,False,False,False,False,False,True,False,False,False,False,True,False,False,False,False,False,False,False,False,True,False,True,False,False,False,True,False,False,False,False,False,False,False,False,False,False,False,False,True,False,False,False,False,True,False,True,False,False,True,False,False,False,True,True,False,False,False,False,False,False,False,False,True,False,False,False,False,False,False,True,0.4002808988764045,1.480125944395774,-0.006565656565655331,0.9042553191489361,0.24999999999999994,2025.010101010101,False,False,False,False,False,True,False,False,True,False
0.9993127147766323,0.0,0.34042553191489355,0.33822975517890774,0.625,0.33333333333333326,0.9494949494949516,0.9166666666666643,0.0,0.253242742433601,0.0,0.4745465184318315,0.5444444444444445,0.5012804097311139,0.0,0.0,0.3665730337078652,0.5,0.0,0.5,0.0,0.3333333333333333,0.0,0.42857142857142855,0.0,0.9375,0.5,0.3191489361702128,0.0,0.6975308641975309,0.0,0.0,0.0,0.0,0.0,0.8181818181818182,0.75,0.43103448275862066,True,False,False,False,True,False,True,False,False,True,False,False,True,False,False,False,False,True,False,False,False,False,False,False,False,False,False,False,False,False,False,False,False,False,False,False,False,False,False,False,True,False,False,False,False,True,False,False,False,False,False,False,False,True,False,False,False,False,False,False,False,False,False,False,True,False,False,False,False,False,True,False,False,False,False,True,False,False,False,False,False,False,False,False,False,False,False,False,False,False,False,False,False,True,False,False,False,False,False,False,False,False,False,False,False,False,False,False,True,False,False,False,True,False,False,True,False,False,False,False,True,False,True,False,False,False,False,True,False,False,False,False,False,True,False,False,True,False,False,True,False,False,False,False,False,False,False,False,False,True,True,False,False,False,False,False,False,False,False,True,False,False,False,False,True,False,True,False,False,False,False,False,False,True,False,False,True,False,False,True,False,False,False,False,False,False,True,False,False,False,False,False,True,False,False,False,False,True,False,True,False,False,True,False,False,False,True,True,False,False,False,False,False,False,False,False,False,False,True,False,False,False,True,False,0.22910814606741575,1.0457248541755584,-0.032828282828287314,0.1595744680851064,0.2083333333333333,2025.050505050505,False,False,False,False,True,False,False,False,False,False
1.0,0.39999999999999997,0.34042553191489355,0.3696421845574388,0.5,0.33333333333333326,0.8989898989898997,0.8333333333333357,0.0,0.0,0.0,0.5576360444704506,0.3877192982456141,0.3297055057618438,0.514455151964418,0.0,0.5660112359550562,0.0,0.0,0.5,1.0,0.6666666666666667,0.0,0.5714285714285714,0.5,0.8854166666666643,0.5,0.39893617021276595,0.0,0.24691358024691357,0.0,0.0,0.0,0.0,0.0,0.6363636363636364,0.25,0.39655172413793105,False,False,True,False,True,True,False,False,False,True,False,False,True,False,False,False,False,True,False,False,False,False,False,False,False,False,False,True,False,False,False,False,False,False,False,False,False,False,False,False,False,False,False,False,False,True,False,False,False,False,False,False,False,True,False,False,False,False,False,False,False,False,False,False,False,False,False,True,False,False,True,False,False,False,False,True,False,False,False,False,False,False,False,False,False,False,False,False,False,False,False,False,False,True,False,False,False,False,False,False,False,False,False,False,False,False,False,False,True,False,False,False,True,False,False,False,True,False,False,False,True,False,True,False,False,False,False,True,False,False,False,False,False,True,False,False,True,False,False,False,False,False,False,True,False,False,False,False,False,True,True,False,False,False,False,False,False,False,False,True,False,False,False,False,True,False,False,True,False,False,False,False,False,True,False,False,False,False,True,True,False,False,False,False,False,False,True,False,False,False,False,False,True,False,False,False,False,True,False,True,False,False,True,False,False,False,True,True,False,False,False,False,False,False,False,False,False,False,True,False,False,False,True,False,0.2830056179775281,0.7174248040074579,-0.06565656565656397,0.19946808510638298,0.16666666666666663,2025.1010101010102,False,False,False,False,False,True,False,True,False,False
